Pais;lat;lon;Date;Ano;Mes;MedPr;MedT
Brazil;-27.606.930;-48.509.374;jan/01;1901;jan;237.07;25.35
Brazil;-27.606.931;-48.509.375;fev/01;1901;feb;224.39;25.52
Brazil;-27.606.932;-48.509.376;mar/01;1901;mar;240.41;25.36
Brazil;-27.606.933;-48.509.377;abr/01;1901;apr;179.01;24.73
Brazil;-27.606.934;-48.509.378;mai/01;1901;may;126.6;24.29
Brazil;-27.606.935;-48.509.379;jun/01;1901;jun;79.95;23.43
Brazil;-27.606.936;-48.509.380;jul/01;1901;jul;71.45;23.72
Brazil;-27.606.937;-48.509.381;ago/01;1901;aug;57.78;24.46
Brazil;-27.606.938;-48.509.382;set/01;1901;sep;77.85;25.36
Brazil;-27.606.939;-48.509.383;out/01;1901;oct;118.7;25.94
Brazil;-27.606.940;-48.509.384;nov/01;1901;nov;151.35;25.47
Brazil;-27.606.941;-48.509.385;dez/01;1901;dec;213.26;25.34
Brazil;-27.606.942;-48.509.386;jan/02;1902;jan;219.04;25.35
Brazil;-27.606.943;-48.509.387;fev/02;1902;feb;216.91;25.7
Brazil;-27.606.944;-48.509.388;mar/02;1902;mar;240.4;25.37
Brazil;-27.606.945;-48.509.389;abr/02;1902;apr;177.08;25.16
Brazil;-27.606.946;-48.509.390;mai/02;1902;may;125.66;24.63
Brazil;-27.606.947;-48.509.391;jun/02;1902;jun;80.39;24.09
Brazil;-27.606.948;-48.509.392;jul/02;1902;jul;63.5;23.84
Brazil;-27.606.949;-48.509.393;ago/02;1902;aug;65.29;23.72
Brazil;-27.606.950;-48.509.394;set/02;1902;sep;77.61;25.35
Brazil;-27.606.951;-48.509.395;out/02;1902;oct;127.22;25.58
Brazil;-27.606.952;-48.509.396;nov/02;1902;nov;159.86;25.94
Brazil;-27.606.953;-48.509.397;dez/02;1902;dec;210.15;25.82
Brazil;-27.606.954;-48.509.398;jan/03;1903;jan;227.39;25.32
Brazil;-27.606.955;-48.509.399;fev/03;1903;feb;215.54;25.62
Brazil;-27.606.956;-48.509.400;mar/03;1903;mar;226.59;25.56
Brazil;-27.606.957;-48.509.401;abr/03;1903;apr;174.08;24.98
Brazil;-27.606.958;-48.509.402;mai/03;1903;may;128.34;24.05
Brazil;-27.606.959;-48.509.403;jun/03;1903;jun;79.52;23.82
Brazil;-27.606.960;-48.509.404;jul/03;1903;jul;63.11;23.53
Brazil;-27.606.961;-48.509.405;ago/03;1903;aug;55.74;24.04
Brazil;-27.606.962;-48.509.406;set/03;1903;sep;76.67;25.11
Brazil;-27.606.963;-48.509.407;out/03;1903;oct;127.76;25.37
Brazil;-27.606.964;-48.509.408;nov/03;1903;nov;152.65;25.35
Brazil;-27.606.965;-48.509.409;dez/03;1903;dec;205.67;25.67
Brazil;-27.606.966;-48.509.410;jan/04;1904;jan;232.15;25.14
Brazil;-27.606.967;-48.509.411;fev/04;1904;feb;214.7;25.27
Brazil;-27.606.968;-48.509.412;mar/04;1904;mar;224.02;25.25
Brazil;-27.606.969;-48.509.413;abr/04;1904;apr;176.25;24.94
Brazil;-27.606.970;-48.509.414;mai/04;1904;may;127.16;23.7
Brazil;-27.606.971;-48.509.415;jun/04;1904;jun;80.68;23.07
Brazil;-27.606.972;-48.509.416;jul/04;1904;jul;65.08;23.45
Brazil;-27.606.973;-48.509.417;ago/04;1904;aug;58.02;23.93
Brazil;-27.606.974;-48.509.418;set/04;1904;sep;77.78;25.08
Brazil;-27.606.975;-48.509.419;out/04;1904;oct;134.14;25.31
Brazil;-27.606.976;-48.509.420;nov/04;1904;nov;150.6;25.49
Brazil;-27.606.977;-48.509.421;dez/04;1904;dec;200.36;25.3
Brazil;-27.606.978;-48.509.422;jan/05;1905;jan;229.37;25.13
Brazil;-27.606.979;-48.509.423;fev/05;1905;feb;216.67;25.33
Brazil;-27.606.980;-48.509.424;mar/05;1905;mar;243.56;24.99
Brazil;-27.606.981;-48.509.425;abr/05;1905;apr;175.88;24.72
Brazil;-27.606.982;-48.509.426;mai/05;1905;may;134.57;24.46
Brazil;-27.606.983;-48.509.427;jun/05;1905;jun;80.39;23.7
Brazil;-27.606.984;-48.509.428;jul/05;1905;jul;66.47;23.28
Brazil;-27.606.985;-48.509.429;ago/05;1905;aug;59.75;24.11
Brazil;-27.606.986;-48.509.430;set/05;1905;sep;80.78;25.07
Brazil;-27.606.987;-48.509.431;out/05;1905;oct;125.4;26.11
Brazil;-27.606.988;-48.509.432;nov/05;1905;nov;154.32;25.55
Brazil;-27.606.989;-48.509.433;dez/05;1905;dec;206.99;25.63
Brazil;-27.606.990;-48.509.434;jan/06;1906;jan;234.54;25.24
Brazil;-27.606.991;-48.509.435;fev/06;1906;feb;216.44;25.3
Brazil;-27.606.992;-48.509.436;mar/06;1906;mar;231.2;25.25
Brazil;-27.606.993;-48.509.437;abr/06;1906;apr;181.98;24.83
Brazil;-27.606.994;-48.509.438;mai/06;1906;may;129.38;24.4
Brazil;-27.606.995;-48.509.439;jun/06;1906;jun;80.99;23.06
Brazil;-27.606.996;-48.509.440;jul/06;1906;jul;61.69;23.45
Brazil;-27.606.997;-48.509.441;ago/06;1906;aug;54.93;24.39
Brazil;-27.606.998;-48.509.442;set/06;1906;sep;75.19;24.92
Brazil;-27.606.999;-48.509.443;out/06;1906;oct;118.21;25.72
Brazil;-27.607.000;-48.509.444;nov/06;1906;nov;146.11;25.73
Brazil;-27.607.001;-48.509.445;dez/06;1906;dec;202.3;25.6
Brazil;-27.607.002;-48.509.446;jan/07;1907;jan;222.71;25.23
Brazil;-27.607.003;-48.509.447;fev/07;1907;feb;211.22;25.35
Brazil;-27.607.004;-48.509.448;mar/07;1907;mar;223.89;25.5
Brazil;-27.607.005;-48.509.449;abr/07;1907;apr;185.82;24.97
Brazil;-27.607.006;-48.509.450;mai/07;1907;may;128.27;23.91
Brazil;-27.607.007;-48.509.451;jun/07;1907;jun;81.16;23.47
Brazil;-27.607.008;-48.509.452;jul/07;1907;jul;66.11;22.85
Brazil;-27.607.009;-48.509.453;ago/07;1907;aug;59.84;23.8
Brazil;-27.607.010;-48.509.454;set/07;1907;sep;78.31;25.2
Brazil;-27.607.011;-48.509.455;out/07;1907;oct;119.08;25.48
Brazil;-27.607.012;-48.509.456;nov/07;1907;nov;159.07;25.65
Brazil;-27.607.013;-48.509.457;dez/07;1907;dec;204.84;25.77
Brazil;-27.607.014;-48.509.458;jan/08;1908;jan;231.59;25.43
Brazil;-27.607.015;-48.509.459;fev/08;1908;feb;214.22;25.62
Brazil;-27.607.016;-48.509.460;mar/08;1908;mar;222.95;25.36
Brazil;-27.607.017;-48.509.461;abr/08;1908;apr;185.47;24.99
Brazil;-27.607.018;-48.509.462;mai/08;1908;may;130.82;24.19
Brazil;-27.607.019;-48.509.463;jun/08;1908;jun;79.83;23.58
Brazil;-27.607.020;-48.509.464;jul/08;1908;jul;64.71;23.76
Brazil;-27.607.021;-48.509.465;ago/08;1908;aug;53.25;23.71
Brazil;-27.607.022;-48.509.466;set/08;1908;sep;74.46;25.3
Brazil;-27.607.023;-48.509.467;out/08;1908;oct;129.77;25.22
Brazil;-27.607.024;-48.509.468;nov/08;1908;nov;164.91;25.39
Brazil;-27.607.025;-48.509.469;dez/08;1908;dec;196.48;25.72
Brazil;-27.607.026;-48.509.470;jan/09;1909;jan;228.96;25.65
Brazil;-27.607.027;-48.509.471;fev/09;1909;feb;218.22;25.59
Brazil;-27.607.028;-48.509.472;mar/09;1909;mar;233.85;25.31
Brazil;-27.607.029;-48.509.473;abr/09;1909;apr;183.35;24.99
Brazil;-27.607.030;-48.509.474;mai/09;1909;may;130.09;23.58
Brazil;-27.607.031;-48.509.475;jun/09;1909;jun;83.93;23.32
Brazil;-27.607.032;-48.509.476;jul/09;1909;jul;64.7;23.42
Brazil;-27.607.033;-48.509.477;ago/09;1909;aug;56.48;24.32
Brazil;-27.607.034;-48.509.478;set/09;1909;sep;77.36;25.2
Brazil;-27.607.035;-48.509.479;out/09;1909;oct;123.38;25.41
Brazil;-27.607.036;-48.509.480;nov/09;1909;nov;150.05;25.59
Brazil;-27.607.037;-48.509.481;dez/09;1909;dec;203.92;25.31
Brazil;-27.607.038;-48.509.482;jan/10;1910;jan;221.32;25.5
Brazil;-27.607.039;-48.509.483;fev/10;1910;feb;216.76;25.49
Brazil;-27.607.040;-48.509.484;mar/10;1910;mar;236.31;25.18
Brazil;-27.607.041;-48.509.485;abr/10;1910;apr;183.58;25
Brazil;-27.607.042;-48.509.486;mai/10;1910;may;128.56;23.58
Brazil;-27.607.043;-48.509.487;jun/10;1910;jun;82.75;23.62
Brazil;-27.607.044;-48.509.488;jul/10;1910;jul;69.35;23.35
Brazil;-27.607.045;-48.509.489;ago/10;1910;aug;53.73;24.36
Brazil;-27.607.046;-48.509.490;set/10;1910;sep;76.78;25.18
Brazil;-27.607.047;-48.509.491;out/10;1910;oct;129.98;25.34
Brazil;-27.607.048;-48.509.492;nov/10;1910;nov;154.64;25.38
Brazil;-27.607.049;-48.509.493;dez/10;1910;dec;204.29;25.42
Brazil;-27.607.050;-48.509.494;jan/11;1911;jan;218.56;25.26
Brazil;-27.607.051;-48.509.495;fev/11;1911;feb;204.64;25.49
Brazil;-27.607.052;-48.509.496;mar/11;1911;mar;250.34;24.85
Brazil;-27.607.053;-48.509.497;abr/11;1911;apr;167.04;24.68
Brazil;-27.607.054;-48.509.498;mai/11;1911;may;121.51;24.07
Brazil;-27.607.055;-48.509.499;jun/11;1911;jun;82.92;22.87
Brazil;-27.607.056;-48.509.500;jul/11;1911;jul;63.68;22.84
Brazil;-27.607.057;-48.509.501;ago/11;1911;aug;57.8;23.87
Brazil;-27.607.058;-48.509.502;set/11;1911;sep;84.46;24.87
Brazil;-27.607.059;-48.509.503;out/11;1911;oct;124.46;25.35
Brazil;-27.607.060;-48.509.504;nov/11;1911;nov;148.96;25.89
Brazil;-27.607.061;-48.509.505;dez/11;1911;dec;200.05;25.75
Brazil;-27.607.062;-48.509.506;jan/12;1912;jan;234.96;25.77
Brazil;-27.607.063;-48.509.507;fev/12;1912;feb;233.04;25.85
Brazil;-27.607.064;-48.509.508;mar/12;1912;mar;249.38;25.39
Brazil;-27.607.065;-48.509.509;abr/12;1912;apr;182.15;25.07
Brazil;-27.607.066;-48.509.510;mai/12;1912;may;131.53;24.32
Brazil;-27.607.067;-48.509.511;jun/12;1912;jun;85.32;23.27
Brazil;-27.607.068;-48.509.512;jul/12;1912;jul;61.67;22.36
Brazil;-27.607.069;-48.509.513;ago/12;1912;aug;55.28;23.99
Brazil;-27.607.070;-48.509.514;set/12;1912;sep;85.61;24.26
Brazil;-27.607.071;-48.509.515;out/12;1912;oct;127.45;25.14
Brazil;-27.607.072;-48.509.516;nov/12;1912;nov;153.43;25.7
Brazil;-27.607.073;-48.509.517;dez/12;1912;dec;195.46;25.25
Brazil;-27.607.074;-48.509.518;jan/13;1913;jan;230.24;25.1
Brazil;-27.607.075;-48.509.519;fev/13;1913;feb;229.2;25.35
Brazil;-27.607.076;-48.509.520;mar/13;1913;mar;232.17;25.19
Brazil;-27.607.077;-48.509.521;abr/13;1913;apr;187.42;24.95
Brazil;-27.607.078;-48.509.522;mai/13;1913;may;136.42;23.78
Brazil;-27.607.079;-48.509.523;jun/13;1913;jun;81.43;22.99
Brazil;-27.607.080;-48.509.524;jul/13;1913;jul;64.57;23.32
Brazil;-27.607.081;-48.509.525;ago/13;1913;aug;59.1;23.76
Brazil;-27.607.082;-48.509.526;set/13;1913;sep;84.77;24.8
Brazil;-27.607.083;-48.509.527;out/13;1913;oct;118.84;25.37
Brazil;-27.607.084;-48.509.528;nov/13;1913;nov;162.19;25.62
Brazil;-27.607.085;-48.509.529;dez/13;1913;dec;194.78;25.24
Brazil;-27.607.086;-48.509.530;jan/14;1914;jan;268.02;25.59
Brazil;-27.607.087;-48.509.531;fev/14;1914;feb;200.36;25.28
Brazil;-27.607.088;-48.509.532;mar/14;1914;mar;209.11;25.31
Brazil;-27.607.089;-48.509.533;abr/14;1914;apr;170.53;24.77
Brazil;-27.607.090;-48.509.534;mai/14;1914;may;115.7;23.62
Brazil;-27.607.091;-48.509.535;jun/14;1914;jun;88.06;23.74
Brazil;-27.607.092;-48.509.536;jul/14;1914;jul;67.6;23.73
Brazil;-27.607.093;-48.509.537;ago/14;1914;aug;62.64;23.73
Brazil;-27.607.094;-48.509.538;set/14;1914;sep;70.94;25.1
Brazil;-27.607.095;-48.509.539;out/14;1914;oct;124.89;25.43
Brazil;-27.607.096;-48.509.540;nov/14;1914;nov;139.77;25.7
Brazil;-27.607.097;-48.509.541;dez/14;1914;dec;200.18;25.48
Brazil;-27.607.098;-48.509.542;jan/15;1915;jan;200.77;25.65
Brazil;-27.607.099;-48.509.543;fev/15;1915;feb;170.33;25.87
Brazil;-27.607.100;-48.509.544;mar/15;1915;mar;210.65;25.66
Brazil;-27.607.101;-48.509.545;abr/15;1915;apr;161.39;25.67
Brazil;-27.607.102;-48.509.546;mai/15;1915;may;118.95;24.94
Brazil;-27.607.103;-48.509.547;jun/15;1915;jun;81.94;22.97
Brazil;-27.607.104;-48.509.548;jul/15;1915;jul;61.52;22.98
Brazil;-27.607.105;-48.509.549;ago/15;1915;aug;56.16;24.23
Brazil;-27.607.106;-48.509.550;set/15;1915;sep;68.54;24.73
Brazil;-27.607.107;-48.509.551;out/15;1915;oct;117.48;25.47
Brazil;-27.607.108;-48.509.552;nov/15;1915;nov;141.11;25.27
Brazil;-27.607.109;-48.509.553;dez/15;1915;dec;218.82;25.34
Brazil;-27.607.110;-48.509.554;jan/16;1916;jan;215.94;25.35
Brazil;-27.607.111;-48.509.555;fev/16;1916;feb;230.01;25.31
Brazil;-27.607.112;-48.509.556;mar/16;1916;mar;253.7;24.97
Brazil;-27.607.113;-48.509.557;abr/16;1916;apr;193.39;24.8
Brazil;-27.607.114;-48.509.558;mai/16;1916;may;130.88;23.9
Brazil;-27.607.115;-48.509.559;jun/16;1916;jun;83.3;22.85
Brazil;-27.607.116;-48.509.560;jul/16;1916;jul;57.15;22.85
Brazil;-27.607.117;-48.509.561;ago/16;1916;aug;49.68;24.06
Brazil;-27.607.118;-48.509.562;set/16;1916;sep;64.95;25.26
Brazil;-27.607.119;-48.509.563;out/16;1916;oct;125.72;25.09
Brazil;-27.607.120;-48.509.564;nov/16;1916;nov;176.71;25.29
Brazil;-27.607.121;-48.509.565;dez/16;1916;dec;230.5;25.1
Brazil;-27.607.122;-48.509.566;jan/17;1917;jan;254.93;25.03
Brazil;-27.607.123;-48.509.567;fev/17;1917;feb;244.22;24.87
Brazil;-27.607.124;-48.509.568;mar/17;1917;mar;241.53;24.84
Brazil;-27.607.125;-48.509.569;abr/17;1917;apr;180.15;24.32
Brazil;-27.607.126;-48.509.570;mai/17;1917;may;139.68;22.93
Brazil;-27.607.127;-48.509.571;jun/17;1917;jun;84.93;22.38
Brazil;-27.607.128;-48.509.572;jul/17;1917;jul;62.74;22.35
Brazil;-27.607.129;-48.509.573;ago/17;1917;aug;53.41;23.39
Brazil;-27.607.130;-48.509.574;set/17;1917;sep;71.56;24.84
Brazil;-27.607.131;-48.509.575;out/17;1917;oct;121.23;25.1
Brazil;-27.607.132;-48.509.576;nov/17;1917;nov;164.64;25.13
Brazil;-27.607.133;-48.509.577;dez/17;1917;dec;214.29;25.18
Brazil;-27.607.134;-48.509.578;jan/18;1918;jan;227.36;25.12
Brazil;-27.607.135;-48.509.579;fev/18;1918;feb;194.55;24.88
Brazil;-27.607.136;-48.509.580;mar/18;1918;mar;232.33;25.11
Brazil;-27.607.137;-48.509.581;abr/18;1918;apr;189.28;24.7
Brazil;-27.607.138;-48.509.582;mai/18;1918;may;140.76;23.99
Brazil;-27.607.139;-48.509.583;jun/18;1918;jun;78.66;23.09
Brazil;-27.607.140;-48.509.584;jul/18;1918;jul;72.21;22.79
Brazil;-27.607.141;-48.509.585;ago/18;1918;aug;56.6;23.66
Brazil;-27.607.142;-48.509.586;set/18;1918;sep;76;24.92
Brazil;-27.607.143;-48.509.587;out/18;1918;oct;142.14;25.52
Brazil;-27.607.144;-48.509.588;nov/18;1918;nov;164.31;25.62
Brazil;-27.607.145;-48.509.589;dez/18;1918;dec;208.01;25.39
Brazil;-27.607.146;-48.509.590;jan/19;1919;jan;238.87;25.49
Brazil;-27.607.147;-48.509.591;fev/19;1919;feb;236.83;25.6
Brazil;-27.607.148;-48.509.592;mar/19;1919;mar;222.78;25.6
Brazil;-27.607.149;-48.509.593;abr/19;1919;apr;156.17;25.29
Brazil;-27.607.150;-48.509.594;mai/19;1919;may;119.33;24.73
Brazil;-27.607.151;-48.509.595;jun/19;1919;jun;87.42;23.77
Brazil;-27.607.152;-48.509.596;jul/19;1919;jul;62;23.57
Brazil;-27.607.153;-48.509.597;ago/19;1919;aug;64.28;23.55
Brazil;-27.607.154;-48.509.598;set/19;1919;sep;80.31;24.85
Brazil;-27.607.155;-48.509.599;out/19;1919;oct;124.29;25.57
Brazil;-27.607.156;-48.509.600;nov/19;1919;nov;146.99;25.66
Brazil;-27.607.157;-48.509.601;dez/19;1919;dec;186.83;25.41
Brazil;-27.607.158;-48.509.602;jan/20;1920;jan;217.6;25.46
Brazil;-27.607.159;-48.509.603;fev/20;1920;feb;204.94;25.45
Brazil;-27.607.160;-48.509.604;mar/20;1920;mar;252.23;25.27
Brazil;-27.607.161;-48.509.605;abr/20;1920;apr;195.05;24.98
Brazil;-27.607.162;-48.509.606;mai/20;1920;may;135.92;23.82
Brazil;-27.607.163;-48.509.607;jun/20;1920;jun;86.19;22.8
Brazil;-27.607.164;-48.509.608;jul/20;1920;jul;74.18;22.62
Brazil;-27.607.165;-48.509.609;ago/20;1920;aug;62.6;23.4
Brazil;-27.607.166;-48.509.610;set/20;1920;sep;89.82;24.84
Brazil;-27.607.167;-48.509.611;out/20;1920;oct;124.03;25.7
Brazil;-27.607.168;-48.509.612;nov/20;1920;nov;149.37;25.54
Brazil;-27.607.169;-48.509.613;dez/20;1920;dec;207.35;25.22
Brazil;-27.607.170;-48.509.614;jan/21;1921;jan;222.48;25.22
Brazil;-27.607.171;-48.509.615;fev/21;1921;feb;225.71;25.25
Brazil;-27.607.172;-48.509.616;mar/21;1921;mar;228.59;25.15
Brazil;-27.607.173;-48.509.617;abr/21;1921;apr;184.78;24.52
Brazil;-27.607.174;-48.509.618;mai/21;1921;may;136.69;24.12
Brazil;-27.607.175;-48.509.619;jun/21;1921;jun;91.22;22.27
Brazil;-27.607.176;-48.509.620;jul/21;1921;jul;72.42;22.07
Brazil;-27.607.177;-48.509.621;ago/21;1921;aug;52.45;24.08
Brazil;-27.607.178;-48.509.622;set/21;1921;sep;80.73;24.65
Brazil;-27.607.179;-48.509.623;out/21;1921;oct;145.61;25.26
Brazil;-27.607.180;-48.509.624;nov/21;1921;nov;185.46;24.97
Brazil;-27.607.181;-48.509.625;dez/21;1921;dec;205.03;25.49
Brazil;-27.607.182;-48.509.626;jan/22;1922;jan;227.68;25.24
Brazil;-27.607.183;-48.509.627;fev/22;1922;feb;228.88;25.19
Brazil;-27.607.184;-48.509.628;mar/22;1922;mar;235.98;25.07
Brazil;-27.607.185;-48.509.629;abr/22;1922;apr;186.5;24.67
Brazil;-27.607.186;-48.509.630;mai/22;1922;may;135.28;23.69
Brazil;-27.607.187;-48.509.631;jun/22;1922;jun;87.85;22.79
Brazil;-27.607.188;-48.509.632;jul/22;1922;jul;64.72;22.75
Brazil;-27.607.189;-48.509.633;ago/22;1922;aug;63.62;23.92
Brazil;-27.607.190;-48.509.634;set/22;1922;sep;73.7;24.82
Brazil;-27.607.191;-48.509.635;out/22;1922;oct;128.26;24.82
Brazil;-27.607.192;-48.509.636;nov/22;1922;nov;175.57;25.2
Brazil;-27.607.193;-48.509.637;dez/22;1922;dec;197.38;25.05
Brazil;-27.607.194;-48.509.638;jan/23;1923;jan;228.21;25.07
Brazil;-27.607.195;-48.509.639;fev/23;1923;feb;245.11;25.1
Brazil;-27.607.196;-48.509.640;mar/23;1923;mar;228.39;25.03
Brazil;-27.607.197;-48.509.641;abr/23;1923;apr;182.27;24.68
Brazil;-27.607.198;-48.509.642;mai/23;1923;may;136.23;23.29
Brazil;-27.607.199;-48.509.643;jun/23;1923;jun;87.56;23.01
Brazil;-27.607.200;-48.509.644;jul/23;1923;jul;60.35;22.29
Brazil;-27.607.201;-48.509.645;ago/23;1923;aug;54.97;23.89
Brazil;-27.607.202;-48.509.646;set/23;1923;sep;87.54;24.92
Brazil;-27.607.203;-48.509.647;out/23;1923;oct;125.81;25.34
Brazil;-27.607.204;-48.509.648;nov/23;1923;nov;144.29;25.35
Brazil;-27.607.205;-48.509.649;dez/23;1923;dec;172.48;25.58
Brazil;-27.607.206;-48.509.650;jan/24;1924;jan;258.54;25.33
Brazil;-27.607.207;-48.509.651;fev/24;1924;feb;242.65;25.25
Brazil;-27.607.208;-48.509.652;mar/24;1924;mar;288.51;25.3
Brazil;-27.607.209;-48.509.653;abr/24;1924;apr;198.15;24.73
Brazil;-27.607.210;-48.509.654;mai/24;1924;may;152.83;23.46
Brazil;-27.607.211;-48.509.655;jun/24;1924;jun;96.88;22.92
Brazil;-27.607.212;-48.509.656;jul/24;1924;jul;60.04;22.69
Brazil;-27.607.213;-48.509.657;ago/24;1924;aug;44.52;23.03
Brazil;-27.607.214;-48.509.658;set/24;1924;sep;69.56;24.52
Brazil;-27.607.215;-48.509.659;out/24;1924;oct;135.83;24.6
Brazil;-27.607.216;-48.509.660;nov/24;1924;nov;160.09;25.2
Brazil;-27.607.217;-48.509.661;dez/24;1924;dec;246.63;25.13
Brazil;-27.607.218;-48.509.662;jan/25;1925;jan;224.87;24.93
Brazil;-27.607.219;-48.509.663;fev/25;1925;feb;192.96;25
Brazil;-27.607.220;-48.509.664;mar/25;1925;mar;225.25;24.76
Brazil;-27.607.221;-48.509.665;abr/25;1925;apr;172.75;24.92
Brazil;-27.607.222;-48.509.666;mai/25;1925;may;125.45;23.81
Brazil;-27.607.223;-48.509.667;jun/25;1925;jun;79.51;22.61
Brazil;-27.607.224;-48.509.668;jul/25;1925;jul;69.65;22.53
Brazil;-27.607.225;-48.509.669;ago/25;1925;aug;49.82;24.23
Brazil;-27.607.226;-48.509.670;set/25;1925;sep;86.96;24.76
Brazil;-27.607.227;-48.509.671;out/25;1925;oct;128.21;25.09
Brazil;-27.607.228;-48.509.672;nov/25;1925;nov;146.37;25.35
Brazil;-27.607.229;-48.509.673;dez/25;1925;dec;210.33;25.53
Brazil;-27.607.230;-48.509.674;jan/26;1926;jan;239.65;25.39
Brazil;-27.607.231;-48.509.675;fev/26;1926;feb;250.94;25.46
Brazil;-27.607.232;-48.509.676;mar/26;1926;mar;268.63;25.55
Brazil;-27.607.233;-48.509.677;abr/26;1926;apr;196.74;24.87
Brazil;-27.607.234;-48.509.678;mai/26;1926;may;131.69;23.58
Brazil;-27.607.235;-48.509.679;jun/26;1926;jun;74.56;23.44
Brazil;-27.607.236;-48.509.680;jul/26;1926;jul;59.02;22.42
Brazil;-27.607.237;-48.509.681;ago/26;1926;aug;52.4;24.08
Brazil;-27.607.238;-48.509.682;set/26;1926;sep;70.41;25.37
Brazil;-27.607.239;-48.509.683;out/26;1926;oct;111.7;25.41
Brazil;-27.607.240;-48.509.684;nov/26;1926;nov;151.84;25.68
Brazil;-27.607.241;-48.509.685;dez/26;1926;dec;206.86;25.28
Brazil;-27.607.242;-48.509.686;jan/27;1927;jan;209.75;25.07
Brazil;-27.607.243;-48.509.687;fev/27;1927;feb;238.7;25.14
Brazil;-27.607.244;-48.509.688;mar/27;1927;mar;227.96;25.04
Brazil;-27.607.245;-48.509.689;abr/27;1927;apr;179.86;24.74
Brazil;-27.607.246;-48.509.690;mai/27;1927;may;134.47;23.62
Brazil;-27.607.247;-48.509.691;jun/27;1927;jun;88.77;22.5
Brazil;-27.607.248;-48.509.692;jul/27;1927;jul;61.22;22.39
Brazil;-27.607.249;-48.509.693;ago/27;1927;aug;60.21;23.68
Brazil;-27.607.250;-48.509.694;set/27;1927;sep;77.31;24.77
Brazil;-27.607.251;-48.509.695;out/27;1927;oct;123.69;25.28
Brazil;-27.607.252;-48.509.696;nov/27;1927;nov;144.81;25.6
Brazil;-27.607.253;-48.509.697;dez/27;1927;dec;197.23;25.28
Brazil;-27.607.254;-48.509.698;jan/28;1928;jan;254.32;25.33
Brazil;-27.607.255;-48.509.699;fev/28;1928;feb;212.99;25.41
Brazil;-27.607.256;-48.509.700;mar/28;1928;mar;240.9;25.22
Brazil;-27.607.257;-48.509.701;abr/28;1928;apr;182.74;25.16
Brazil;-27.607.258;-48.509.702;mai/28;1928;may;113.72;23.87
Brazil;-27.607.259;-48.509.703;jun/28;1928;jun;72.36;23.21
Brazil;-27.607.260;-48.509.704;jul/28;1928;jul;65.74;22.72
Brazil;-27.607.261;-48.509.705;ago/28;1928;aug;49.31;23.35
Brazil;-27.607.262;-48.509.706;set/28;1928;sep;83.23;24.64
Brazil;-27.607.263;-48.509.707;out/28;1928;oct;109.06;25.21
Brazil;-27.607.264;-48.509.708;nov/28;1928;nov;167.14;25.47
Brazil;-27.607.265;-48.509.709;dez/28;1928;dec;210.19;25.22
Brazil;-27.607.266;-48.509.710;jan/29;1929;jan;243.31;25.42
Brazil;-27.607.267;-48.509.711;fev/29;1929;feb;234.07;25.26
Brazil;-27.607.268;-48.509.712;mar/29;1929;mar;251.8;24.95
Brazil;-27.607.269;-48.509.713;abr/29;1929;apr;184.85;24.35
Brazil;-27.607.270;-48.509.714;mai/29;1929;may;150.22;23.17
Brazil;-27.607.271;-48.509.715;jun/29;1929;jun;84.53;22.69
Brazil;-27.607.272;-48.509.716;jul/29;1929;jul;62.39;22.76
Brazil;-27.607.273;-48.509.717;ago/29;1929;aug;57.35;23.84
Brazil;-27.607.274;-48.509.718;set/29;1929;sep;77.07;25.01
Brazil;-27.607.275;-48.509.719;out/29;1929;oct;111.14;25.45
Brazil;-27.607.276;-48.509.720;nov/29;1929;nov;148.64;25.2
Brazil;-27.607.277;-48.509.721;dez/29;1929;dec;236.78;25.13
Brazil;-27.607.278;-48.509.722;jan/30;1930;jan;212.67;25.2
Brazil;-27.607.279;-48.509.723;fev/30;1930;feb;208.36;25.16
Brazil;-27.607.280;-48.509.724;mar/30;1930;mar;239.67;25.31
Brazil;-27.607.281;-48.509.725;abr/30;1930;apr;166.21;24.77
Brazil;-27.607.282;-48.509.726;mai/30;1930;may;114.53;24.13
Brazil;-27.607.283;-48.509.727;jun/30;1930;jun;82.36;23.84
Brazil;-27.607.284;-48.509.728;jul/30;1930;jul;54.33;22.89
Brazil;-27.607.285;-48.509.729;ago/30;1930;aug;47.96;24.13
Brazil;-27.607.286;-48.509.730;set/30;1930;sep;71.44;24.75
Brazil;-27.607.287;-48.509.731;out/30;1930;oct;125.7;25.24
Brazil;-27.607.288;-48.509.732;nov/30;1930;nov;163.79;25.33
Brazil;-27.607.289;-48.509.733;dez/30;1930;dec;210.63;25.42
Brazil;-27.607.290;-48.509.734;jan/31;1931;jan;196.33;25.75
Brazil;-27.607.291;-48.509.735;fev/31;1931;feb;233.38;25.57
Brazil;-27.607.292;-48.509.736;mar/31;1931;mar;261.81;25.37
Brazil;-27.607.293;-48.509.737;abr/31;1931;apr;178.08;25.02
Brazil;-27.607.294;-48.509.738;mai/31;1931;may;126.5;23.59
Brazil;-27.607.295;-48.509.739;jun/31;1931;jun;73.85;22.84
Brazil;-27.607.296;-48.509.740;jul/31;1931;jul;55.1;23.03
Brazil;-27.607.297;-48.509.741;ago/31;1931;aug;52.71;23.82
Brazil;-27.607.298;-48.509.742;set/31;1931;sep;77.78;24.5
Brazil;-27.607.299;-48.509.743;out/31;1931;oct;133.84;25.35
Brazil;-27.607.300;-48.509.744;nov/31;1931;nov;161.68;25.13
Brazil;-27.607.301;-48.509.745;dez/31;1931;dec;170.37;25.27
Brazil;-27.607.302;-48.509.746;jan/32;1932;jan;245.22;25.1
Brazil;-27.607.303;-48.509.747;fev/32;1932;feb;203.34;25.41
Brazil;-27.607.304;-48.509.748;mar/32;1932;mar;213.11;25.17
Brazil;-27.607.305;-48.509.749;abr/32;1932;apr;141.22;25.2
Brazil;-27.607.306;-48.509.750;mai/32;1932;may;113.25;23.76
Brazil;-27.607.307;-48.509.751;jun/32;1932;jun;79.89;23.2
Brazil;-27.607.308;-48.509.752;jul/32;1932;jul;61.16;23.63
Brazil;-27.607.309;-48.509.753;ago/32;1932;aug;54.84;23.64
Brazil;-27.607.310;-48.509.754;set/32;1932;sep;77.24;25.05
Brazil;-27.607.311;-48.509.755;out/32;1932;oct;114.74;25.52
Brazil;-27.607.312;-48.509.756;nov/32;1932;nov;152.2;25.76
Brazil;-27.607.313;-48.509.757;dez/32;1932;dec;176.78;25.29
Brazil;-27.607.314;-48.509.758;jan/33;1933;jan;223.29;25.29
Brazil;-27.607.315;-48.509.759;fev/33;1933;feb;198.44;25.28
Brazil;-27.607.316;-48.509.760;mar/33;1933;mar;237.82;25.1
Brazil;-27.607.317;-48.509.761;abr/33;1933;apr;206.83;24.56
Brazil;-27.607.318;-48.509.762;mai/33;1933;may;105.85;23.93
Brazil;-27.607.319;-48.509.763;jun/33;1933;jun;76.19;22.5
Brazil;-27.607.320;-48.509.764;jul/33;1933;jul;63.69;22.35
Brazil;-27.607.321;-48.509.765;ago/33;1933;aug;48.11;23.9
Brazil;-27.607.322;-48.509.766;set/33;1933;sep;76.04;25.03
Brazil;-27.607.323;-48.509.767;out/33;1933;oct;134.05;25.36
Brazil;-27.607.324;-48.509.768;nov/33;1933;nov;175.22;25.07
Brazil;-27.607.325;-48.509.769;dez/33;1933;dec;212.95;25.08
Brazil;-27.607.326;-48.509.770;jan/34;1934;jan;217.69;25.09
Brazil;-27.607.327;-48.509.771;fev/34;1934;feb;237.96;24.8
Brazil;-27.607.328;-48.509.772;mar/34;1934;mar;229.88;24.93
Brazil;-27.607.329;-48.509.773;abr/34;1934;apr;199.56;24.39
Brazil;-27.607.330;-48.509.774;mai/34;1934;may;142.43;23.8
Brazil;-27.607.331;-48.509.775;jun/34;1934;jun;85.01;23.33
Brazil;-27.607.332;-48.509.776;jul/34;1934;jul;59.24;22.81
Brazil;-27.607.333;-48.509.777;ago/34;1934;aug;59.56;23.83
Brazil;-27.607.334;-48.509.778;set/34;1934;sep;79.16;24.8
Brazil;-27.607.335;-48.509.779;out/34;1934;oct;131.38;24.84
Brazil;-27.607.336;-48.509.780;nov/34;1934;nov;157.26;25.35
Brazil;-27.607.337;-48.509.781;dez/34;1934;dec;227.26;25.22
Brazil;-27.607.338;-48.509.782;jan/35;1935;jan;238.75;25.36
Brazil;-27.607.339;-48.509.783;fev/35;1935;feb;221.48;25.15
Brazil;-27.607.340;-48.509.784;mar/35;1935;mar;256.09;25.37
Brazil;-27.607.341;-48.509.785;abr/35;1935;apr;206.27;24.28
Brazil;-27.607.342;-48.509.786;mai/35;1935;may;148.7;23.47
Brazil;-27.607.343;-48.509.787;jun/35;1935;jun;85.84;23.29
Brazil;-27.607.344;-48.509.788;jul/35;1935;jul;60.88;23.13
Brazil;-27.607.345;-48.509.789;ago/35;1935;aug;58.81;23.85
Brazil;-27.607.346;-48.509.790;set/35;1935;sep;74.46;24.71
Brazil;-27.607.347;-48.509.791;out/35;1935;oct;119.03;25.33
Brazil;-27.607.348;-48.509.792;nov/35;1935;nov;158.62;25.32
Brazil;-27.607.349;-48.509.793;dez/35;1935;dec;196.44;25.58
Brazil;-27.607.350;-48.509.794;jan/36;1936;jan;219.43;25.25
Brazil;-27.607.351;-48.509.795;fev/36;1936;feb;256.95;25.15
Brazil;-27.607.352;-48.509.796;mar/36;1936;mar;201;25.28
Brazil;-27.607.353;-48.509.797;abr/36;1936;apr;173.41;24.84
Brazil;-27.607.354;-48.509.798;mai/36;1936;may;112.43;24.67
Brazil;-27.607.355;-48.509.799;jun/36;1936;jun;71.75;23.59
Brazil;-27.607.356;-48.509.800;jul/36;1936;jul;53.4;23
Brazil;-27.607.357;-48.509.801;ago/36;1936;aug;50.53;23.64
Brazil;-27.607.358;-48.509.802;set/36;1936;sep;72.88;25.06
Brazil;-27.607.359;-48.509.803;out/36;1936;oct;120.44;25.66
Brazil;-27.607.360;-48.509.804;nov/36;1936;nov;154.74;25.46
Brazil;-27.607.361;-48.509.805;dez/36;1936;dec;187.76;25.44
Brazil;-27.607.362;-48.509.806;jan/37;1937;jan;228.79;25.19
Brazil;-27.607.363;-48.509.807;fev/37;1937;feb;213.21;25.58
Brazil;-27.607.364;-48.509.808;mar/37;1937;mar;232.96;25.27
Brazil;-27.607.365;-48.509.809;abr/37;1937;apr;196.87;24.5
Brazil;-27.607.366;-48.509.810;mai/37;1937;may;149.93;23.55
Brazil;-27.607.367;-48.509.811;jun/37;1937;jun;83.94;23.42
Brazil;-27.607.368;-48.509.812;jul/37;1937;jul;60.85;23.13
Brazil;-27.607.369;-48.509.813;ago/37;1937;aug;54.18;24.47
Brazil;-27.607.370;-48.509.814;set/37;1937;sep;74.66;24.94
Brazil;-27.607.371;-48.509.815;out/37;1937;oct;132.04;25.17
Brazil;-27.607.372;-48.509.816;nov/37;1937;nov;150.78;25.65
Brazil;-27.607.373;-48.509.817;dez/37;1937;dec;209.58;25.5
Brazil;-27.607.374;-48.509.818;jan/38;1938;jan;222.1;25.46
Brazil;-27.607.375;-48.509.819;fev/38;1938;feb;211.84;25.56
Brazil;-27.607.376;-48.509.820;mar/38;1938;mar;226.95;25.14
Brazil;-27.607.377;-48.509.821;abr/38;1938;apr;177.89;24.42
Brazil;-27.607.378;-48.509.822;mai/38;1938;may;127.09;23.79
Brazil;-27.607.379;-48.509.823;jun/38;1938;jun;80.44;23.16
Brazil;-27.607.380;-48.509.824;jul/38;1938;jul;62.5;23.12
Brazil;-27.607.381;-48.509.825;ago/38;1938;aug;53.48;23.68
Brazil;-27.607.382;-48.509.826;set/38;1938;sep;68.2;24.94
Brazil;-27.607.383;-48.509.827;out/38;1938;oct;128.68;25.07
Brazil;-27.607.384;-48.509.828;nov/38;1938;nov;152.9;25.33
Brazil;-27.607.385;-48.509.829;dez/38;1938;dec;211.45;25.31
Brazil;-27.607.386;-48.509.830;jan/39;1939;jan;230.58;25.41
Brazil;-27.607.387;-48.509.831;fev/39;1939;feb;219.44;25.21
Brazil;-27.607.388;-48.509.832;mar/39;1939;mar;231.67;25.13
Brazil;-27.607.389;-48.509.833;abr/39;1939;apr;184.8;24.61
Brazil;-27.607.390;-48.509.834;mai/39;1939;may;133.42;24.31
Brazil;-27.607.391;-48.509.835;jun/39;1939;jun;77.67;23.48
Brazil;-27.607.392;-48.509.836;jul/39;1939;jul;81.36;22.73
Brazil;-27.607.393;-48.509.837;ago/39;1939;aug;61.1;24.13
Brazil;-27.607.394;-48.509.838;set/39;1939;sep;84.07;24.78
Brazil;-27.607.395;-48.509.839;out/39;1939;oct;117.03;25.57
Brazil;-27.607.396;-48.509.840;nov/39;1939;nov;164.96;25.45
Brazil;-27.607.397;-48.509.841;dez/39;1939;dec;189.72;25.37
Brazil;-27.607.398;-48.509.842;jan/40;1940;jan;256.63;25.37
Brazil;-27.607.399;-48.509.843;fev/40;1940;feb;232.13;25.45
Brazil;-27.607.400;-48.509.844;mar/40;1940;mar;248.92;25.31
Brazil;-27.607.401;-48.509.845;abr/40;1940;apr;174.49;25
Brazil;-27.607.402;-48.509.846;mai/40;1940;may;142.46;24.52
Brazil;-27.607.403;-48.509.847;jun/40;1940;jun;86.59;23.45
Brazil;-27.607.404;-48.509.848;jul/40;1940;jul;59.56;23.75
Brazil;-27.607.405;-48.509.849;ago/40;1940;aug;62.63;23.87
Brazil;-27.607.406;-48.509.850;set/40;1940;sep;85.42;24.93
Brazil;-27.607.407;-48.509.851;out/40;1940;oct;118.98;25.38
Brazil;-27.607.408;-48.509.852;nov/40;1940;nov;158.94;25.32
Brazil;-27.607.409;-48.509.853;dez/40;1940;dec;197.21;25.95
Brazil;-27.607.410;-48.509.854;jan/41;1941;jan;213.39;25.69
Brazil;-27.607.411;-48.509.855;fev/41;1941;feb;218.24;25.8
Brazil;-27.607.412;-48.509.856;mar/41;1941;mar;256.45;25.46
Brazil;-27.607.413;-48.509.857;abr/41;1941;apr;167.19;25.64
Brazil;-27.607.414;-48.509.858;mai/41;1941;may;100.44;24.39
Brazil;-27.607.415;-48.509.859;jun/41;1941;jun;78.61;23.15
Brazil;-27.607.416;-48.509.860;jul/41;1941;jul;61.03;23.33
Brazil;-27.607.417;-48.509.861;ago/41;1941;aug;58.39;24.64
Brazil;-27.607.418;-48.509.862;set/41;1941;sep;82.39;24.28
Brazil;-27.607.419;-48.509.863;out/41;1941;oct;131.43;25.72
Brazil;-27.607.420;-48.509.864;nov/41;1941;nov;159.15;25.7
Brazil;-27.607.421;-48.509.865;dez/41;1941;dec;193.46;25.73
Brazil;-27.607.422;-48.509.866;jan/42;1942;jan;213.07;25.94
Brazil;-27.607.423;-48.509.867;fev/42;1942;feb;226.67;25.63
Brazil;-27.607.424;-48.509.868;mar/42;1942;mar;219.91;25.59
Brazil;-27.607.425;-48.509.869;abr/42;1942;apr;169.04;25.15
Brazil;-27.607.426;-48.509.870;mai/42;1942;may;121.06;23.89
Brazil;-27.607.427;-48.509.871;jun/42;1942;jun;83.08;22.83
Brazil;-27.607.428;-48.509.872;jul/42;1942;jul;53.65;22.25
Brazil;-27.607.429;-48.509.873;ago/42;1942;aug;51.88;24.21
Brazil;-27.607.430;-48.509.874;set/42;1942;sep;93.24;25.28
Brazil;-27.607.431;-48.509.875;out/42;1942;oct;130.57;25.49
Brazil;-27.607.432;-48.509.876;nov/42;1942;nov;160.61;25.82
Brazil;-27.607.433;-48.509.877;dez/42;1942;dec;209.27;25.34
Brazil;-27.607.434;-48.509.878;jan/43;1943;jan;255.55;25.38
Brazil;-27.607.435;-48.509.879;fev/43;1943;feb;195.79;25.34
Brazil;-27.607.436;-48.509.880;mar/43;1943;mar;250.49;25.14
Brazil;-27.607.437;-48.509.881;abr/43;1943;apr;178.77;24.47
Brazil;-27.607.438;-48.509.882;mai/43;1943;may;114.52;24.18
Brazil;-27.607.439;-48.509.883;jun/43;1943;jun;79.94;23.36
Brazil;-27.607.440;-48.509.884;jul/43;1943;jul;60.35;23.15
Brazil;-27.607.441;-48.509.885;ago/43;1943;aug;52.11;23.2
Brazil;-27.607.442;-48.509.886;set/43;1943;sep;70.1;24.73
Brazil;-27.607.443;-48.509.887;out/43;1943;oct;123.85;25.85
Brazil;-27.607.444;-48.509.888;nov/43;1943;nov;178.47;25.53
Brazil;-27.607.445;-48.509.889;dez/43;1943;dec;218.98;25.25
Brazil;-27.607.446;-48.509.890;jan/44;1944;jan;217.43;25.41
Brazil;-27.607.447;-48.509.891;fev/44;1944;feb;224.49;25.46
Brazil;-27.607.448;-48.509.892;mar/44;1944;mar;220.13;25.28
Brazil;-27.607.449;-48.509.893;abr/44;1944;apr;194.31;24.56
Brazil;-27.607.450;-48.509.894;mai/44;1944;may;118.72;23.94
Brazil;-27.607.451;-48.509.895;jun/44;1944;jun;79.63;23.48
Brazil;-27.607.452;-48.509.896;jul/44;1944;jul;60.62;23.02
Brazil;-27.607.453;-48.509.897;ago/44;1944;aug;50.17;24.63
Brazil;-27.607.454;-48.509.898;set/44;1944;sep;80.68;25.47
Brazil;-27.607.455;-48.509.899;out/44;1944;oct;123.07;26.09
Brazil;-27.607.456;-48.509.900;nov/44;1944;nov;161.45;25.56
Brazil;-27.607.457;-48.509.901;dez/44;1944;dec;237.76;25.79
Brazil;-27.607.458;-48.509.902;jan/45;1945;jan;242.19;25.57
Brazil;-27.607.459;-48.509.903;fev/45;1945;feb;238.1;25.37
Brazil;-27.607.460;-48.509.904;mar/45;1945;mar;255.18;25.42
Brazil;-27.607.461;-48.509.905;abr/45;1945;apr;207.24;25.01
Brazil;-27.607.462;-48.509.906;mai/45;1945;may;143.04;23.41
Brazil;-27.607.463;-48.509.907;jun/45;1945;jun;81.56;22.8
Brazil;-27.607.464;-48.509.908;jul/45;1945;jul;70.79;23.2
Brazil;-27.607.465;-48.509.909;ago/45;1945;aug;41.41;24.84
Brazil;-27.607.466;-48.509.910;set/45;1945;sep;75.15;25.23
Brazil;-27.607.467;-48.509.911;out/45;1945;oct;137.44;25.62
Brazil;-27.607.468;-48.509.912;nov/45;1945;nov;173.14;25.55
Brazil;-27.607.469;-48.509.913;dez/45;1945;dec;217.26;25.27
Brazil;-27.607.470;-48.509.914;jan/46;1946;jan;234.27;25.19
Brazil;-27.607.471;-48.509.915;fev/46;1946;feb;211.04;25.64
Brazil;-27.607.472;-48.509.916;mar/46;1946;mar;222.24;25.26
Brazil;-27.607.473;-48.509.917;abr/46;1946;apr;165.85;24.67
Brazil;-27.607.474;-48.509.918;mai/46;1946;may;140.96;24.22
Brazil;-27.607.475;-48.509.919;jun/46;1946;jun;77.11;23.17
Brazil;-27.607.476;-48.509.920;jul/46;1946;jul;66.68;22.86
Brazil;-27.607.477;-48.509.921;ago/46;1946;aug;51.61;24.11
Brazil;-27.607.478;-48.509.922;set/46;1946;sep;71.96;25.42
Brazil;-27.607.479;-48.509.923;out/46;1946;oct;107.68;25.58
Brazil;-27.607.480;-48.509.924;nov/46;1946;nov;177.63;25.84
Brazil;-27.607.481;-48.509.925;dez/46;1946;dec;179.09;25.42
Brazil;-27.607.482;-48.509.926;jan/47;1947;jan;241.93;25.46
Brazil;-27.607.483;-48.509.927;fev/47;1947;feb;226.21;25.6
Brazil;-27.607.484;-48.509.928;mar/47;1947;mar;277.33;25.19
Brazil;-27.607.485;-48.509.929;abr/47;1947;apr;182.19;24.82
Brazil;-27.607.486;-48.509.930;mai/47;1947;may;131.21;24.06
Brazil;-27.607.487;-48.509.931;jun/47;1947;jun;83.64;23.61
Brazil;-27.607.488;-48.509.932;jul/47;1947;jul;73.96;22.68
Brazil;-27.607.489;-48.509.933;ago/47;1947;aug;58.26;23.93
Brazil;-27.607.490;-48.509.934;set/47;1947;sep;81.91;24.9
Brazil;-27.607.491;-48.509.935;out/47;1947;oct;141.14;25.11
Brazil;-27.607.492;-48.509.936;nov/47;1947;nov;203.39;25.28
Brazil;-27.607.493;-48.509.937;dez/47;1947;dec;223.74;25.14
Brazil;-27.607.494;-48.509.938;jan/48;1948;jan;227.62;25.58
Brazil;-27.607.495;-48.509.939;fev/48;1948;feb;220.42;25.37
Brazil;-27.607.496;-48.509.940;mar/48;1948;mar;268.49;25.03
Brazil;-27.607.497;-48.509.941;abr/48;1948;apr;165.9;24.75
Brazil;-27.607.498;-48.509.942;mai/48;1948;may;120.81;23.95
Brazil;-27.607.499;-48.509.943;jun/48;1948;jun;80;23.53
Brazil;-27.607.500;-48.509.944;jul/48;1948;jul;65.14;23.49
Brazil;-27.607.501;-48.509.945;ago/48;1948;aug;46.58;23.8
Brazil;-27.607.502;-48.509.946;set/48;1948;sep;80.22;25.13
Brazil;-27.607.503;-48.509.947;out/48;1948;oct;125.08;25.35
Brazil;-27.607.504;-48.509.948;nov/48;1948;nov;152.55;25.37
Brazil;-27.607.505;-48.509.949;dez/48;1948;dec;260.4;25.49
Brazil;-27.607.506;-48.509.950;jan/49;1949;jan;245.56;25.18
Brazil;-27.607.507;-48.509.951;fev/49;1949;feb;217.99;24.92
Brazil;-27.607.508;-48.509.952;mar/49;1949;mar;214.11;25.41
Brazil;-27.607.509;-48.509.953;abr/49;1949;apr;201.77;24.25
Brazil;-27.607.510;-48.509.954;mai/49;1949;may;132.63;23.54
Brazil;-27.607.511;-48.509.955;jun/49;1949;jun;90.43;23.47
Brazil;-27.607.512;-48.509.956;jul/49;1949;jul;68.66;22.76
Brazil;-27.607.513;-48.509.957;ago/49;1949;aug;61.98;23.71
Brazil;-27.607.514;-48.509.958;set/49;1949;sep;73.02;24.96
Brazil;-27.607.515;-48.509.959;out/49;1949;oct;130.92;25.08
Brazil;-27.607.516;-48.509.960;nov/49;1949;nov;172.86;25.42
Brazil;-27.607.517;-48.509.961;dez/49;1949;dec;186.67;25.41
Brazil;-27.607.518;-48.509.962;jan/50;1950;jan;235.96;25.16
Brazil;-27.607.519;-48.509.963;fev/50;1950;feb;221.93;25.12
Brazil;-27.607.520;-48.509.964;mar/50;1950;mar;270.3;24.73
Brazil;-27.607.521;-48.509.965;abr/50;1950;apr;203.23;24.57
Brazil;-27.607.522;-48.509.966;mai/50;1950;may;125.26;23.93
Brazil;-27.607.523;-48.509.967;jun/50;1950;jun;78.85;23.26
Brazil;-27.607.524;-48.509.968;jul/50;1950;jul;72.73;22.78
Brazil;-27.607.525;-48.509.969;ago/50;1950;aug;46.5;23.94
Brazil;-27.607.526;-48.509.970;set/50;1950;sep;60.64;25.08
Brazil;-27.607.527;-48.509.971;out/50;1950;oct;121.86;25.03
Brazil;-27.607.528;-48.509.972;nov/50;1950;nov;158.36;25.28
Brazil;-27.607.529;-48.509.973;dez/50;1950;dec;217.89;25.22
Brazil;-27.607.530;-48.509.974;jan/51;1951;jan;223.14;25.02
Brazil;-27.607.531;-48.509.975;fev/51;1951;feb;182.61;25.09
Brazil;-27.607.532;-48.509.976;mar/51;1951;mar;253.38;25.2
Brazil;-27.607.533;-48.509.977;abr/51;1951;apr;175.3;23.93
Brazil;-27.607.534;-48.509.978;mai/51;1951;may;134.89;23.81
Brazil;-27.607.535;-48.509.979;jun/51;1951;jun;82.68;22.86
Brazil;-27.607.536;-48.509.980;jul/51;1951;jul;55.68;22.77
Brazil;-27.607.537;-48.509.981;ago/51;1951;aug;45.04;23.8
Brazil;-27.607.538;-48.509.982;set/51;1951;sep;67.15;25.23
Brazil;-27.607.539;-48.509.983;out/51;1951;oct;121.06;25.64
Brazil;-27.607.540;-48.509.984;nov/51;1951;nov;139.03;25.65
Brazil;-27.607.541;-48.509.985;dez/51;1951;dec;193.54;25.27
Brazil;-27.607.542;-48.509.986;jan/52;1952;jan;206.17;25.76
Brazil;-27.607.543;-48.509.987;fev/52;1952;feb;229.63;25.72
Brazil;-27.607.544;-48.509.988;mar/52;1952;mar;252.27;25.46
Brazil;-27.607.545;-48.509.989;abr/52;1952;apr;175.27;24.31
Brazil;-27.607.546;-48.509.990;mai/52;1952;may;124.82;23.96
Brazil;-27.607.547;-48.509.991;jun/52;1952;jun;76.38;22.47
Brazil;-27.607.548;-48.509.992;jul/52;1952;jul;56.97;23.09
Brazil;-27.607.549;-48.509.993;ago/52;1952;aug;54.05;24.27
Brazil;-27.607.550;-48.509.994;set/52;1952;sep;77;24.85
Brazil;-27.607.551;-48.509.995;out/52;1952;oct;113.16;25.55
Brazil;-27.607.552;-48.509.996;nov/52;1952;nov;145.82;25.39
Brazil;-27.607.553;-48.509.997;dez/52;1952;dec;228.63;25.34
Brazil;-27.607.554;-48.509.998;jan/53;1953;jan;200.96;25.59
Brazil;-27.607.555;-48.509.999;fev/53;1953;feb;222.96;25.43
Brazil;-27.607.556;-48.510.000;mar/53;1953;mar;235.26;25.36
Brazil;-27.607.557;-48.510.001;abr/53;1953;apr;188.84;24.58
Brazil;-27.607.558;-48.510.002;mai/53;1953;may;120.49;24.23
Brazil;-27.607.559;-48.510.003;jun/53;1953;jun;71.66;23.3
Brazil;-27.607.560;-48.510.004;jul/53;1953;jul;69.94;22.24
Brazil;-27.607.561;-48.510.005;ago/53;1953;aug;46.67;24.67
Brazil;-27.607.562;-48.510.006;set/53;1953;sep;96.27;25.52
Brazil;-27.607.563;-48.510.007;out/53;1953;oct;127.01;25.39
Brazil;-27.607.564;-48.510.008;nov/53;1953;nov;162.1;25.63
Brazil;-27.607.565;-48.510.009;dez/53;1953;dec;232.29;25.41
Brazil;-27.607.566;-48.510.010;jan/54;1954;jan;199.43;25.4
Brazil;-27.607.567;-48.510.011;fev/54;1954;feb;222.18;25.54
Brazil;-27.607.568;-48.510.012;mar/54;1954;mar;248.63;25.18
Brazil;-27.607.569;-48.510.013;abr/54;1954;apr;172.91;25
Brazil;-27.607.570;-48.510.014;mai/54;1954;may;129.67;23.83
Brazil;-27.607.571;-48.510.015;jun/54;1954;jun;91.29;23.51
Brazil;-27.607.572;-48.510.016;jul/54;1954;jul;62.63;22.98
Brazil;-27.607.573;-48.510.017;ago/54;1954;aug;46.73;24.13
Brazil;-27.607.574;-48.510.018;set/54;1954;sep;70.69;25.31
Brazil;-27.607.575;-48.510.019;out/54;1954;oct;105.94;25.52
Brazil;-27.607.576;-48.510.020;nov/54;1954;nov;172.43;25.55
Brazil;-27.607.577;-48.510.021;dez/54;1954;dec;194.98;25.41
Brazil;-27.607.578;-48.510.022;jan/55;1955;jan;251;25.27
Brazil;-27.607.579;-48.510.023;fev/55;1955;feb;205.91;25.35
Brazil;-27.607.580;-48.510.024;mar/55;1955;mar;245.54;25.1
Brazil;-27.607.581;-48.510.025;abr/55;1955;apr;193.27;24.54
Brazil;-27.607.582;-48.510.026;mai/55;1955;may;129.04;23.69
Brazil;-27.607.583;-48.510.027;jun/55;1955;jun;79.79;23.35
Brazil;-27.607.584;-48.510.028;jul/55;1955;jul;70.53;22.35
Brazil;-27.607.585;-48.510.029;ago/55;1955;aug;45.3;24.01
Brazil;-27.607.586;-48.510.030;set/55;1955;sep;66.89;25.22
Brazil;-27.607.587;-48.510.031;out/55;1955;oct;119.19;25.27
Brazil;-27.607.588;-48.510.032;nov/55;1955;nov;166.61;25.33
Brazil;-27.607.589;-48.510.033;dez/55;1955;dec;216.36;25.27
Brazil;-27.607.590;-48.510.034;jan/56;1956;jan;206.44;25.2
Brazil;-27.607.591;-48.510.035;fev/56;1956;feb;232.62;24.99
Brazil;-27.607.592;-48.510.036;mar/56;1956;mar;237.06;25.14
Brazil;-27.607.593;-48.510.037;abr/56;1956;apr;203.45;24.2
Brazil;-27.607.594;-48.510.038;mai/56;1956;may;149.77;23.22
Brazil;-27.607.595;-48.510.039;jun/56;1956;jun;96.94;22.34
Brazil;-27.607.596;-48.510.040;jul/56;1956;jul;70.43;22.76
Brazil;-27.607.597;-48.510.041;ago/56;1956;aug;69.39;23.27
Brazil;-27.607.598;-48.510.042;set/56;1956;sep;70.7;24.99
Brazil;-27.607.599;-48.510.043;out/56;1956;oct;138.84;25.2
Brazil;-27.607.600;-48.510.044;nov/56;1956;nov;189.26;25.1
Brazil;-27.607.601;-48.510.045;dez/56;1956;dec;221.08;25.34
Brazil;-27.607.602;-48.510.046;jan/57;1957;jan;254.72;24.86
Brazil;-27.607.603;-48.510.047;fev/57;1957;feb;216.39;25.12
Brazil;-27.607.604;-48.510.048;mar/57;1957;mar;250.24;24.9
Brazil;-27.607.605;-48.510.049;abr/57;1957;apr;213.07;24.28
Brazil;-27.607.606;-48.510.050;mai/57;1957;may;128.46;24.33
Brazil;-27.607.607;-48.510.051;jun/57;1957;jun;81.93;23.38
Brazil;-27.607.608;-48.510.052;jul/57;1957;jul;62.42;22.47
Brazil;-27.607.609;-48.510.053;ago/57;1957;aug;55.79;24.21
Brazil;-27.607.610;-48.510.054;set/57;1957;sep;86.34;24.89
Brazil;-27.607.611;-48.510.055;out/57;1957;oct;108.05;25.84
Brazil;-27.607.612;-48.510.056;nov/57;1957;nov;155.25;25.5
Brazil;-27.607.613;-48.510.057;dez/57;1957;dec;186.38;25.89
Brazil;-27.607.614;-48.510.058;jan/58;1958;jan;249.3;25.89
Brazil;-27.607.615;-48.510.059;fev/58;1958;feb;213.84;26.12
Brazil;-27.607.616;-48.510.060;mar/58;1958;mar;231.79;25.54
Brazil;-27.607.617;-48.510.061;abr/58;1958;apr;185.32;24.97
Brazil;-27.607.618;-48.510.062;mai/58;1958;may;114.37;24.23
Brazil;-27.607.619;-48.510.063;jun/58;1958;jun;66.51;23.95
Brazil;-27.607.620;-48.510.064;jul/58;1958;jul;62.16;23.92
Brazil;-27.607.621;-48.510.065;ago/58;1958;aug;44.63;23.87
Brazil;-27.607.622;-48.510.066;set/58;1958;sep;71.52;25.29
Brazil;-27.607.623;-48.510.067;out/58;1958;oct;128.2;25.66
Brazil;-27.607.624;-48.510.068;nov/58;1958;nov;145.9;25.69
Brazil;-27.607.625;-48.510.069;dez/58;1958;dec;214.93;25.85
Brazil;-27.607.626;-48.510.070;jan/59;1959;jan;233.44;25.45
Brazil;-27.607.627;-48.510.071;fev/59;1959;feb;211.86;25.61
Brazil;-27.607.628;-48.510.072;mar/59;1959;mar;248.65;25.22
Brazil;-27.607.629;-48.510.073;abr/59;1959;apr;165.55;25.42
Brazil;-27.607.630;-48.510.074;mai/59;1959;may;119.54;24.23
Brazil;-27.607.631;-48.510.075;jun/59;1959;jun;98.21;23.27
Brazil;-27.607.632;-48.510.076;jul/59;1959;jul;65.77;23.65
Brazil;-27.607.633;-48.510.077;ago/59;1959;aug;60.96;24.03
Brazil;-27.607.634;-48.510.078;set/59;1959;sep;66.92;25.23
Brazil;-27.607.635;-48.510.079;out/59;1959;oct;117.7;25.79
Brazil;-27.607.636;-48.510.080;nov/59;1959;nov;164.15;25.46
Brazil;-27.607.637;-48.510.081;dez/59;1959;dec;171.49;25.78
Brazil;-27.607.638;-48.510.082;jan/60;1960;jan;237.91;25.47
Brazil;-27.607.639;-48.510.083;fev/60;1960;feb;221.8;25.37
Brazil;-27.607.640;-48.510.084;mar/60;1960;mar;279.72;25.07
Brazil;-27.607.641;-48.510.085;abr/60;1960;apr;167.81;24.63
Brazil;-27.607.642;-48.510.086;mai/60;1960;may;113.74;23.3
Brazil;-27.607.643;-48.510.087;jun/60;1960;jun;82.3;23.15
Brazil;-27.607.644;-48.510.088;jul/60;1960;jul;64.09;23.02
Brazil;-27.607.645;-48.510.089;ago/60;1960;aug;59.29;23.97
Brazil;-27.607.646;-48.510.090;set/60;1960;sep;64.11;25.2
Brazil;-27.607.647;-48.510.091;out/60;1960;oct;124.46;25.82
Brazil;-27.607.648;-48.510.092;nov/60;1960;nov;149.12;25.38
Brazil;-27.607.649;-48.510.093;dez/60;1960;dec;214.34;25.5
Brazil;-27.607.650;-48.510.094;jan/61;1961;jan;244.41;25.39
Brazil;-27.607.651;-48.510.095;fev/61;1961;feb;229.67;25.18
Brazil;-27.607.652;-48.510.096;mar/61;1961;mar;214.94;25.26
Brazil;-27.607.653;-48.510.097;abr/61;1961;apr;174.82;24.99
Brazil;-27.607.654;-48.510.098;mai/61;1961;may;125.55;24.15
Brazil;-27.607.655;-48.510.099;jun/61;1961;jun;85.08;22.87
Brazil;-27.607.656;-48.510.100;jul/61;1961;jul;56.29;23.04
Brazil;-27.607.657;-48.510.101;ago/61;1961;aug;44.59;24.64
Brazil;-27.607.658;-48.510.102;set/61;1961;sep;65.21;25.93
Brazil;-27.607.659;-48.510.103;out/61;1961;oct;114.47;25.91
Brazil;-27.607.660;-48.510.104;nov/61;1961;nov;131.05;25.95
Brazil;-27.607.661;-48.510.105;dez/61;1961;dec;202.14;25.19
Brazil;-27.607.662;-48.510.106;jan/62;1962;jan;232.6;25.43
Brazil;-27.607.663;-48.510.107;fev/62;1962;feb;215.34;25.42
Brazil;-27.607.664;-48.510.108;mar/62;1962;mar;225.46;25.32
Brazil;-27.607.665;-48.510.109;abr/62;1962;apr;180.75;24.69
Brazil;-27.607.666;-48.510.110;mai/62;1962;may;136.63;23.59
Brazil;-27.607.667;-48.510.111;jun/62;1962;jun;80.92;22.51
Brazil;-27.607.668;-48.510.112;jul/62;1962;jul;60.36;22.3
Brazil;-27.607.669;-48.510.113;ago/62;1962;aug;48.73;24.16
Brazil;-27.607.670;-48.510.114;set/62;1962;sep;78.64;25.47
Brazil;-27.607.671;-48.510.115;out/62;1962;oct;119.14;25.13
Brazil;-27.607.672;-48.510.116;nov/62;1962;nov;154.07;25.78
Brazil;-27.607.673;-48.510.117;dez/62;1962;dec;226.59;25.46
Brazil;-27.607.674;-48.510.118;jan/63;1963;jan;214.33;25.53
Brazil;-27.607.675;-48.510.119;fev/63;1963;feb;238.41;25.24
Brazil;-27.607.676;-48.510.120;mar/63;1963;mar;213.92;25.41
Brazil;-27.607.677;-48.510.121;abr/63;1963;apr;171.6;24.89
Brazil;-27.607.678;-48.510.122;mai/63;1963;may;110.5;23.64
Brazil;-27.607.679;-48.510.123;jun/63;1963;jun;69.91;22.82
Brazil;-27.607.680;-48.510.124;jul/63;1963;jul;51.71;23.22
Brazil;-27.607.681;-48.510.125;ago/63;1963;aug;39.78;24.51
Brazil;-27.607.682;-48.510.126;set/63;1963;sep;60.38;25.87
Brazil;-27.607.683;-48.510.127;out/63;1963;oct;98.7;26.79
Brazil;-27.607.684;-48.510.128;nov/63;1963;nov;165.34;26.07
Brazil;-27.607.685;-48.510.129;dez/63;1963;dec;213.21;25.78
Brazil;-27.607.686;-48.510.130;jan/64;1964;jan;275.83;25.51
Brazil;-27.607.687;-48.510.131;fev/64;1964;feb;249.96;25.7
Brazil;-27.607.688;-48.510.132;mar/64;1964;mar;223.67;25.17
Brazil;-27.607.689;-48.510.133;abr/64;1964;apr;186.42;25.08
Brazil;-27.607.690;-48.510.134;mai/64;1964;may;154.45;23.78
Brazil;-27.607.691;-48.510.135;jun/64;1964;jun;84.59;22.64
Brazil;-27.607.692;-48.510.136;jul/64;1964;jul;70.31;22.52
Brazil;-27.607.693;-48.510.137;ago/64;1964;aug;60.03;24.18
Brazil;-27.607.694;-48.510.138;set/64;1964;sep;77.55;24.98
Brazil;-27.607.695;-48.510.139;out/64;1964;oct;146.42;24.95
Brazil;-27.607.696;-48.510.140;nov/64;1964;nov;159.17;24.99
Brazil;-27.607.697;-48.510.141;dez/64;1964;dec;208.12;25.03
Brazil;-27.607.698;-48.510.142;jan/65;1965;jan;231.48;25.11
Brazil;-27.607.699;-48.510.143;fev/65;1965;feb;202.27;25.35
Brazil;-27.607.700;-48.510.144;mar/65;1965;mar;266.35;24.58
Brazil;-27.607.701;-48.510.145;abr/65;1965;apr;209.57;24.61
Brazil;-27.607.702;-48.510.146;mai/65;1965;may;128.1;24.08
Brazil;-27.607.703;-48.510.147;jun/65;1965;jun;84.62;23.59
Brazil;-27.607.704;-48.510.148;jul/65;1965;jul;71.68;23.19
Brazil;-27.607.705;-48.510.149;ago/65;1965;aug;53.48;24.24
Brazil;-27.607.706;-48.510.150;set/65;1965;sep;76.9;25.49
Brazil;-27.607.707;-48.510.151;out/65;1965;oct;151.42;25.68
Brazil;-27.607.708;-48.510.152;nov/65;1965;nov;158.17;25.62
Brazil;-27.607.709;-48.510.153;dez/65;1965;dec;185.19;25.7
Brazil;-27.607.710;-48.510.154;jan/66;1966;jan;218.97;25.83
Brazil;-27.607.711;-48.510.155;fev/66;1966;feb;235.63;25.71
Brazil;-27.607.712;-48.510.156;mar/66;1966;mar;216.06;25.38
Brazil;-27.607.713;-48.510.157;abr/66;1966;apr;182.29;24.91
Brazil;-27.607.714;-48.510.158;mai/66;1966;may;136.3;24.16
Brazil;-27.607.715;-48.510.159;jun/66;1966;jun;85.13;23.37
Brazil;-27.607.716;-48.510.160;jul/66;1966;jul;76.06;23.18
Brazil;-27.607.717;-48.510.161;ago/66;1966;aug;51.08;23.69
Brazil;-27.607.718;-48.510.162;set/66;1966;sep;81.09;24.7
Brazil;-27.607.719;-48.510.163;out/66;1966;oct;121.34;25.77
Brazil;-27.607.720;-48.510.164;nov/66;1966;nov;152.64;25.55
Brazil;-27.607.721;-48.510.165;dez/66;1966;dec;209.79;25.67
Brazil;-27.607.722;-48.510.166;jan/67;1967;jan;229.31;25.46
Brazil;-27.607.723;-48.510.167;fev/67;1967;feb;227.56;25.23
Brazil;-27.607.724;-48.510.168;mar/67;1967;mar;244.02;25.06
Brazil;-27.607.725;-48.510.169;abr/67;1967;apr;195.23;24.67
Brazil;-27.607.726;-48.510.170;mai/67;1967;may;123.99;24.32
Brazil;-27.607.727;-48.510.171;jun/67;1967;jun;81.77;22.9
Brazil;-27.607.728;-48.510.172;jul/67;1967;jul;59.38;22.99
Brazil;-27.607.729;-48.510.173;ago/67;1967;aug;42;24.33
Brazil;-27.607.730;-48.510.174;set/67;1967;sep;65.07;25.37
Brazil;-27.607.731;-48.510.175;out/67;1967;oct;101.09;25.89
Brazil;-27.607.732;-48.510.176;nov/67;1967;nov;158.43;25.39
Brazil;-27.607.733;-48.510.177;dez/67;1967;dec;200.58;25.33
Brazil;-27.607.734;-48.510.178;jan/68;1968;jan;199.45;25.24
Brazil;-27.607.735;-48.510.179;fev/68;1968;feb;222.94;24.89
Brazil;-27.607.736;-48.510.180;mar/68;1968;mar;242.79;24.86
Brazil;-27.607.737;-48.510.181;abr/68;1968;apr;173.17;23.98
Brazil;-27.607.738;-48.510.182;mai/68;1968;may;128.88;22.64
Brazil;-27.607.739;-48.510.183;jun/68;1968;jun;76.08;22.63
Brazil;-27.607.740;-48.510.184;jul/68;1968;jul;59.4;22.85
Brazil;-27.607.741;-48.510.185;ago/68;1968;aug;61.12;23.71
Brazil;-27.607.742;-48.510.186;set/68;1968;sep;79.78;24.46
Brazil;-27.607.743;-48.510.187;out/68;1968;oct;116.53;25.66
Brazil;-27.607.744;-48.510.188;nov/68;1968;nov;186.37;25.93
Brazil;-27.607.745;-48.510.189;dez/68;1968;dec;206.05;25.42
Brazil;-27.607.746;-48.510.190;jan/69;1969;jan;234.45;25.55
Brazil;-27.607.747;-48.510.191;fev/69;1969;feb;195.97;26.01
Brazil;-27.607.748;-48.510.192;mar/69;1969;mar;225.12;25.73
Brazil;-27.607.749;-48.510.193;abr/69;1969;apr;174.59;25.19
Brazil;-27.607.750;-48.510.194;mai/69;1969;may;137.01;24.48
Brazil;-27.607.751;-48.510.195;jun/69;1969;jun;81.94;23.52
Brazil;-27.607.752;-48.510.196;jul/69;1969;jul;64.16;23.18
Brazil;-27.607.753;-48.510.197;ago/69;1969;aug;53.21;24.07
Brazil;-27.607.754;-48.510.198;set/69;1969;sep;68.79;25.7
Brazil;-27.607.755;-48.510.199;out/69;1969;oct;122.89;25.52
Brazil;-27.607.756;-48.510.200;nov/69;1969;nov;146.51;25.92
Brazil;-27.607.757;-48.510.201;dez/69;1969;dec;199.72;25.46
Brazil;-27.607.758;-48.510.202;jan/70;1970;jan;235;25.57
Brazil;-27.607.759;-48.510.203;fev/70;1970;feb;208.99;25.56
Brazil;-27.607.760;-48.510.204;mar/70;1970;mar;234.41;25.42
Brazil;-27.607.761;-48.510.205;abr/70;1970;apr;188.05;25.12
Brazil;-27.607.762;-48.510.206;mai/70;1970;may;121.58;24.39
Brazil;-27.607.763;-48.510.207;jun/70;1970;jun;90.32;23.61
Brazil;-27.607.764;-48.510.208;jul/70;1970;jul;63.68;23.06
Brazil;-27.607.765;-48.510.209;ago/70;1970;aug;62.34;23.9
Brazil;-27.607.766;-48.510.210;set/70;1970;sep;84.23;24.96
Brazil;-27.607.767;-48.510.211;out/70;1970;oct;125.89;25.69
Brazil;-27.607.768;-48.510.212;nov/70;1970;nov;180.95;25.17
Brazil;-27.607.769;-48.510.213;dez/70;1970;dec;155.07;25.83
Brazil;-27.607.770;-48.510.214;jan/71;1971;jan;197.51;25.5
Brazil;-27.607.771;-48.510.215;fev/71;1971;feb;210.99;25.16
Brazil;-27.607.772;-48.510.216;mar/71;1971;mar;239.59;25.17
Brazil;-27.607.773;-48.510.217;abr/71;1971;apr;203.72;24.36
Brazil;-27.607.774;-48.510.218;mai/71;1971;may;140.78;23.48
Brazil;-27.607.775;-48.510.219;jun/71;1971;jun;110.23;22.7
Brazil;-27.607.776;-48.510.220;jul/71;1971;jul;76.55;22.99
Brazil;-27.607.777;-48.510.221;ago/71;1971;aug;61.38;23.71
Brazil;-27.607.778;-48.510.222;set/71;1971;sep;73.31;24.84
Brazil;-27.607.779;-48.510.223;out/71;1971;oct;141.84;24.69
Brazil;-27.607.780;-48.510.224;nov/71;1971;nov;176.4;25
Brazil;-27.607.781;-48.510.225;dez/71;1971;dec;169.36;25.48
Brazil;-27.607.782;-48.510.226;jan/72;1972;jan;217.37;25.07
Brazil;-27.607.783;-48.510.227;fev/72;1972;feb;240.6;24.98
Brazil;-27.607.784;-48.510.228;mar/72;1972;mar;214.45;25.3
Brazil;-27.607.785;-48.510.229;abr/72;1972;apr;180.18;24.24
Brazil;-27.607.786;-48.510.230;mai/72;1972;may;118.61;24.38
Brazil;-27.607.787;-48.510.231;jun/72;1972;jun;85.23;23.88
Brazil;-27.607.788;-48.510.232;jul/72;1972;jul;74.61;23.36
Brazil;-27.607.789;-48.510.233;ago/72;1972;aug;81.25;23.99
Brazil;-27.607.790;-48.510.234;set/72;1972;sep;86.19;25.09
Brazil;-27.607.791;-48.510.235;out/72;1972;oct;132.16;25.65
Brazil;-27.607.792;-48.510.236;nov/72;1972;nov;171.81;25.95
Brazil;-27.607.793;-48.510.237;dez/72;1972;dec;230.81;25.92
Brazil;-27.607.794;-48.510.238;jan/73;1973;jan;209.95;26.13
Brazil;-27.607.795;-48.510.239;fev/73;1973;feb;221.22;26.1
Brazil;-27.607.796;-48.510.240;mar/73;1973;mar;247.62;25.86
Brazil;-27.607.797;-48.510.241;abr/73;1973;apr;198.95;25.63
Brazil;-27.607.798;-48.510.242;mai/73;1973;may;166.41;24.1
Brazil;-27.607.799;-48.510.243;jun/73;1973;jun;93.32;23.86
Brazil;-27.607.800;-48.510.244;jul/73;1973;jul;89.77;23.12
Brazil;-27.607.801;-48.510.245;ago/73;1973;aug;71.74;23.9
Brazil;-27.607.802;-48.510.246;set/73;1973;sep;87.13;24.86
Brazil;-27.607.803;-48.510.247;out/73;1973;oct;161.47;25.51
Brazil;-27.607.804;-48.510.248;nov/73;1973;nov;167.89;25.43
Brazil;-27.607.805;-48.510.249;dez/73;1973;dec;214.34;25.35
Brazil;-27.607.806;-48.510.250;jan/74;1974;jan;249.56;25.11
Brazil;-27.607.807;-48.510.251;fev/74;1974;feb;220.61;25.12
Brazil;-27.607.808;-48.510.252;mar/74;1974;mar;287.61;24.73
Brazil;-27.607.809;-48.510.253;abr/74;1974;apr;219.37;24.5
Brazil;-27.607.810;-48.510.254;mai/74;1974;may;137.71;23.69
Brazil;-27.607.811;-48.510.255;jun/74;1974;jun;104.17;22.81
Brazil;-27.607.812;-48.510.256;jul/74;1974;jul;66.68;22.59
Brazil;-27.607.813;-48.510.257;ago/74;1974;aug;61.37;23.76
Brazil;-27.607.814;-48.510.258;set/74;1974;sep;78.17;24.74
Brazil;-27.607.815;-48.510.259;out/74;1974;oct;134.48;25.21
Brazil;-27.607.816;-48.510.260;nov/74;1974;nov;143.71;25.34
Brazil;-27.607.817;-48.510.261;dez/74;1974;dec;223.89;24.84
Brazil;-27.607.818;-48.510.262;jan/75;1975;jan;231.26;25.01
Brazil;-27.607.819;-48.510.263;fev/75;1975;feb;221.71;25.29
Brazil;-27.607.820;-48.510.264;mar/75;1975;mar;239.58;25.21
Brazil;-27.607.821;-48.510.265;abr/75;1975;apr;210.75;24.6
Brazil;-27.607.822;-48.510.266;mai/75;1975;may;147.49;23.53
Brazil;-27.607.823;-48.510.267;jun/75;1975;jun;96.39;23.09
Brazil;-27.607.824;-48.510.268;jul/75;1975;jul;92.21;22.09
Brazil;-27.607.825;-48.510.269;ago/75;1975;aug;63.61;23.92
Brazil;-27.607.826;-48.510.270;set/75;1975;sep;81.26;25.09
Brazil;-27.607.827;-48.510.271;out/75;1975;oct;122.47;25.39
Brazil;-27.607.828;-48.510.272;nov/75;1975;nov;175.55;25.27
Brazil;-27.607.829;-48.510.273;dez/75;1975;dec;185.88;25.29
Brazil;-27.607.830;-48.510.274;jan/76;1976;jan;212.29;25.14
Brazil;-27.607.831;-48.510.275;fev/76;1976;feb;241.42;24.87
Brazil;-27.607.832;-48.510.276;mar/76;1976;mar;232.58;24.73
Brazil;-27.607.833;-48.510.277;abr/76;1976;apr;171.2;24.44
Brazil;-27.607.834;-48.510.278;mai/76;1976;may;138.96;23.82
Brazil;-27.607.835;-48.510.279;jun/76;1976;jun;75.66;22.72
Brazil;-27.607.836;-48.510.280;jul/76;1976;jul;58.65;22.83
Brazil;-27.607.837;-48.510.281;ago/76;1976;aug;52.62;24.07
Brazil;-27.607.838;-48.510.282;set/76;1976;sep;84.65;24.56
Brazil;-27.607.839;-48.510.283;out/76;1976;oct;139.57;25.22
Brazil;-27.607.840;-48.510.284;nov/76;1976;nov;168.3;25.2
Brazil;-27.607.841;-48.510.285;dez/76;1976;dec;199.55;25.5
Brazil;-27.607.842;-48.510.286;jan/77;1977;jan;248.2;25.36
Brazil;-27.607.843;-48.510.287;fev/77;1977;feb;204.6;25.44
Brazil;-27.607.844;-48.510.288;mar/77;1977;mar;207.22;25.61
Brazil;-27.607.845;-48.510.289;abr/77;1977;apr;206.43;24.75
Brazil;-27.607.846;-48.510.290;mai/77;1977;may;142.1;23.62
Brazil;-27.607.847;-48.510.291;jun/77;1977;jun;106.58;23.39
Brazil;-27.607.848;-48.510.292;jul/77;1977;jul;66.31;23.96
Brazil;-27.607.849;-48.510.293;ago/77;1977;aug;53.11;24.43
Brazil;-27.607.850;-48.510.294;set/77;1977;sep;87.77;25.1
Brazil;-27.607.851;-48.510.295;out/77;1977;oct;124.9;25.71
Brazil;-27.607.852;-48.510.296;nov/77;1977;nov;158.18;25.67
Brazil;-27.607.853;-48.510.297;dez/77;1977;dec;229.91;25.49
Brazil;-27.607.854;-48.510.298;jan/78;1978;jan;229.32;25.58
Brazil;-27.607.855;-48.510.299;fev/78;1978;feb;221.98;25.68
Brazil;-27.607.856;-48.510.300;mar/78;1978;mar;242.41;25.29
Brazil;-27.607.857;-48.510.301;abr/78;1978;apr;185.13;24.67
Brazil;-27.607.858;-48.510.302;mai/78;1978;may;150.33;23.76
Brazil;-27.607.859;-48.510.303;jun/78;1978;jun;75.18;22.88
Brazil;-27.607.860;-48.510.304;jul/78;1978;jul;88.27;23.64
Brazil;-27.607.861;-48.510.305;ago/78;1978;aug;52.3;23.26
Brazil;-27.607.862;-48.510.306;set/78;1978;sep;83.98;24.77
Brazil;-27.607.863;-48.510.307;out/78;1978;oct;125.57;25.71
Brazil;-27.607.864;-48.510.308;nov/78;1978;nov;154;25.57
Brazil;-27.607.865;-48.510.309;dez/78;1978;dec;215.9;25.26
Brazil;-27.607.866;-48.510.310;jan/79;1979;jan;241.84;25.16
Brazil;-27.607.867;-48.510.311;fev/79;1979;feb;233.42;25.36
Brazil;-27.607.868;-48.510.312;mar/79;1979;mar;222.94;25.18
Brazil;-27.607.869;-48.510.313;abr/79;1979;apr;169.14;24.67
Brazil;-27.607.870;-48.510.314;mai/79;1979;may;126.62;24.18
Brazil;-27.607.871;-48.510.315;jun/79;1979;jun;66.02;22.61
Brazil;-27.607.872;-48.510.316;jul/79;1979;jul;50.49;23.13
Brazil;-27.607.873;-48.510.317;ago/79;1979;aug;67.06;24.57
Brazil;-27.607.874;-48.510.318;set/79;1979;sep;93.51;24.66
Brazil;-27.607.875;-48.510.319;out/79;1979;oct;122.77;25.82
Brazil;-27.607.876;-48.510.320;nov/79;1979;nov;155.19;25.62
Brazil;-27.607.877;-48.510.321;dez/79;1979;dec;198.89;25.67
Brazil;-27.607.878;-48.510.322;jan/80;1980;jan;245.29;25.37
Brazil;-27.607.879;-48.510.323;fev/80;1980;feb;276.48;25.45
Brazil;-27.607.880;-48.510.324;mar/80;1980;mar;200.02;25.64
Brazil;-27.607.881;-48.510.325;abr/80;1980;apr;163.11;25.21
Brazil;-27.607.882;-48.510.326;mai/80;1980;may;113.57;24.66
Brazil;-27.607.883;-48.510.327;jun/80;1980;jun;83.41;23.29
Brazil;-27.607.884;-48.510.328;jul/80;1980;jul;56.95;23.32
Brazil;-27.607.885;-48.510.329;ago/80;1980;aug;49.59;24.44
Brazil;-27.607.886;-48.510.330;set/80;1980;sep;76.12;24.75
Brazil;-27.607.887;-48.510.331;out/80;1980;oct;114.71;25.92
Brazil;-27.607.888;-48.510.332;nov/80;1980;nov;166.33;25.44
Brazil;-27.607.889;-48.510.333;dez/80;1980;dec;204.33;25.56
Brazil;-27.607.890;-48.510.334;jan/81;1981;jan;227.12;25.39
Brazil;-27.607.891;-48.510.335;fev/81;1981;feb;173.94;25.58
Brazil;-27.607.892;-48.510.336;mar/81;1981;mar;258.62;25.48
Brazil;-27.607.893;-48.510.337;abr/81;1981;apr;147.83;25.03
Brazil;-27.607.894;-48.510.338;mai/81;1981;may;100.6;24.48
Brazil;-27.607.895;-48.510.339;jun/81;1981;jun;85.87;22.93
Brazil;-27.607.896;-48.510.340;jul/81;1981;jul;52.84;22.37
Brazil;-27.607.897;-48.510.341;ago/81;1981;aug;55.49;24.08
Brazil;-27.607.898;-48.510.342;set/81;1981;sep;66.04;24.89
Brazil;-27.607.899;-48.510.343;out/81;1981;oct;132.89;25.41
Brazil;-27.607.900;-48.510.344;nov/81;1981;nov;166.43;25.69
Brazil;-27.607.901;-48.510.345;dez/81;1981;dec;196.92;25.65
Brazil;-27.607.902;-48.510.346;jan/82;1982;jan;267.96;25.15
Brazil;-27.607.903;-48.510.347;fev/82;1982;feb;208.45;25.39
Brazil;-27.607.904;-48.510.348;mar/82;1982;mar;255.2;25.26
Brazil;-27.607.905;-48.510.349;abr/82;1982;apr;180.81;24.65
Brazil;-27.607.906;-48.510.350;mai/82;1982;may;124.27;23.82
Brazil;-27.607.907;-48.510.351;jun/82;1982;jun;76.25;23.77
Brazil;-27.607.908;-48.510.352;jul/82;1982;jul;66.26;23.61
Brazil;-27.607.909;-48.510.353;ago/82;1982;aug;57.99;24.38
Brazil;-27.607.910;-48.510.354;set/82;1982;sep;73.85;25.01
Brazil;-27.607.911;-48.510.355;out/82;1982;oct;115.7;25.73
Brazil;-27.607.912;-48.510.356;nov/82;1982;nov;129.46;26.03
Brazil;-27.607.913;-48.510.357;dez/82;1982;dec;192.57;25.58
Brazil;-27.607.914;-48.510.358;jan/83;1983;jan;227.19;26
Brazil;-27.607.915;-48.510.359;fev/83;1983;feb;215.07;26.09
Brazil;-27.607.916;-48.510.360;mar/83;1983;mar;236.16;25.67
Brazil;-27.607.917;-48.510.361;abr/83;1983;apr;177.39;25.58
Brazil;-27.607.918;-48.510.362;mai/83;1983;may;122.43;25.14
Brazil;-27.607.919;-48.510.363;jun/83;1983;jun;68.07;23.31
Brazil;-27.607.920;-48.510.364;jul/83;1983;jul;54.12;23.86
Brazil;-27.607.921;-48.510.365;ago/83;1983;aug;53.12;24.06
Brazil;-27.607.922;-48.510.366;set/83;1983;sep;77.76;24.96
Brazil;-27.607.923;-48.510.367;out/83;1983;oct;133.12;25.35
Brazil;-27.607.924;-48.510.368;nov/83;1983;nov;156.13;25.51
Brazil;-27.607.925;-48.510.369;dez/83;1983;dec;208.84;25.48
Brazil;-27.607.926;-48.510.370;jan/84;1984;jan;201.98;25.56
Brazil;-27.607.927;-48.510.371;fev/84;1984;feb;198.7;25.73
Brazil;-27.607.928;-48.510.372;mar/84;1984;mar;249.19;25.44
Brazil;-27.607.929;-48.510.373;abr/84;1984;apr;231.33;24.61
Brazil;-27.607.930;-48.510.374;mai/84;1984;may;143.05;24.58
Brazil;-27.607.931;-48.510.375;jun/84;1984;jun;82.56;23.44
Brazil;-27.607.932;-48.510.376;jul/84;1984;jul;69.03;23.46
Brazil;-27.607.933;-48.510.377;ago/84;1984;aug;79.98;23.68
Brazil;-27.607.934;-48.510.378;set/84;1984;sep;100.72;24.52
Brazil;-27.607.935;-48.510.379;out/84;1984;oct;123.36;25.95
Brazil;-27.607.936;-48.510.380;nov/84;1984;nov;142.37;25.68
Brazil;-27.607.937;-48.510.381;dez/84;1984;dec;186.58;25.55
Brazil;-27.607.938;-48.510.382;jan/85;1985;jan;303.89;25.18
Brazil;-27.607.939;-48.510.383;fev/85;1985;feb;221.5;25.48
Brazil;-27.607.940;-48.510.384;mar/85;1985;mar;248.11;25.53
Brazil;-27.607.941;-48.510.385;abr/85;1985;apr;197.57;25.02
Brazil;-27.607.942;-48.510.386;mai/85;1985;may;143.86;24.28
Brazil;-27.607.943;-48.510.387;jun/85;1985;jun;82.26;22.75
Brazil;-27.607.944;-48.510.388;jul/85;1985;jul;69.57;22.88
Brazil;-27.607.945;-48.510.389;ago/85;1985;aug;66.98;23.98
Brazil;-27.607.946;-48.510.390;set/85;1985;sep;79.46;25.03
Brazil;-27.607.947;-48.510.391;out/85;1985;oct;130.68;25.77
Brazil;-27.607.948;-48.510.392;nov/85;1985;nov;151.41;25.64
Brazil;-27.607.949;-48.510.393;dez/85;1985;dec;246.93;25.46
Brazil;-27.607.950;-48.510.394;jan/86;1986;jan;221.67;25.58
Brazil;-27.607.951;-48.510.395;fev/86;1986;feb;220.08;25.42
Brazil;-27.607.952;-48.510.396;mar/86;1986;mar;252.39;25.19
Brazil;-27.607.953;-48.510.397;abr/86;1986;apr;176.3;25.37
Brazil;-27.607.954;-48.510.398;mai/86;1986;may;137.03;24.7
Brazil;-27.607.955;-48.510.399;jun/86;1986;jun;89.56;23.31
Brazil;-27.607.956;-48.510.400;jul/86;1986;jul;70.15;23.12
Brazil;-27.607.957;-48.510.401;ago/86;1986;aug;59.22;24.53
Brazil;-27.607.958;-48.510.402;set/86;1986;sep;74.16;24.76
Brazil;-27.607.959;-48.510.403;out/86;1986;oct;123.66;25.37
Brazil;-27.607.960;-48.510.404;nov/86;1986;nov;147.68;25.84
Brazil;-27.607.961;-48.510.405;dez/86;1986;dec;198.7;25.73
Brazil;-27.607.962;-48.510.406;jan/87;1987;jan;202.96;25.92
Brazil;-27.607.963;-48.510.407;fev/87;1987;feb;179.4;25.77
Brazil;-27.607.964;-48.510.408;mar/87;1987;mar;250.45;25.53
Brazil;-27.607.965;-48.510.409;abr/87;1987;apr;197.48;25.63
Brazil;-27.607.966;-48.510.410;mai/87;1987;may;122.73;24.32
Brazil;-27.607.967;-48.510.411;jun/87;1987;jun;80.31;23.57
Brazil;-27.607.968;-48.510.412;jul/87;1987;jul;61.19;24.28
Brazil;-27.607.969;-48.510.413;ago/87;1987;aug;49.21;24.53
Brazil;-27.607.970;-48.510.414;set/87;1987;sep;78.42;25.42
Brazil;-27.607.971;-48.510.415;out/87;1987;oct;104.48;26.61
Brazil;-27.607.972;-48.510.416;nov/87;1987;nov;150.8;26.35
Brazil;-27.607.973;-48.510.417;dez/87;1987;dec;201.74;26.31
Brazil;-27.607.974;-48.510.418;jan/88;1988;jan;230.91;26.26
Brazil;-27.607.975;-48.510.419;fev/88;1988;feb;228.46;25.83
Brazil;-27.607.976;-48.510.420;mar/88;1988;mar;237.39;26.08
Brazil;-27.607.977;-48.510.421;abr/88;1988;apr;200.6;25.34
Brazil;-27.607.978;-48.510.422;mai/88;1988;may;142.91;24.3
Brazil;-27.607.979;-48.510.423;jun/88;1988;jun;89.71;23
Brazil;-27.607.980;-48.510.424;jul/88;1988;jul;62.25;22.64
Brazil;-27.607.981;-48.510.425;ago/88;1988;aug;37.68;24.41
Brazil;-27.607.982;-48.510.426;set/88;1988;sep;66.23;25.72
Brazil;-27.607.983;-48.510.427;out/88;1988;oct;113.93;25.99
Brazil;-27.607.984;-48.510.428;nov/88;1988;nov;154.87;25.66
Brazil;-27.607.985;-48.510.429;dez/88;1988;dec;219.26;25.59
Brazil;-27.607.986;-48.510.430;jan/89;1989;jan;232.78;25.32
Brazil;-27.607.987;-48.510.431;fev/89;1989;feb;224.2;25.44
Brazil;-27.607.988;-48.510.432;mar/89;1989;mar;248.01;25.27
Brazil;-27.607.989;-48.510.433;abr/89;1989;apr;198.69;25.15
Brazil;-27.607.990;-48.510.434;mai/89;1989;may;146.54;23.8
Brazil;-27.607.991;-48.510.435;jun/89;1989;jun;103.33;23.47
Brazil;-27.607.992;-48.510.436;jul/89;1989;jul;80.08;22.76
Brazil;-27.607.993;-48.510.437;ago/89;1989;aug;63.55;24.44
Brazil;-27.607.994;-48.510.438;set/89;1989;sep;81.97;24.99
Brazil;-27.607.995;-48.510.439;out/89;1989;oct;129.51;25.48
Brazil;-27.607.996;-48.510.440;nov/89;1989;nov;173.52;25.75
Brazil;-27.607.997;-48.510.441;dez/89;1989;dec;291.93;25.42
Brazil;-27.607.998;-48.510.442;jan/90;1990;jan;196.12;25.82
Brazil;-27.607.999;-48.510.443;fev/90;1990;feb;208.09;25.61
Brazil;-27.608.000;-48.510.444;mar/90;1990;mar;201.59;25.9
Brazil;-27.608.001;-48.510.445;abr/90;1990;apr;176.01;25.78
Brazil;-27.608.002;-48.510.446;mai/90;1990;may;139.82;24.25
Brazil;-27.608.003;-48.510.447;jun/90;1990;jun;80.72;23.45
Brazil;-27.608.004;-48.510.448;jul/90;1990;jul;76.46;22.88
Brazil;-27.608.005;-48.510.449;ago/90;1990;aug;67.01;24.28
Brazil;-27.608.006;-48.510.450;set/90;1990;sep;91.98;24.67
Brazil;-27.608.007;-48.510.451;out/90;1990;oct;115.97;26.37
Brazil;-27.608.008;-48.510.452;nov/90;1990;nov;149.6;26.44
Brazil;-27.608.009;-48.510.453;dez/90;1990;dec;173.3;25.98
Brazil;-27.608.010;-48.510.454;jan/91;1991;jan;271.84;25.59
Brazil;-27.608.011;-48.510.455;fev/91;1991;feb;200.73;25.84
Brazil;-27.608.012;-48.510.456;mar/91;1991;mar;257.58;25.47
Brazil;-27.608.013;-48.510.457;abr/91;1991;apr;187.09;25.21
Brazil;-27.608.014;-48.510.458;mai/91;1991;may;125.42;24.61
Brazil;-27.608.015;-48.510.459;jun/91;1991;jun;91.97;23.84
Brazil;-27.608.016;-48.510.460;jul/91;1991;jul;61.94;23.2
Brazil;-27.608.017;-48.510.461;ago/91;1991;aug;50.07;24.08
Brazil;-27.608.018;-48.510.462;set/91;1991;sep;72.75;25.13
Brazil;-27.608.019;-48.510.463;out/91;1991;oct;102.89;25.75
Brazil;-27.608.020;-48.510.464;nov/91;1991;nov;137.76;25.85
Brazil;-27.608.021;-48.510.465;dez/91;1991;dec;172.94;26.03
Brazil;-27.608.022;-48.510.466;jan/92;1992;jan;245.1;25.75
Brazil;-27.608.023;-48.510.467;fev/92;1992;feb;231.96;25.43
Brazil;-27.608.024;-48.510.468;mar/92;1992;mar;226.05;25.39
Brazil;-27.608.025;-48.510.469;abr/92;1992;apr;167.64;25.15
Brazil;-27.608.026;-48.510.470;mai/92;1992;may;107.44;24.96
Brazil;-27.608.027;-48.510.471;jun/92;1992;jun;62.5;24.19
Brazil;-27.608.028;-48.510.472;jul/92;1992;jul;65.16;22.94
Brazil;-27.608.029;-48.510.473;ago/92;1992;aug;54.98;24.02
Brazil;-27.608.030;-48.510.474;set/92;1992;sep;89.75;24.64
Brazil;-27.608.031;-48.510.475;out/92;1992;oct;115.7;25.72
Brazil;-27.608.032;-48.510.476;nov/92;1992;nov;162.92;25.39
Brazil;-27.608.033;-48.510.477;dez/92;1992;dec;183.86;25.36
Brazil;-27.608.034;-48.510.478;jan/93;1993;jan;208.59;25.7
Brazil;-27.608.035;-48.510.479;fev/93;1993;feb;233.73;25.17
Brazil;-27.608.036;-48.510.480;mar/93;1993;mar;189.51;25.53
Brazil;-27.608.037;-48.510.481;abr/93;1993;apr;169.29;25.21
Brazil;-27.608.038;-48.510.482;mai/93;1993;may;111.49;24.38
Brazil;-27.608.039;-48.510.483;jun/93;1993;jun;82.27;23.47
Brazil;-27.608.040;-48.510.484;jul/93;1993;jul;63.82;23.37
Brazil;-27.608.041;-48.510.485;ago/93;1993;aug;54.4;24.07
Brazil;-27.608.042;-48.510.486;set/93;1993;sep;83.15;25.22
Brazil;-27.608.043;-48.510.487;out/93;1993;oct;118.93;26.18
Brazil;-27.608.044;-48.510.488;nov/93;1993;nov;164.7;26.03
Brazil;-27.608.045;-48.510.489;dez/93;1993;dec;213.8;25.84
Brazil;-27.608.046;-48.510.490;jan/94;1994;jan;250.47;25.51
Brazil;-27.608.047;-48.510.491;fev/94;1994;feb;221.93;25.7
Brazil;-27.608.048;-48.510.492;mar/94;1994;mar;269.43;25.27
Brazil;-27.608.049;-48.510.493;abr/94;1994;apr;184.14;25.2
Brazil;-27.608.050;-48.510.494;mai/94;1994;may;135.65;24.85
Brazil;-27.608.051;-48.510.495;jun/94;1994;jun;111.3;23.59
Brazil;-27.608.052;-48.510.496;jul/94;1994;jul;67.81;23.29
Brazil;-27.608.053;-48.510.497;ago/94;1994;aug;53.67;24.24
Brazil;-27.608.054;-48.510.498;set/94;1994;sep;78.19;25.59
Brazil;-27.608.055;-48.510.499;out/94;1994;oct;123.86;26.33
Brazil;-27.608.056;-48.510.500;nov/94;1994;nov;166.1;26.04
Brazil;-27.608.057;-48.510.501;dez/94;1994;dec;187.86;26.03
Brazil;-27.608.058;-48.510.502;jan/95;1995;jan;203.88;26.09
Brazil;-27.608.059;-48.510.503;fev/95;1995;feb;221.83;25.71
Brazil;-27.608.060;-48.510.504;mar/95;1995;mar;217.48;25.78
Brazil;-27.608.061;-48.510.505;abr/95;1995;apr;205.03;25.02
Brazil;-27.608.062;-48.510.506;mai/95;1995;may;149.02;24.29
Brazil;-27.608.063;-48.510.507;jun/95;1995;jun;86.74;23.68
Brazil;-27.608.064;-48.510.508;jul/95;1995;jul;70.47;24.16
Brazil;-27.608.065;-48.510.509;ago/95;1995;aug;37.28;24.86
Brazil;-27.608.066;-48.510.510;set/95;1995;sep;62.95;25.79
Brazil;-27.608.067;-48.510.511;out/95;1995;oct;113.93;26.22
Brazil;-27.608.068;-48.510.512;nov/95;1995;nov;181.75;25.78
Brazil;-27.608.069;-48.510.513;dez/95;1995;dec;222.95;25.8
Brazil;-27.608.070;-48.510.514;jan/96;1996;jan;240.9;25.84
Brazil;-27.608.071;-48.510.515;fev/96;1996;feb;213.8;25.88
Brazil;-27.608.072;-48.510.516;mar/96;1996;mar;256.47;25.57
Brazil;-27.608.073;-48.510.517;abr/96;1996;apr;206.22;25.12
Brazil;-27.608.074;-48.510.518;mai/96;1996;may;124.83;24.33
Brazil;-27.608.075;-48.510.519;jun/96;1996;jun;92.8;22.93
Brazil;-27.608.076;-48.510.520;jul/96;1996;jul;67.31;23.21
Brazil;-27.608.077;-48.510.521;ago/96;1996;aug;56.77;24.74
Brazil;-27.608.078;-48.510.522;set/96;1996;sep;80.51;25.1
Brazil;-27.608.079;-48.510.523;out/96;1996;oct;129.03;26.05
Brazil;-27.608.080;-48.510.524;nov/96;1996;nov;182.28;25.63
Brazil;-27.608.081;-48.510.525;dez/96;1996;dec;172.19;26.15
Brazil;-27.608.082;-48.510.526;jan/97;1997;jan;262.2;25.56
Brazil;-27.608.083;-48.510.527;fev/97;1997;feb;216.67;25.55
Brazil;-27.608.084;-48.510.528;mar/97;1997;mar;280.88;25.2
Brazil;-27.608.085;-48.510.529;abr/97;1997;apr;185.09;24.91
Brazil;-27.608.086;-48.510.530;mai/97;1997;may;123.42;24.15
Brazil;-27.608.087;-48.510.531;jun/97;1997;jun;70.69;23.64
Brazil;-27.608.088;-48.510.532;jul/97;1997;jul;54.46;23.93
Brazil;-27.608.089;-48.510.533;ago/97;1997;aug;55.4;24.52
Brazil;-27.608.090;-48.510.534;set/97;1997;sep;65.64;25.96
Brazil;-27.608.091;-48.510.535;out/97;1997;oct;112.83;26.76
Brazil;-27.608.092;-48.510.536;nov/97;1997;nov;153.2;26.67
Brazil;-27.608.093;-48.510.537;dez/97;1997;dec;197.27;26.42
Brazil;-27.608.094;-48.510.538;jan/98;1998;jan;215.77;26.54
Brazil;-27.608.095;-48.510.539;fev/98;1998;feb;197.85;26.69
Brazil;-27.608.096;-48.510.540;mar/98;1998;mar;218;26.29
Brazil;-27.608.097;-48.510.541;abr/98;1998;apr;178.87;26.19
Brazil;-27.608.098;-48.510.542;mai/98;1998;may;133.17;24.75
Brazil;-27.608.099;-48.510.543;jun/98;1998;jun;87.59;23.79
Brazil;-27.608.100;-48.510.544;jul/98;1998;jul;66.91;24.34
Brazil;-27.608.101;-48.510.545;ago/98;1998;aug;64.76;25.4
Brazil;-27.608.102;-48.510.546;set/98;1998;sep;79.42;25.73
Brazil;-27.608.103;-48.510.547;out/98;1998;oct;123.77;26.38
Brazil;-27.608.104;-48.510.548;nov/98;1998;nov;177.65;25.87
Brazil;-27.608.105;-48.510.549;dez/98;1998;dec;197.55;26.15
Brazil;-27.608.106;-48.510.550;jan/99;1999;jan;241.94;25.9
Brazil;-27.608.107;-48.510.551;fev/99;1999;feb;215.42;25.92
Brazil;-27.608.108;-48.510.552;mar/99;1999;mar;242.41;25.79
Brazil;-27.608.109;-48.510.553;abr/99;1999;apr;179.38;25.04
Brazil;-27.608.110;-48.510.554;mai/99;1999;may;157.74;23.94
Brazil;-27.608.111;-48.510.555;jun/99;1999;jun;84.5;23.74
Brazil;-27.608.112;-48.510.556;jul/99;1999;jul;61.59;23.81
Brazil;-27.608.113;-48.510.557;ago/99;1999;aug;47.68;24.36
Brazil;-27.608.114;-48.510.558;set/99;1999;sep;84.48;25.74
Brazil;-27.608.115;-48.510.559;out/99;1999;oct;115.82;25.99
Brazil;-27.608.116;-48.510.560;nov/99;1999;nov;172.97;25.66
Brazil;-27.608.117;-48.510.561;dez/99;1999;dec;223.06;25.93
Brazil;-27.608.118;-48.510.562;jan/00;2000;jan;260.02;25.76
Brazil;-27.608.119;-48.510.563;fev/00;2000;feb;254.22;25.5
Brazil;-27.608.120;-48.510.564;mar/00;2000;mar;258.94;25.34
Brazil;-27.608.121;-48.510.565;abr/00;2000;apr;200.21;25.12
Brazil;-27.608.122;-48.510.566;mai/00;2000;may;138.97;24.45
Brazil;-27.608.123;-48.510.567;jun/00;2000;jun;85.98;23.94
Brazil;-27.608.124;-48.510.568;jul/00;2000;jul;83.62;22.86
Brazil;-27.608.125;-48.510.569;ago/00;2000;aug;64.36;24.68
Brazil;-27.608.126;-48.510.570;set/00;2000;sep;105.15;25.09
Brazil;-27.608.127;-48.510.571;out/00;2000;oct;111.73;26.51
Brazil;-27.608.128;-48.510.572;nov/00;2000;nov;174.97;25.87
Brazil;-27.608.129;-48.510.573;dez/00;2000;dec;216.87;25.91
Brazil;-27.608.130;-48.510.574;jan/01;2001;jan;230.61;25.71
Brazil;-27.608.131;-48.510.575;fev/01;2001;feb;209.84;25.95
Brazil;-27.608.132;-48.510.576;mar/01;2001;mar;238.39;25.82
Brazil;-27.608.133;-48.510.577;abr/01;2001;apr;173.67;25.68
Brazil;-27.608.134;-48.510.578;mai/01;2001;may;129.62;24.63
Brazil;-27.608.135;-48.510.579;jun/01;2001;jun;98.49;23.26
Brazil;-27.608.136;-48.510.580;jul/01;2001;jul;67.4;24.02
Brazil;-27.608.137;-48.510.581;ago/01;2001;aug;46.19;25.03
Brazil;-27.608.138;-48.510.582;set/01;2001;sep;79.73;25.63
Brazil;-27.608.139;-48.510.583;out/01;2001;oct;123.62;26.16
Brazil;-27.608.140;-48.510.584;nov/01;2001;nov;161.41;26.3
Brazil;-27.608.141;-48.510.585;dez/01;2001;dec;214.71;26.11
Brazil;-27.608.142;-48.510.586;jan/02;2002;jan;266.64;25.89
Brazil;-27.608.143;-48.510.587;fev/02;2002;feb;217.75;25.87
Brazil;-27.608.144;-48.510.588;mar/02;2002;mar;211.85;26.1
Brazil;-27.608.145;-48.510.589;abr/02;2002;apr;190.05;25.82
Brazil;-27.608.146;-48.510.590;mai/02;2002;may;151.12;25.11
Brazil;-27.608.147;-48.510.591;jun/02;2002;jun;90.51;23.99
Brazil;-27.608.148;-48.510.592;jul/02;2002;jul;63.29;24.14
Brazil;-27.608.149;-48.510.593;ago/02;2002;aug;57.9;25.26
Brazil;-27.608.150;-48.510.594;set/02;2002;sep;77.95;25.52
Brazil;-27.608.151;-48.510.595;out/02;2002;oct;110.99;27
Brazil;-27.608.152;-48.510.596;nov/02;2002;nov;142.21;26.4
Brazil;-27.608.153;-48.510.597;dez/02;2002;dec;228.56;26.38
Brazil;-27.608.154;-48.510.598;jan/03;2003;jan;230.55;26.29
Brazil;-27.608.155;-48.510.599;fev/03;2003;feb;223.57;26.18
Brazil;-27.608.156;-48.510.600;mar/03;2003;mar;242.83;25.84
Brazil;-27.608.157;-48.510.601;abr/03;2003;apr;182.3;25.56
Brazil;-27.608.158;-48.510.602;mai/03;2003;may;139.14;24.58
Brazil;-27.608.159;-48.510.603;jun/03;2003;jun;93.74;24.44
Brazil;-27.608.160;-48.510.604;jul/03;2003;jul;63.75;23.75
Brazil;-27.608.161;-48.510.605;ago/03;2003;aug;67.71;24.27
Brazil;-27.608.162;-48.510.606;set/03;2003;sep;80.92;25.46
Brazil;-27.608.163;-48.510.607;out/03;2003;oct;104.28;26.2
Brazil;-27.608.164;-48.510.608;nov/03;2003;nov;146.26;26.12
Brazil;-27.608.165;-48.510.609;dez/03;2003;dec;166.59;26.45
Brazil;-27.608.166;-48.510.610;jan/04;2004;jan;273.7;25.95
Brazil;-27.608.167;-48.510.611;fev/04;2004;feb;275.8;25.56
Brazil;-27.608.168;-48.510.612;mar/04;2004;mar;249.21;25.78
Brazil;-27.608.169;-48.510.613;abr/04;2004;apr;172.98;25.81
Brazil;-27.608.170;-48.510.614;mai/04;2004;may;133.26;24.36
Brazil;-27.608.171;-48.510.615;jun/04;2004;jun;80.87;23.72
Brazil;-27.608.172;-48.510.616;jul/04;2004;jul;76.02;23.4
Brazil;-27.608.173;-48.510.617;ago/04;2004;aug;53.89;24.51
Brazil;-27.608.174;-48.510.618;set/04;2004;sep;67.14;26.13
Brazil;-27.608.175;-48.510.619;out/04;2004;oct;122.95;26.37
Brazil;-27.608.176;-48.510.620;nov/04;2004;nov;148.32;26.37
Brazil;-27.608.177;-48.510.621;dez/04;2004;dec;177.07;26.26
Brazil;-27.608.178;-48.510.622;jan/05;2005;jan;234.95;26.39
Brazil;-27.608.179;-48.510.623;fev/05;2005;feb;222.9;26.25
Brazil;-27.608.180;-48.510.624;mar/05;2005;mar;273.19;26.05
Brazil;-27.608.181;-48.510.625;abr/05;2005;apr;183.9;25.88
Brazil;-27.608.182;-48.510.626;mai/05;2005;may;155.11;25.02
Brazil;-27.608.183;-48.510.627;jun/05;2005;jun;79.85;24.48
Brazil;-27.608.184;-48.510.628;jul/05;2005;jul;55.67;23.73
Brazil;-27.608.185;-48.510.629;ago/05;2005;aug;51.54;25.28
Brazil;-27.608.186;-48.510.630;set/05;2005;sep;73.73;25.35
Brazil;-27.608.187;-48.510.631;out/05;2005;oct;116.49;26.81
Brazil;-27.608.188;-48.510.632;nov/05;2005;nov;151.3;26.32
Brazil;-27.608.189;-48.510.633;dez/05;2005;dec;236.07;25.78
Brazil;-27.608.190;-48.510.634;jan/06;2006;jan;208.87;26.37
Brazil;-27.608.191;-48.510.635;fev/06;2006;feb;233.99;26.12
Brazil;-27.608.192;-48.510.636;mar/06;2006;mar;267.43;25.94
Brazil;-27.608.193;-48.510.637;abr/06;2006;apr;223.27;25.24
Brazil;-27.608.194;-48.510.638;mai/06;2006;may;150.07;23.9
Brazil;-27.608.195;-48.510.639;jun/06;2006;jun;80.09;23.82
Brazil;-27.608.196;-48.510.640;jul/06;2006;jul;66.06;24.1
Brazil;-27.608.197;-48.510.641;ago/06;2006;aug;49.53;25.06
Brazil;-27.608.198;-48.510.642;set/06;2006;sep;74.69;25.56
Brazil;-27.608.199;-48.510.643;out/06;2006;oct;134.13;26.46
Brazil;-27.608.200;-48.510.644;nov/06;2006;nov;182.25;26.02
Brazil;-27.608.201;-48.510.645;dez/06;2006;dec;202.58;26.4
Brazil;-27.608.202;-48.510.646;jan/07;2007;jan;227.13;26.39
Brazil;-27.608.203;-48.510.647;fev/07;2007;feb;247.46;26.07
Brazil;-27.608.204;-48.510.648;mar/07;2007;mar;216.78;26.08
Brazil;-27.608.205;-48.510.649;abr/07;2007;apr;193.66;25.82
Brazil;-27.608.206;-48.510.650;mai/07;2007;may;130.29;24.33
Brazil;-27.608.207;-48.510.651;jun/07;2007;jun;71.53;24.11
Brazil;-27.608.208;-48.510.652;jul/07;2007;jul;70.99;23.76
Brazil;-27.608.209;-48.510.653;ago/07;2007;aug;54.56;24.6
Brazil;-27.608.210;-48.510.654;set/07;2007;sep;60.07;26.2
Brazil;-27.608.211;-48.510.655;out/07;2007;oct;116.69;26.69
Brazil;-27.608.212;-48.510.656;nov/07;2007;nov;160.39;26.27
Brazil;-27.608.213;-48.510.657;dez/07;2007;dec;203.91;26.13
Brazil;-27.608.214;-48.510.658;jan/08;2008;jan;265.85;25.63
Brazil;-27.608.215;-48.510.659;fev/08;2008;feb;237.26;25.64
Brazil;-27.608.216;-48.510.660;mar/08;2008;mar;277.57;25.44
Brazil;-27.608.217;-48.510.661;abr/08;2008;apr;208.7;25.18
Brazil;-27.608.218;-48.510.662;mai/08;2008;may;137.95;24
Brazil;-27.608.219;-48.510.663;jun/08;2008;jun;84.53;23.35
Brazil;-27.608.220;-48.510.664;jul/08;2008;jul;61.43;24
Brazil;-27.608.221;-48.510.665;ago/08;2008;aug;56.88;25.23
Brazil;-27.608.222;-48.510.666;set/08;2008;sep;76.02;25.53
Brazil;-27.608.223;-48.510.667;out/08;2008;oct;117.69;26.67
Brazil;-27.608.224;-48.510.668;nov/08;2008;nov;161.72;26.28
Brazil;-27.608.225;-48.510.669;dez/08;2008;dec;229.96;25.9
Brazil;-27.608.226;-48.510.670;jan/09;2009;jan;243.49;25.73
Brazil;-27.608.227;-48.510.671;fev/09;2009;feb;246.95;25.79
Brazil;-27.608.228;-48.510.672;mar/09;2009;mar;260.55;25.88
Brazil;-27.608.229;-48.510.673;abr/09;2009;apr;224.46;25.37
Brazil;-27.608.230;-48.510.674;mai/09;2009;may;157.2;24.6
Brazil;-27.608.231;-48.510.675;jun/09;2009;jun;105.7;23.33
Brazil;-27.608.232;-48.510.676;jul/09;2009;jul;75.42;23.98
Brazil;-27.608.233;-48.510.677;ago/09;2009;aug;62.74;25.02
Brazil;-27.608.234;-48.510.678;set/09;2009;sep;81.51;26.02
Brazil;-27.608.235;-48.510.679;out/09;2009;oct;144.01;26.37
Brazil;-27.608.236;-48.510.680;nov/09;2009;nov;132.2;26.98
Brazil;-27.608.237;-48.510.681;dez/09;2009;dec;221.83;26.17
Brazil;-27.608.238;-48.510.682;jan/10;2010;jan;237.21;26.38
Brazil;-27.608.239;-48.510.683;fev/10;2010;feb;208.46;26.78
Brazil;-27.608.240;-48.510.684;mar/10;2010;mar;228.82;26.48
Brazil;-27.608.241;-48.510.685;abr/10;2010;apr;208.09;25.67
Brazil;-27.608.242;-48.510.686;mai/10;2010;may;132.83;24.83
Brazil;-27.608.243;-48.510.687;jun/10;2010;jun;79.58;24.14
Brazil;-27.608.244;-48.510.688;jul/10;2010;jul;70.61;24.05
Brazil;-27.608.245;-48.510.689;ago/10;2010;aug;42.55;24.63
Brazil;-27.608.246;-48.510.690;set/10;2010;sep;63.7;26.42
Brazil;-27.608.247;-48.510.691;out/10;2010;oct;124.6;26.44
Brazil;-27.608.248;-48.510.692;nov/10;2010;nov;161.86;26.08
Brazil;-27.608.249;-48.510.693;dez/10;2010;dec;212.27;26.25
Brazil;-27.608.250;-48.510.694;jan/11;2011;jan;259.53;25.85
Brazil;-27.608.251;-48.510.695;fev/11;2011;feb;252.2;25.75
Brazil;-27.608.252;-48.510.696;mar/11;2011;mar;273.63;25.49
Brazil;-27.608.253;-48.510.697;abr/11;2011;apr;204.37;25.42
Brazil;-27.608.254;-48.510.698;mai/11;2011;may;145.81;24.49
Brazil;-27.608.255;-48.510.699;jun/11;2011;jun;77.83;23.91
Brazil;-27.608.256;-48.510.700;jul/11;2011;jul;68.64;24.15
Brazil;-27.608.257;-48.510.701;ago/11;2011;aug;54.16;25.11
Brazil;-27.608.258;-48.510.702;set/11;2011;sep;56.27;26
Brazil;-27.608.259;-48.510.703;out/11;2011;oct;141.76;26.09
Brazil;-27.608.260;-48.510.704;nov/11;2011;nov;159;25.87
Brazil;-27.608.261;-48.510.705;dez/11;2011;dec;190.95;26.13
Brazil;-27.608.262;-48.510.706;jan/12;2012;jan;244.4;25.55
Brazil;-27.608.263;-48.510.707;fev/12;2012;feb;228.27;25.77
Brazil;-27.608.264;-48.510.708;mar/12;2012;mar;216.58;25.72
Brazil;-27.608.265;-48.510.709;abr/12;2012;apr;162.22;25.63
Brazil;-27.608.266;-48.510.710;mai/12;2012;may;123.74;24.74
Brazil;-27.608.267;-48.510.711;jun/12;2012;jun;81.83;24.26
Brazil;-27.608.268;-48.510.712;jul/12;2012;jul;66.47;23.88
Brazil;-27.608.269;-48.510.713;ago/12;2012;aug;44.7;24.97
Brazil;-27.608.270;-48.510.714;set/12;2012;sep;64.74;26.26
Brazil;-27.608.271;-48.510.715;out/12;2012;oct;96.74;26.96
Brazil;-27.608.272;-48.510.716;nov/12;2012;nov;164.62;26.48
Brazil;-27.608.273;-48.510.717;dez/12;2012;dec;177.61;26.51
Brazil;-27.608.274;-48.510.718;jan/13;2013;jan;230.94;26.14
Brazil;-27.608.275;-48.510.719;fev/13;2013;feb;215.48;26.12
Brazil;-27.608.276;-48.510.720;mar/13;2013;mar;245.91;26.05
Brazil;-27.608.277;-48.510.721;abr/13;2013;apr;179.51;25.41
Brazil;-27.608.278;-48.510.722;mai/13;2013;may;144.27;24.86
Brazil;-27.608.279;-48.510.723;jun/13;2013;jun;96.77;24.56
Brazil;-27.608.280;-48.510.724;jul/13;2013;jul;75.47;23.88
Brazil;-27.608.281;-48.510.725;ago/13;2013;aug;65.73;24.43
Brazil;-27.608.282;-48.510.726;set/13;2013;sep;78.46;25.85
Brazil;-27.608.283;-48.510.727;out/13;2013;oct;121.36;26.29
Brazil;-27.608.284;-48.510.728;nov/13;2013;nov;168.69;26.05
Brazil;-27.608.285;-48.510.729;dez/13;2013;dec;214.91;26.34
Brazil;-27.608.286;-48.510.730;jan/14;2014;jan;196.68;26.18
Brazil;-27.608.287;-48.510.731;fev/14;2014;feb;233.13;25.99
Brazil;-27.608.288;-48.510.732;mar/14;2014;mar;243.29;25.71
Brazil;-27.608.289;-48.510.733;abr/14;2014;apr;187.91;25.64
Brazil;-27.608.290;-48.510.734;mai/14;2014;may;135.89;24.8
Brazil;-27.608.291;-48.510.735;jun/14;2014;jun;89.35;24.45
Brazil;-27.608.292;-48.510.736;jul/14;2014;jul;68.39;24.02
Brazil;-27.608.293;-48.510.737;ago/14;2014;aug;53.5;25.13
Brazil;-27.608.294;-48.510.738;set/14;2014;sep;73.21;26.46
Brazil;-27.608.295;-48.510.739;out/14;2014;oct;108.98;26.8
Brazil;-27.608.296;-48.510.740;nov/14;2014;nov;171.89;26.48
Brazil;-27.608.297;-48.510.741;dez/14;2014;dec;187.34;26.35
Brazil;-27.608.298;-48.510.742;jan/15;2015;jan;187.69;26.48
Brazil;-27.608.299;-48.510.743;fev/15;2015;feb;206.69;26.15
Brazil;-27.608.300;-48.510.744;mar/15;2015;mar;236.51;25.82
Brazil;-27.608.301;-48.510.745;abr/15;2015;apr;185.79;25.7
Brazil;-27.608.302;-48.510.746;mai/15;2015;may;141.27;24.98
Brazil;-27.608.303;-48.510.747;jun/15;2015;jun;79.41;24.51
Brazil;-27.608.304;-48.510.748;jul/15;2015;jul;74.81;24.54
Brazil;-27.608.305;-48.510.749;ago/15;2015;aug;43.46;25.64
Brazil;-27.608.306;-48.510.750;set/15;2015;sep;61.65;27.02
Brazil;-27.608.307;-48.510.751;out/15;2015;oct;91.63;27.08
Brazil;-27.608.308;-48.510.752;nov/15;2015;nov;130.18;26.87
Brazil;-27.608.309;-48.510.753;dez/15;2015;dec;152.39;26.83
Brazil;-27.608.310;-48.510.754;jan/16;2016;jan;247.63;26.53
Brazil;-27.608.311;-48.510.755;fev/16;2016;feb;183.71;26.44
Brazil;-27.608.312;-48.510.756;mar/16;2016;mar;218.01;26.42
Brazil;-27.608.313;-48.510.757;abr/16;2016;apr;151.26;26.5
Brazil;-27.608.314;-48.510.758;mai/16;2016;may;115.79;25.04
Brazil;-27.608.315;-48.510.759;jun/16;2016;jun;75.47;23.8
Brazil;-27.608.316;-48.510.760;jul/16;2016;jul;60.12;24.44
Brazil;-27.608.317;-48.510.761;ago/16;2016;aug;53.36;25.43
Brazil;-27.608.318;-48.510.762;set/16;2016;sep;67.81;25.87
Brazil;-27.608.319;-48.510.763;out/16;2016;oct;122.37;26.79
Brazil;-27.608.320;-48.510.764;nov/16;2016;nov;136.67;26.39
Brazil;-27.608.321;-48.510.765;dez/16;2016;dec;187.19;26.41
Brazil;-27.608.322;-48.510.766;jan/17;2017;jan;211.73;26.28
Brazil;-27.608.323;-48.510.767;fev/17;2017;feb;229.42;26.17
Brazil;-27.608.324;-48.510.768;mar/17;2017;mar;223.78;26.04
Brazil;-27.608.325;-48.510.769;abr/17;2017;apr;177.83;25.7
Brazil;-27.608.326;-48.510.770;mai/17;2017;may;126.38;25.38
Brazil;-27.608.327;-48.510.771;jun/17;2017;jun;75.69;24.48
Brazil;-27.608.328;-48.510.772;jul/17;2017;jul;48.63;23.89
Brazil;-27.608.329;-48.510.773;ago/17;2017;aug;47.49;25.23
Brazil;-27.608.330;-48.510.774;set/17;2017;sep;61.73;26.38
Brazil;-27.608.331;-48.510.775;out/17;2017;oct;100.69;26.95
Brazil;-27.608.332;-48.510.776;nov/17;2017;nov;150.06;26.4
Brazil;-27.608.333;-48.510.777;dez/17;2017;dec;201.06;26.33
Brazil;-27.608.334;-48.510.778;jan/18;2018;jan;213.05;26.08
Brazil;-27.608.335;-48.510.779;fev/18;2018;feb;247.38;25.87
Brazil;-27.608.336;-48.510.780;mar/18;2018;mar;221.83;26.23
Brazil;-27.608.337;-48.510.781;abr/18;2018;apr;200.54;25.65
Brazil;-27.608.338;-48.510.782;mai/18;2018;may;124.83;24.89
Brazil;-27.608.339;-48.510.783;jun/18;2018;jun;69.7;23.89
Brazil;-27.608.340;-48.510.784;jul/18;2018;jul;64.71;24.23
Brazil;-27.608.341;-48.510.785;ago/18;2018;aug;58.73;24.7
Brazil;-27.608.342;-48.510.786;set/18;2018;sep;78.87;26.28
Brazil;-27.608.343;-48.510.787;out/18;2018;oct;123;26.65
Brazil;-27.608.344;-48.510.788;nov/18;2018;nov;174.44;26.45
Brazil;-27.608.345;-48.510.789;dez/18;2018;dec;218.23;26.18
Brazil;-27.608.346;-48.510.790;jan/19;2019;jan;197.94;26.54
Brazil;-27.608.347;-48.510.791;fev/19;2019;feb;215.2;26.35
Brazil;-27.608.348;-48.510.792;mar/19;2019;mar;239.58;26.25
Brazil;-27.608.349;-48.510.793;abr/19;2019;apr;190.78;26.07
Brazil;-27.608.350;-48.510.794;mai/19;2019;may;145.5;25.41
Brazil;-27.608.351;-48.510.795;jun/19;2019;jun;78.35;24.81
Brazil;-27.608.352;-48.510.796;jul/19;2019;jul;65.64;23.98
Brazil;-27.608.353;-48.510.797;ago/19;2019;aug;48.04;25.05
Brazil;-27.608.354;-48.510.798;set/19;2019;sep;61.47;26.64
Brazil;-27.608.355;-48.510.799;out/19;2019;oct;115.6;26.84
Brazil;-27.608.356;-48.510.800;nov/19;2019;nov;149.33;26.84
Brazil;-27.608.357;-48.510.801;dez/19;2019;dec;175.68;26.54
Brazil;-27.608.358;-48.510.802;jan/20;2020;jan;246.83;26.56
Brazil;-27.608.359;-48.510.803;fev/20;2020;feb;223.96;26.34
Brazil;-27.608.360;-48.510.804;mar/20;2020;mar;232.12;26.38
Brazil;-27.608.361;-48.510.805;abr/20;2020;apr;180.8;25.65
Brazil;-27.608.362;-48.510.806;mai/20;2020;may;129.01;24.72
Brazil;-27.608.363;-48.510.807;jun/20;2020;jun;91.14;24.55
Brazil;-27.608.364;-48.510.808;jul/20;2020;jul;59.04;24.45
Brazil;-27.608.365;-48.510.809;ago/20;2020;aug;46.48;25.32
Brazil;-27.608.366;-48.510.810;set/20;2020;sep;58.55;26.8
Brazil;-27.608.367;-48.510.811;out/20;2020;oct;107.87;27.21
Brazil;-27.608.368;-48.510.812;nov/20;2020;nov;164.6;26.64
Brazil;-27.608.369;-48.510.813;dez/20;2020;dec;187.95;26.54
Brazil;-27.608.370;-48.510.814;jan/21;2021;jan;208.44;26.23
Brazil;-27.608.371;-48.510.815;fev/21;2021;feb;234.56;25.92
Brazil;-27.608.372;-48.510.816;mar/21;2021;mar;242.57;25.74
Brazil;-27.608.373;-48.510.817;abr/21;2021;apr;175.63;25.56
Brazil;-27.608.374;-48.510.818;mai/21;2021;may;112.32;24.67
Brazil;-27.608.375;-48.510.819;jun/21;2021;jun;82.78;24.05
Brazil;-27.608.376;-48.510.820;jul/21;2021;jul;64.56;23.8
Brazil;-27.608.377;-48.510.821;ago/21;2021;aug;57.48;25.41
Brazil;-27.608.378;-48.510.822;set/21;2021;sep;64.23;26.73
Brazil;-27.608.379;-48.510.823;out/21;2021;oct;129.19;26.66
Brazil;-27.608.380;-48.510.824;nov/21;2021;nov;185.38;26.11
Brazil;-27.608.381;-48.510.825;dez/21;2021;dec;224.42;26.02
Brazil;-27.608.382;-48.510.826;jan/22;2022;jan;214.88;26.3
Brazil;-27.608.383;-48.510.827;fev/22;2022;feb;209.12;26.24
Brazil;-27.608.384;-48.510.828;mar/22;2022;mar;249.58;25.85
Brazil;-27.608.385;-48.510.829;abr/22;2022;apr;167.74;25.83
Brazil;-27.608.386;-48.510.830;mai/22;2022;may;111.04;24.19
Brazil;-27.608.387;-48.510.831;jun/22;2022;jun;84.9;23.78
Brazil;-27.608.388;-48.510.832;jul/22;2022;jul;56.1;24.83
Brazil;-27.608.389;-48.510.833;ago/22;2022;aug;58.35;24.88
Brazil;-27.608.390;-48.510.834;set/22;2022;sep;65.06;25.87
Brazil;-27.608.391;-48.510.835;out/22;2022;oct;119.19;26.69
Brazil;-27.608.392;-48.510.836;nov/22;2022;nov;174.18;25.86
Brazil;-27.608.393;-48.510.837;dez/22;2022;dec;200.41;26.16
