COD,REG,MUN,POPT2010,POPT2011,POPT2012,POPT2013,POPT2014,POPT2015,POPT2016,POPT2017,POPT2018,POPT2019,POPT2020,POPT2021,POPU2010,POPU2011,POPU2012,POPU2013,POPU2014,POPU2015,POPU2016,POPU2017,POPU2018,POPU2019,POPU2020,POPU2021,POPTESG2010,POPTESG2011,POPTESG2012,POPTESG2013,POPTESG2014,POPTESG2015,POPTESG2016,POPTESG2017,POPTESG2018,POPTESG2019,POPTESG2020,POPTESG2021,POPUESG2010,POPUESG2011,POPUESG2012,POPUESG2013,POPUESG2014,POPUESG2015,POPUESG2016,POPUESG2017,POPUESG2018,POPUESG2019,POPUESG2020,POPUESG2021,POPR2010,POPR2011,POPR2012,POPR2013,POPR2014,POPR2015,POPR2016,POPR2017,POPR2018,POPR2019,POPR2020,POPR2021
420005,Serrana,Abdon Batista,2653.0,2644.0,2635,2656,2643,2630,2617,2604,2577,2563,2548,2534,724.0,722.0,719,725,721,718,714,711,703,699,695,692,0,0,0,0,0,0,0,0,0,0,610,692,0,0,0,0,0,0,0,0,0,0,610,692,1929.0,1922.0,1916,1931,1922,1912,1903,1893,1874,1864,1853,1842
420010,Oeste Catarinense ,Abelardo Luz,17100.0,17151.0,17200,17584,17651,17717,17782,17847,17847,17904,17960,18015,9570.0,9599.0,9626,9841,9878,9915,9952,9988,9988,10020,10051,10082,0,0,0,0,0,0,0,0,0,0,0,0,0,0,0,0,0,0,0,0,0,0,0,0,7530.0,7552.0,7574,7743,7773,7802,7830,7859,7859,7884,7909,7933
420020,Vale do Itajai ,Agrolandia,9323.0,9440.0,9552,9957,10115,10272,10427,10581,10711,10864,11013,11160,5959.0,6034.0,6105,6364,6465,6566,6665,6763,6846,6944,7039,7133,0,0,0,0,0,0,0,0,0,0,0,0,0,0,0,0,0,0,0,0,0,0,0,0,3364.0,3406.0,3447,3593,3650,3706,3762,3818,3865,3920,3974,4027
420030,Vale do Itajai ,Agronomica,4904.0,4954.0,4985,5172,5239,5306,5371,5437,5385,5448,5509,5570,1858.0,1877.0,1889,1960,1985,2010,2035,2060,2040,2064,2087,2110,0,0,0,0,0,0,0,0,0,0,0,0,0,0,0,0,0,0,0,0,0,0,0,0,3046.0,3077.0,3096,3212,3254,3296,3336,3377,3345,3384,3422,3460
420040,Oeste Catarinense ,Agua Doce,6961.0,6971.0,6979,7110,7121,7132,7143,7154,7138,7145,7152,7160,3433.0,3438.0,3442,3506,3512,3517,3523,3528,3520,3524,3527,3531,0,0,0,0,0,0,0,0,0,0,0,1,0,0,0,0,0,0,0,0,0,0,0,0,3528.0,3533.0,3537,3604,3609,3615,3620,3626,3618,3621,3625,3629
420050,Oeste Catarinense ,Aguas de Chapeco,6110.0,6136.0,6160,6313,6346,6379,6412,6445,6455,6486,6515,6544,3236.0,3250.0,3262,3344,3361,3378,3396,3413,3419,3435,3450,3466,0,0,0,0,0,0,0,0,0,0,0,0,0,0,0,0,0,0,0,0,0,0,0,0,2874.0,2886.0,2898,2969,2985,3001,3016,3032,3036,3051,3065,3078
420055,Oeste Catarinense ,Aguas Frias,2424.0,2417.0,2409,2430,2419,2408,2397,2387,2378,2366,2354,2341,981.0,978.0,975,983,979,975,970,966,962,958,953,947,0,0,0,0,0,0,0,0,0,0,0,0,0,0,0,0,0,0,0,0,0,0,0,0,1443.0,1439.0,1434,1447,1440,1433,1427,1421,1416,1408,1401,1394
420060,Grande Florianopolis,Aguas Mornas,5548.0,5618.0,5685,5926,6020,6113,6206,6298,6378,6469,6559,6646,2327.0,2356.0,2384,2486,2525,2564,2603,2642,2675,2713,2751,2788,0,0,0,0,0,0,0,0,0,0,0,0,0,0,0,0,0,0,0,0,0,0,0,0,3221.0,3262.0,3301,3440,3495,3549,3603,3656,3703,3756,3808,3858
420070,Grande Florianopolis,Alfredo Wagner,9410.0,9453.0,9494,9737,9794,9850,9905,9960,9984,10036,10086,10136,2868.0,2881.0,2894,2968,2985,3002,3019,3036,3043,3059,3074,3089,0,0,0,0,0,9850,9850,9850,9850,9963,0,0,0,0,0,0,0,3002,3002,3002,3002,3040,0,0,6542.0,6572.0,6600,6769,6809,6848,6886,6924,6941,6977,7012,7047
420075,Oeste Catarinense ,Alto Bela Vista,2005.0,1998.0,1991,2007,1997,1987,1977,1967,1948,1937,1926,1915,605.0,603.0,601,606,603,600,597,594,588,584,581,578,0,0,0,0,0,0,0,0,0,0,0,0,0,0,0,0,0,0,0,0,0,0,0,0,1400.0,1395.0,1390,1401,1394,1387,1380,1373,1360,1353,1345,1337
420080,Oeste Catarinense ,Anchieta,6380.0,6323.0,6172,6145,6066,5987,5909,5832,5721,5638,5557,5477,2586.0,2563.0,2502,2491,2459,2427,2395,2364,2319,2285,2252,2220,0,0,0,0,0,0,0,0,0,0,0,0,0,0,0,0,0,0,0,0,0,0,0,0,3794.0,3760.0,3670,3654,3607,3560,3514,3468,3402,3353,3305,3257
420090,Grande Florianopolis,Angelina,5250.0,5210.0,5171,5166,5109,5053,4998,4943,4860,4801,4743,4686,1123.0,1114.0,1106,1105,1093,1081,1069,1057,1040,1027,1015,1002,0,0,0,0,0,0,0,0,0,0,0,0,0,0,0,0,0,0,0,0,0,0,0,0,4127.0,4096.0,4065,4061,4016,3972,3929,3886,3820,3774,3728,3684
420100,Serrana,Anita Garibaldi,8623.0,8497.0,8374,8230,8055,7881,7708,7537,7313,7133,6957,6783,4551.0,4485.0,4420,4344,4251,4159,4068,3978,3860,3765,3672,3580,0,0,0,0,0,0,0,0,0,0,0,0,0,0,0,0,0,0,0,0,0,0,0,0,4072.0,4012.0,3954,3886,3804,3722,3640,3559,3453,3368,3285,3203
420110,Grande Florianopolis,Anitapolis,3214.0,3213.0,3211,3259,3256,3253,3251,3248,3236,3232,3228,3223,1315.0,1315.0,1314,1333,1332,1331,1330,1329,1324,1322,1321,1319,0,1315,0,0,0,0,0,0,0,0,0,0,0,1315,0,0,0,0,0,0,0,0,0,0,1899.0,1898.0,1897,1926,1924,1922,1921,1919,1912,1910,1907,1904
420120,Grande Florianopolis,Antonio Carlos,7458.0,7537.0,7613,7906,8012,8118,8223,8327,8411,8513,8613,8712,2341.0,2366.0,2390,2482,2515,2548,2581,2614,2640,2672,2704,2735,0,0,0,0,0,0,0,0,0,0,0,0,0,0,0,0,0,0,0,0,0,0,0,0,5117.0,5171.0,5223,5424,5497,5570,5642,5713,5771,5841,5909,5977
420125,Vale do Itajai ,Apiuna,9600.0,9683.0,9764,10099,10211,10322,10432,10542,10636,10743,10848,10951,4288.0,4325.0,4361,4511,4561,4610,4660,4709,4751,4799,4845,4891,0,0,0,0,0,0,10432,0,0,0,0,0,0,0,0,0,0,0,4660,0,0,0,0,0,5312.0,5358.0,5403,5588,5650,5712,5772,5833,5885,5944,6003,6060
420127,Oeste Catarinense ,Arabuta,4193.0,4196.0,4198,4270,4273,4276,4278,4281,4266,4267,4267,4268,1307.0,1308.0,1309,1331,1332,1333,1333,1334,1330,1330,1330,1330,0,0,0,0,0,0,0,0,0,0,0,0,0,0,0,0,0,0,0,0,0,0,0,0,2886.0,2888.0,2889,2939,2941,2943,2945,2947,2936,2937,2937,2938
420130,Norte Catarinense,Araquari,24810.0,25860.0,26875,29593,31030,32454,33867,35268,36710,38129,39524,40890,23353.0,24341.0,25297,27855,29208,30548,31878,33197,34554,35890,37203,38489,1460,0,0,3000,0,0,0,0,1537,1595,1636,1629,650,0,0,600,0,0,0,0,1537,1595,1636,1629,1457.0,1519.0,1578,1738,1822,1906,1989,2071,2156,2239,2321,2401
420140,Sul Catarinense ,Ararangua,61310.0,61817.0,62308,64405,65090,65769,66442,67110,67578,68228,68867,69493,50526.0,50944.0,51348,53077,53641,54201,54755,55306,55692,56227,56754,57270,0,0,0,0,0,0,0,1076,1164,9064,9727,9972,0,0,0,0,0,0,0,1076,1164,9064,9727,9972,10784.0,10873.0,10960,11328,11449,11568,11687,11804,11886,12001,12113,12223
420150,Sul Catarinense ,Armazem,7753.0,7821.0,7886,8159,8251,8341,8431,8520,8587,8674,8759,8843,4884.0,4927.0,4968,5140,5198,5254,5311,5367,5409,5464,5518,5571,0,0,0,0,0,0,0,0,0,0,0,0,0,0,0,0,0,0,0,0,0,0,0,0,2869.0,2894.0,2918,3019,3053,3087,3120,3153,3178,3210,3241,3272
420160,Oeste Catarinense ,Arroio Trinta,3502.0,3503.0,3504,3562,3563,3563,3564,3564,3551,3550,3549,3547,2397.0,2398.0,2398,2438,2439,2439,2439,2439,2431,2430,2429,2428,2230,0,0,2438,0,0,2500,0,1920,1940,2250,2280,2230,0,0,1900,0,0,2430,0,1920,1940,2250,2280,1105.0,1105.0,1106,1124,1124,1124,1125,1125,1120,1120,1120,1119
420165,Oeste Catarinense ,Arvoredo,2260.0,2257.0,2254,2281,2276,2271,2266,2261,2246,2240,2234,2228,501.0,500.0,500,506,505,503,502,501,498,497,495,494,0,0,0,0,0,0,0,0,0,0,0,0,0,0,0,0,0,0,0,0,0,0,0,0,1759.0,1757.0,1754,1775,1771,1768,1764,1760,1748,1743,1739,1734
420170,Vale do Itajai ,Ascurra,7412.0,7449.0,7485,7683,7732,7781,7829,7877,7889,7934,7978,8021,6457.0,6489.0,6521,6693,6736,6778,6820,6862,6873,6912,6950,6988,0,0,0,0,0,0,0,0,0,0,0,0,0,0,0,0,0,0,0,0,0,0,0,0,955.0,960.0,964,990,996,1003,1009,1015,1016,1022,1028,1033
420180,Vale do Itajai ,Atalanta,3300.0,3291.0,3281,3310,3296,3282,3268,3254,3226,3210,3195,3179,1368.0,1364.0,1360,1372,1366,1361,1355,1349,1337,1331,1324,1318,1368,0,0,0,0,0,0,0,0,0,0,0,1368,0,0,0,0,0,0,0,0,0,0,0,1932.0,1927.0,1921,1938,1930,1921,1913,1905,1889,1879,1871,1861
420190,Vale do Itajai ,Aurora,5549.0,5555.0,5561,5661,5668,5674,5681,5688,5676,5679,5683,5687,1931.0,1933.0,1935,1970,1972,1974,1977,1979,1975,1976,1978,1979,0,0,0,0,0,0,0,0,0,0,0,0,0,0,0,0,0,0,0,0,0,0,0,0,3618.0,3622.0,3626,3691,3696,3700,3704,3709,3701,3703,3705,3708
420195,Sul Catarinense ,Balneario Arroio do Silva,9586.0,9858.0,10121,10876,11248,11616,11982,12344,12705,13071,13430,13782,9391.0,9657.0,9915,10655,11019,11380,11738,12093,12447,12805,13157,13502,0,0,0,0,0,0,0,0,0,0,0,0,0,0,0,0,0,0,0,0,0,0,0,0,195.0,201.0,206,221,229,236,244,251,258,266,273,280
420205,Norte Catarinense,Balneario Barra do Sul,8430.0,8614.0,8791,9330,9580,9828,10073,10317,10550,10795,11035,11271,8035.0,8210.0,8379,8893,9131,9367,9601,9834,10056,10289,10518,10743,0,0,0,0,0,0,0,0,0,0,0,0,0,0,0,0,0,0,0,0,0,0,0,0,395.0,404.0,412,437,449,461,472,483,494,506,517,528
420200,Vale do Itajai ,Balneario Camboriu,108089.0,110748.0,113319,120926,124557,128155,131727,135268,138732,142295,145796,149227,108089.0,110748.0,113319,120926,124557,128155,131727,135268,138732,142295,145796,149227,90289,90289,90289,102787,104994,104994,117000,117000,130000,135000,138506,141764,90289,90289,90289,102787,104994,104994,117000,117000,130000,135000,138506,141764,0.0,0.0,0,0,0,0,0,0,0,0,0,0
420207,Sul Catarinense ,Balneario Gaivota,8234.0,8448.0,8655,9259,9551,9841,10128,10413,10692,10979,11260,11537,6363.0,6528.0,6688,7155,7381,7605,7827,8047,8262,8484,8701,8915,0,0,0,0,0,0,0,0,0,0,0,0,0,0,0,0,0,0,0,0,0,0,0,0,1871.0,1920.0,1967,2104,2170,2236,2301,2366,2430,2495,2559,2622
421280,Vale do Itajai ,Balneario Picarras,17078.0,17552.0,18010,19329,19976,20617,21253,21884,22511,23147,23772,24385,15500.0,15930.0,16346,17543,18130,18712,19289,19862,20431,21008,21575,22132,0,0,0,0,0,0,0,0,0,0,1,4932,0,0,0,0,0,0,0,0,0,0,1,4932,1578.0,1622.0,1664,1786,1846,1905,1964,2022,2080,2139,2197,2253
422000,Sul Catarinense ,Balneario Rincao,,,11136,11628,11824,12018,12212,12403,12570,12760,12946,13129,,,10205,10656,10835,11013,11191,11366,11519,11693,11863,12031,0,0,0,0,0,0,0,0,0,0,0,0,0,0,0,0,0,0,0,0,0,0,0,0,,,931,972,989,1005,1021,1037,1051,1067,1083,1098
420208,Oeste Catarinense ,Bandeirante,2906.0,2886.0,2866,2865,2836,2808,2779,2751,2708,2678,2648,2618,931.0,925.0,918,918,909,900,890,881,868,858,848,839,0,0,0,0,0,0,0,0,0,0,0,0,0,0,0,0,0,0,0,0,0,0,0,0,1975.0,1961.0,1948,1947,1927,1908,1889,1870,1840,1820,1800,1779
420209,Oeste Catarinense ,Barra Bonita,1878.0,1860.0,1853,1842,1815,1790,1764,1739,1704,1677,1651,1625,279.0,276.0,275,274,270,266,262,258,253,249,245,241,0,0,0,0,0,0,0,0,0,0,0,0,0,0,0,0,0,0,0,0,0,0,0,0,1599.0,1584.0,1578,1568,1545,1524,1502,1481,1451,1428,1406,1384
420210,Vale do Itajai ,Barra Velha,22386.0,22913.0,23422,24943,25662,26374,27080,27781,28463,29168,29860,30539,21320.0,21822.0,22307,23755,24440,25118,25790,26458,27108,27779,28438,29085,0,0,0,0,0,0,0,0,0,0,0,0,0,0,0,0,0,0,0,0,0,0,0,0,1066.0,1091.0,1115,1188,1222,1256,1290,1323,1355,1389,1422,1454
420213,Norte Catarinense,Bela Vista do Toldo,6004.0,6026.0,6047,6191,6219,6248,6276,6304,6311,6337,6362,6386,847.0,850.0,853,873,877,881,885,889,890,894,898,901,0,0,0,0,0,0,0,0,0,0,0,0,0,0,0,0,0,0,0,0,0,0,0,0,5157.0,5176.0,5194,5318,5342,5367,5391,5415,5421,5443,5464,5485
420215,Oeste Catarinense ,Belmonte,2635.0,2639.0,2643,2692,2696,2700,2705,2709,2703,2706,2709,2712,1273.0,1275.0,1277,1301,1302,1304,1307,1309,1306,1307,1309,1310,0,0,0,0,0,0,0,0,0,0,0,0,0,0,0,0,0,0,0,0,0,0,0,0,1362.0,1364.0,1366,1391,1394,1396,1398,1400,1397,1399,1400,1402
420220,Vale do Itajai ,Benedito Novo,10336.0,10434.0,10528,10906,11037,11168,11297,11425,11526,11652,11775,11896,5804.0,5859.0,5912,6124,6198,6271,6344,6416,6472,6543,6612,6680,0,0,0,0,0,0,0,0,0,0,0,0,0,0,0,0,0,0,0,0,0,0,0,0,4532.0,4575.0,4616,4782,4839,4897,4953,5009,5054,5109,5163,5216
420230,Grande Florianopolis,Biguacu,58206.0,58984.0,59736,62383,63440,64488,65528,66558,67458,68481,69486,70471,52758.0,53463.0,54145,56544,57502,58452,59395,60328,61144,62071,62982,63875,0,0,0,0,0,0,0,0,0,0,0,0,0,0,0,0,0,0,0,0,0,0,0,0,5448.0,5521.0,5591,5839,5938,6036,6133,6230,6314,6410,6504,6596
420240,Vale do Itajai ,Blumenau,309011.0,312635.0,316139,329082,334002,338876,343715,348513,352460,357199,361855,366418,294773.0,298230.0,301573,313919,318613,323262,327878,332455,336220,340741,345182,349535,10166,15450,22818,87139,97496,106676,131151,139631,144575,149926,162048,168821,10166,15450,22818,87139,97496,106676,131151,139631,144575,149926,162048,168821,14238.0,14405.0,14566,15163,15389,15614,15837,16058,16240,16458,16673,16883
420243,Serrana,Bocaina do Sul,3290.0,3303.0,3314,3393,3408,3424,3440,3456,3460,3474,3488,3501,967.0,971.0,974,997,1002,1006,1011,1016,1017,1021,1025,1029,0,0,0,0,0,0,0,0,0,0,0,0,0,0,0,0,0,0,0,0,0,0,0,0,2323.0,2332.0,2340,2396,2406,2418,2429,2440,2443,2453,2463,2472
420250,Serrana,Bom Jardim da Serra,4395.0,4420.0,15136,16311,4598,4631,4663,4694,4712,4743,4772,4801,2397.0,2411.0,15136,16311,2508,2526,2543,2560,2570,2587,2603,2618,0,0,0,2889,0,0,0,2560,2570,2580,2580,0,0,0,2836,2889,0,0,0,2560,2570,2580,2580,0,1998.0,2009.0,0,0,2090,2105,2120,2134,2142,2156,2169,2183
420253,Oeste Catarinense ,Bom Jesus,2526.0,2563.0,4443,4566,2771,2821,2870,2919,2961,3010,3057,3104,1495.0,1517.0,2423,2490,1640,1670,1699,1728,1752,1781,1809,1837,0,0,0,0,0,0,0,0,0,0,0,0,0,0,0,0,0,0,0,0,0,0,0,0,1031.0,1046.0,2020,2076,1131,1151,1171,1191,1209,1229,1248,1267
420257,Oeste Catarinense ,Bom Jesus do Oeste,2132.0,2131.0,2599,2721,2158,2156,2153,2151,2146,2142,2139,2136,647.0,647.0,1538,1610,655,654,653,653,651,650,649,648,0,0,0,0,0,0,0,0,0,0,0,0,0,0,0,0,0,0,0,0,0,0,0,0,1485.0,1484.0,1061,1111,1503,1502,1500,1498,1495,1492,1490,1488
420260,Serrana,Bom Retiro,8942.0,9017.0,2130,2160,9498,9598,9698,9796,9870,9966,10060,10153,6417.0,6471.0,646,655,6816,6888,6960,7030,7083,7152,7219,7286,0,0,0,0,0,0,0,0,0,0,0,0,0,0,0,0,0,0,0,0,0,0,0,0,2525.0,2546.0,1484,1505,2682,2710,2738,2766,2787,2814,2841,2867
420245,Vale do Itajai ,Bombinhas,14293.0,14722.0,9090,9397,16897,17477,18052,18623,19193,19769,20335,20889,14293.0,14722.0,6523,6744,16897,17477,18052,18623,19193,19769,20335,20889,2558,2689,2836,0,2955,3060,3085,3427,3532,3638,3604,3428,2558,2689,0,0,2955,3060,3085,3427,3532,3638,3604,3428,0.0,0.0,2567,2653,0,0,0,0,0,0,0,0
420270,Vale do Itajai ,Botuvera,4468.0,4527.0,4584,4785,4864,4943,5022,5100,5169,5246,5322,5396,1310.0,1327.0,1344,1403,1426,1449,1472,1495,1516,1538,1560,1582,0,0,0,0,0,0,0,0,0,0,0,0,0,0,0,0,0,0,0,0,0,0,0,0,3158.0,3200.0,3240,3382,3438,3494,3550,3605,3653,3708,3762,3814
420280,Sul Catarinense ,Braco do Norte,29018.0,29351.0,29672,30868,31319,31765,32209,32648,33016,33450,33876,34294,23383.0,23651.0,23910,24874,25237,25597,25954,26308,26605,26954,27298,27634,0,0,0,0,0,0,0,0,6658,6723,6879,7109,0,0,0,0,0,0,0,0,6658,6723,6879,7109,5635.0,5700.0,5762,5994,6082,6168,6255,6340,6411,6496,6578,6660
420285,Vale do Itajai ,Braco do Trombudo,3457.0,3478.0,3498,3599,3627,3654,3682,3709,3718,3743,3769,3794,1898.0,1910.0,1921,1976,1991,2006,2022,2036,2041,2055,2069,2083,0,0,0,0,0,0,0,0,0,0,0,0,0,0,0,0,0,0,0,0,0,0,0,0,1559.0,1568.0,1577,1623,1636,1648,1660,1673,1677,1688,1700,1711
420287,Serrana,Brunopolis,2850.0,2814.0,2778,2741,2690,2639,2589,2539,2473,2420,2368,2318,705.0,696.0,687,678,665,653,640,628,612,599,586,573,0,0,0,0,0,0,0,0,0,0,0,0,0,0,0,0,0,0,0,0,0,0,0,0,2145.0,2118.0,2091,2063,2025,1986,1949,1911,1861,1821,1782,1745
420290,Vale do Itajai ,Brusque,105503.0,107764.0,109950,116634,119719,122775,125810,128818,131703,134723,137689,140597,102025.0,104211.0,106325,112789,115772,118728,121663,124571,127361,130282,133150,135962,0,0,0,0,0,0,0,0,0,0,0,0,0,0,0,0,0,0,0,0,0,0,0,0,3478.0,3553.0,3625,3845,3947,4047,4147,4247,4342,4441,4539,4635
420300,Oeste Catarinense ,Cacador,70762.0,71334.0,71886,74276,75048,75812,76571,77323,77863,78595,79313,80017,64457.0,64978.0,65481,67658,68361,69057,69748,70433,70925,71592,72246,72887,0,0,0,5524,3120,3339,3479,3538,3546,0,0,0,0,0,0,3016,3120,3339,3479,3538,3546,0,0,0,6305.0,6356.0,6405,6618,6687,6755,6823,6890,6938,7003,7067,7130
420310,Oeste Catarinense ,Caibi,6219.0,6209.0,6199,6274,6259,6243,6228,6213,6167,6148,6130,6112,3578.0,3572.0,3566,3610,3601,3592,3583,3575,3548,3537,3527,3516,0,0,0,0,0,0,0,0,0,0,0,0,0,0,0,0,0,0,0,0,0,0,0,0,2641.0,2637.0,2633,2664,2658,2651,2645,2638,2619,2611,2603,2596
420315,Oeste Catarinense ,Calmon,3387.0,3381.0,3375,3416,3407,3398,3389,3380,3357,3346,3335,3325,2115.0,2111.0,2108,2133,2127,2122,2116,2111,2096,2089,2083,2076,0,0,0,0,0,0,0,0,0,0,0,0,0,0,0,0,0,0,0,0,0,0,0,0,1272.0,1270.0,1267,1283,1280,1276,1273,1269,1261,1257,1252,1249
420320,Vale do Itajai ,Camboriu,62361.0,63967.0,65520,70068,72261,74434,76592,78731,80834,82989,85105,87179,59231.0,60756.0,62231,66551,68634,70698,72748,74779,76777,78824,80833,82803,0,0,0,0,0,0,0,0,1630,0,0,0,0,0,0,0,0,0,0,0,1630,0,0,0,3130.0,3211.0,3289,3517,3627,3736,3844,3952,4057,4165,4272,4376
420330,Norte Catarinense,Campo Alegre,11748.0,11757.0,11766,11972,11982,11992,12002,12012,11974,11978,11981,11985,7237.0,7243.0,7248,7375,7381,7387,7393,7400,7376,7379,7381,7383,0,0,0,0,0,0,0,0,0,0,0,0,0,0,0,0,0,0,0,0,0,0,0,0,4511.0,4514.0,4518,4597,4601,4605,4609,4612,4598,4599,4600,4602
420340,Serrana,Campo Belo do Sul,7483.0,7440.0,7398,7419,7358,7297,7237,7177,7081,7016,6952,6889,4406.0,4381.0,4356,4368,4332,4296,4261,4226,4169,4131,4093,4056,0,0,0,0,0,0,0,0,0,0,0,0,0,0,0,0,0,0,0,0,0,0,0,0,3077.0,3059.0,3042,3051,3026,3001,2976,2951,2912,2885,2859,2833
420350,Oeste Catarinense ,Campo Ere,9370.0,9295.0,9222,9203,9098,8993,8890,8787,8636,8526,8418,8312,6252.0,6202.0,6153,6141,6071,6000,5932,5863,5762,5689,5617,5546,0,0,0,0,0,0,0,0,0,0,0,0,0,0,0,0,0,0,0,0,0,0,0,0,3118.0,3093.0,3069,3062,3027,2993,2958,2924,2874,2837,2801,2766
420360,Serrana,Campos Novos,32824.0,33073.0,33313,34386,34721,35054,35383,35710,35930,36244,36556,36861,27064.0,27269.0,27467,28352,28628,28903,29174,29444,29625,29884,30141,30393,16507,17013,17137,18842,24317,25067,25300,25674,25833,28080,28557,32069,16507,17013,17137,18842,24317,25067,25300,25532,25546,27871,28484,28484,5760.0,5804.0,5846,6034,6093,6151,6209,6266,6305,6360,6415,6468
420370,Grande Florianopolis,Canelinha,10603.0,10726.0,10845,11286,11452,11617,11781,11944,12080,12240,12398,12553,6726.0,6804.0,6880,7159,7265,7369,7473,7577,7663,7764,7865,7963,0,0,0,0,0,0,0,0,0,0,0,0,0,0,0,0,0,0,0,0,0,0,0,0,3877.0,3922.0,3965,4127,4187,4248,4308,4367,4417,4476,4533,4590
420380,Norte Catarinense,Canoinhas,52765.0,52853.0,52937,53969,54079,54188,54296,54403,54319,54401,54480,54558,39273.0,39338.0,39401,40169,40251,40332,40413,40492,40430,40491,40549,40608,880,880,774,0,0,0,0,0,7940,7975,8048,8922,880,880,774,0,0,0,0,0,7940,7975,8048,8922,13492.0,13515.0,13536,13800,13828,13856,13883,13911,13889,13910,13931,13950
420325,Serrana,Capao Alto,2753.0,2733.0,2713,2711,2682,2654,2625,2597,2556,2525,2496,2467,962.0,955.0,948,947,937,927,917,907,893,882,872,862,0,0,0,0,0,0,0,2597,0,2525,1496,1496,0,0,0,0,0,0,0,907,0,882,872,715,1791.0,1778.0,1765,1764,1745,1727,1708,1690,1663,1643,1624,1605
420390,Oeste Catarinense ,Capinzal,20769.0,20919.0,21064,21726,21928,22129,22327,22524,22658,22848,23035,23218,17754.0,17882.0,18006,18572,18745,18917,19086,19254,19369,19531,19691,19847,0,0,0,0,1107,1281,1372,1453,1071,915,1701,2223,0,0,0,0,1107,1281,1372,1453,1071,915,1701,2223,3015.0,3037.0,3058,3154,3183,3212,3241,3270,3289,3317,3344,3371
420395,Sul Catarinense ,Capivari de Baixo,21674.0,21913.0,22145,23018,23342,23663,23982,24298,24559,24871,25177,25477,19816.0,20035.0,20247,21045,21341,21634,21926,22215,22454,22739,23019,23293,0,0,0,0,0,0,0,0,0,0,0,0,0,0,0,0,0,0,0,0,0,0,0,0,1858.0,1878.0,1898,1973,2001,2029,2056,2083,2105,2132,2158,2184
420400,Oeste Catarinense ,Catanduvas,9555.0,9653.0,9746,10112,10244,10374,10503,10632,10735,10861,10984,11106,8094.0,8177.0,8256,8566,8678,8788,8897,9006,9094,9200,9304,9408,5112,5351,4960,5066,5192,5332,5814,5963,5985,6071,6210,6350,5112,5351,4960,5066,5192,5332,5814,5963,5985,6071,6210,6350,1461.0,1476.0,1490,1546,1566,1586,1606,1626,1641,1661,1680,1698
420410,Oeste Catarinense ,Caxambu do Sul,4411.0,4346.0,4283,4208,4118,4028,3939,3850,3735,3642,3551,3462,2155.0,2123.0,2092,2056,2012,1968,1924,1881,1825,1779,1735,1691,0,0,0,0,0,0,0,0,0,0,0,0,0,0,0,0,0,0,0,0,0,0,0,0,2256.0,2223.0,2191,2152,2106,2060,2015,1969,1910,1863,1816,1771
420415,Serrana,Celso Ramos,2771.0,2766.0,2760,2792,2784,2776,2768,2760,2738,2728,2719,2709,872.0,870.0,869,879,876,874,871,869,862,858,856,852,0,0,0,0,0,0,0,0,0,0,0,0,0,0,0,0,0,0,0,0,0,0,0,0,1899.0,1896.0,1891,1913,1908,1902,1897,1891,1876,1870,1863,1857
420417,Serrana,Cerro Negro,3581.0,3542.0,3503,3472,3417,3362,3308,3254,3181,3124,3068,3013,764.0,756.0,747,741,729,717,706,694,679,666,655,643,0,0,0,0,0,0,0,2000,0,2300,0,0,0,0,0,0,0,0,0,694,0,666,0,0,2817.0,2786.0,2756,2731,2688,2645,2602,2560,2502,2458,2413,2370
420419,Vale do Itajai ,Chapadao do Lageado,2762.0,2778.0,2793,2871,2892,2912,2933,2953,2969,2988,3006,3025,513.0,516.0,519,533,537,541,545,548,551,555,558,562,0,0,0,0,0,0,0,0,0,0,0,0,0,0,0,0,0,0,0,0,0,0,0,0,2249.0,2262.0,2274,2338,2355,2371,2388,2405,2418,2433,2448,2463
420420,Oeste Catarinense ,Chapeco,183530.0,186337.0,189052,198188,202009,205795,209553,213279,216654,220367,224013,227587,168113.0,170684.0,173171,181540,185040,188508,191950,195363,198454,201856,205195,208469,53625,58903,54907,56333,60402,67304,70076,72432,73889,76458,78478,91608,53625,58903,54907,56333,60402,67304,70076,72432,73889,76458,78478,91608,15417.0,15653.0,15881,16648,16969,17287,17603,17916,18200,18511,18818,19118
420425,Sul Catarinense ,Cocal do Sul,15159.0,15269.0,15376,15860,16009,16156,16301,16446,16544,16684,16821,16956,12696.0,12788.0,12878,13283,13408,13531,13652,13774,13856,13973,14088,14201,0,0,0,0,0,0,0,0,0,0,0,0,0,0,0,0,0,0,0,0,0,0,0,0,2463.0,2481.0,2498,2577,2601,2625,2649,2672,2688,2711,2733,2755
420430,Oeste Catarinense ,Concordia,68621.0,69048.0,69462,71499,72073,72642,73206,73766,74106,74641,75167,75683,54865.0,55206.0,55537,57166,57625,58080,58531,58979,59250,59678,60099,60511,3851,3851,3448,3434,3723,3741,3811,3825,3840,3878,3904,18691,3851,3851,3448,3434,3723,3741,3811,3825,3840,3878,3904,18691,13756.0,13842.0,13925,14333,14448,14562,14675,14787,14856,14963,15068,15172
420435,Oeste Catarinense ,Cordilheira Alta,3767.0,3819.0,3869,4043,4114,4184,4253,4321,4385,4453,4520,4585,1448.0,1468.0,1487,1554,1581,1608,1635,1661,1686,1712,1737,1762,0,500,500,850,920,930,970,1005,1115,1115,1115,1118,0,500,500,650,650,660,680,710,740,740,740,743,2319.0,2351.0,2382,2489,2533,2576,2618,2660,2699,2741,2783,2823
420440,Oeste Catarinense ,Coronel Freitas,10213.0,10189.0,10165,10272,10236,10201,10165,10130,10022,9981,9940,9900,6067.0,6053.0,6038,6102,6081,6060,6038,6018,5954,5929,5905,5881,0,0,0,0,0,0,0,0,0,0,0,0,0,0,0,0,0,0,0,0,0,0,0,0,4146.0,4136.0,4127,4170,4155,4141,4127,4112,4068,4052,4035,4019
420445,Oeste Catarinense ,Coronel Martins,2458.0,2464.0,2469,2520,2527,2534,2541,2548,2544,2549,2555,2560,685.0,687.0,688,702,704,706,708,710,709,710,712,713,250,0,70,0,0,200,0,120,0,0,0,0,250,0,70,0,0,200,0,120,0,0,0,0,1773.0,1777.0,1781,1818,1823,1828,1833,1838,1835,1839,1843,1847
420455,Serrana,Correia Pinto,14785.0,14613.0,14447,14301,14063,13826,13591,13358,13040,12795,12553,12315,12022.0,11882.0,11747,11628,11435,11242,11051,10862,10603,10404,10207,10014,0,0,0,0,0,0,0,13358,13040,0,12100,0,0,0,0,0,0,0,0,10862,10603,0,10000,0,2763.0,2731.0,2700,2673,2628,2584,2540,2496,2437,2391,2346,2301
420450,Norte Catarinense,CorupA,13852.0,14006.0,14155,14716,14925,15132,15337,15541,15709,15909,16107,16300,10669.0,10788.0,10902,11334,11495,11655,11813,11970,12099,12253,12406,12554,0,0,0,0,0,0,0,0,0,0,0,0,0,0,0,0,0,0,0,0,0,0,0,0,3183.0,3218.0,3253,3382,3430,3477,3524,3571,3610,3656,3701,3746
420460,Sul Catarinense ,Criciuma,192308.0,193989.0,195614,202395,204667,206918,209153,211369,213023,215186,217311,219393,189630.0,191288.0,192890,199577,201817,204037,206240,208426,210057,212189,214285,216338,0,53503,49355,52122,54029,55577,58209,62937,63508,65727,70961,75132,0,53503,49355,52122,54029,55577,58209,62937,63508,65727,70961,75132,2678.0,2701.0,2724,2818,2850,2881,2913,2943,2966,2997,3026,3055
420470,Oeste Catarinense ,Cunha Pora,10613.0,10643.0,10671,10905,10944,10982,11020,11057,11053,11086,11118,11150,6519.0,6537.0,6555,6698,6722,6746,6769,6792,6789,6810,6829,6849,0,0,0,0,0,0,0,0,0,0,0,0,0,0,0,0,0,0,0,0,0,0,0,0,4094.0,4106.0,4116,4207,4222,4236,4251,4265,4264,4276,4289,4301
420475,Oeste Catarinense ,Cunhatai,1882.0,1887.0,1892,1931,1937,1943,1949,1955,1957,1962,1967,1972,569.0,571.0,572,584,586,587,589,591,592,593,595,596,0,0,0,0,0,0,0,0,0,0,0,0,0,0,0,0,0,0,0,0,0,0,0,0,1313.0,1316.0,1320,1347,1351,1356,1360,1364,1365,1369,1372,1376
420480,Serrana,Curitibanos,37748.0,37878.0,38003,38890,39061,39231,39399,39566,39595,39745,39893,40037,34769.0,34889.0,35004,35821,35978,36135,36290,36444,36470,36608,36745,36877,0,0,0,0,0,0,0,0,0,0,0,7613,0,0,0,0,0,0,0,0,0,0,0,7613,2979.0,2989.0,2999,3069,3083,3096,3109,3122,3125,3137,3148,3160
420490,Oeste Catarinense ,Descanso,8634.0,8597.0,8560,8612,8558,8505,8452,8399,8308,8250,8192,8136,4297.0,4279.0,4260,4286,4259,4233,4206,4180,4135,4106,4077,4049,0,0,0,0,0,0,0,0,0,0,0,0,0,0,0,0,0,0,0,0,0,0,0,0,4337.0,4318.0,4300,4326,4299,4272,4246,4219,4173,4144,4115,4087
420500,Oeste Catarinense ,Dionisio Cerqueira,14811.0,14855.0,14896,15227,15283,15339,15395,15450,15450,15498,15545,15592,10191.0,10221.0,10249,10477,10516,10554,10593,10631,10631,10664,10696,10728,322,322,281,278,278,5107,4692,5045,5432,5564,5746,5803,322,322,281,278,278,5107,4692,5045,5432,5564,5746,5803,4620.0,4634.0,4647,4750,4767,4785,4802,4819,4819,4834,4849,4864
420510,Vale do Itajai ,Dona Emma,3721.0,3753.0,3784,3912,3955,3997,4039,4081,4105,4146,4186,4224,1868.0,1884.0,1900,1964,1985,2007,2028,2049,2061,2081,2101,2121,0,0,0,0,0,0,0,0,0,0,0,0,0,0,0,0,0,0,0,0,0,0,0,0,1853.0,1869.0,1884,1948,1970,1990,2011,2032,2044,2065,2085,2103
420515,Vale do Itajai ,Doutor Pedrinho,3604.0,3645.0,3683,3828,3883,3937,3990,4043,4013,4064,4115,4164,2019.0,2042.0,2063,2144,2175,2206,2235,2265,2248,2277,2305,2333,0,0,0,0,0,0,0,0,0,0,0,0,0,0,0,0,0,0,0,0,0,0,0,0,1585.0,1603.0,1620,1684,1708,1731,1755,1778,1765,1787,1810,1831
420517,Oeste Catarinense ,Entre Rios,3018.0,3031.0,3043,3118,3135,3151,3167,3183,3189,3203,3218,3232,928.0,932.0,936,959,964,969,974,979,981,985,989,994,450,0,120,0,300,0,110,115,120,120,120,127,450,0,120,0,300,0,110,115,120,120,120,127,2090.0,2099.0,2107,2159,2171,2182,2193,2204,2208,2218,2229,2238
420519,Sul Catarinense ,Ermo,2050.0,2050.0,2049,2081,2079,2078,2077,2076,2066,2063,2061,2059,619.0,619.0,619,628,628,627,627,627,624,623,622,622,0,0,0,0,0,0,0,0,0,0,0,0,0,0,0,0,0,0,0,0,0,0,0,0,1431.0,1431.0,1430,1453,1451,1451,1450,1449,1442,1440,1439,1437
420520,Oeste Catarinense ,Erval Velho,4352.0,4359.0,4365,4448,4456,4464,4472,4480,4407,4412,4418,4423,2842.0,2847.0,2850,2905,2910,2915,2920,2926,2878,2881,2885,2888,0,0,0,0,0,0,0,0,0,2300,2658,2697,0,0,0,0,0,0,0,0,0,0,2658,2697,1510.0,1512.0,1515,1543,1546,1549,1552,1554,1529,1531,1533,1535
420530,Oeste Catarinense ,Faxinal dos Guedes,10661.0,10653.0,10645,10797,10784,10771,10758,10745,10686,10667,10649,10630,7718.0,7712.0,7706,7816,7807,7798,7788,7779,7736,7722,7709,7696,7718,0,0,7816,0,7798,0,0,7736,7736,7500,7696,7718,0,0,7816,0,7798,0,0,7736,7000,7500,7696,2943.0,2941.0,2939,2981,2977,2973,2970,2966,2950,2945,2940,2934
420535,Oeste Catarinense ,Flor do Sertao,1588.0,1587.0,1585,1605,1603,1600,1597,1594,1586,1582,1579,1575,328.0,328.0,327,332,331,330,330,329,328,327,326,325,0,0,0,0,0,0,0,0,0,0,0,0,0,0,0,0,0,0,0,0,0,0,0,0,1260.0,1259.0,1258,1273,1272,1270,1267,1265,1258,1255,1253,1250
420540,Grande Florianopolis,Florianopolis,421240.0,427298.0,433158,453285,461524,469690,477798,485838,492977,500973,508826,516524,405286.0,411115.0,416753,436117,444044,451901,459702,467437,474306,481999,489555,496961,227075,241227,230035,249740,257793,270045,287873,306004,316143,324821,332206,339430,227075,241227,230035,249740,257793,270045,287873,306004,316143,324821,332206,339430,15954.0,16183.0,16405,17168,17480,17789,18096,18401,18671,18974,19271,19563
420543,Oeste Catarinense ,Formosa do Sul,2601.0,2592.0,2583,2603,2589,2576,2562,2549,2525,2510,2495,2481,1084.0,1080.0,1076,1085,1079,1074,1068,1062,1052,1046,1040,1034,0,0,0,0,0,0,0,0,0,0,0,0,0,0,0,0,0,0,0,0,0,0,0,0,1517.0,1512.0,1507,1518,1510,1502,1494,1487,1473,1464,1455,1447
420545,Sul Catarinense ,Forquilhinha,22548.0,22871.0,23183,24256,24694,25129,25560,25988,26368,26793,27211,27621,18426.0,18690.0,18945,19822,20180,20535,20887,21237,21548,21895,22237,22572,0,0,0,0,0,0,0,0,5427,5414,5631,5702,0,0,0,0,0,0,0,0,5427,5414,5631,5702,4122.0,4181.0,4238,4434,4514,4594,4673,4751,4820,4898,4974,5049
420550,Oeste Catarinense ,Fraiburgo,34553.0,34677.0,34796,35618,35781,35942,36102,36261,36299,36443,36584,36723,30291.0,30400.0,30504,31225,31368,31509,31649,31788,31822,31948,32071,32193,2536,2858,2858,4719,4946,4968,5000,5088,5196,5216,5237,4529,2536,2858,2858,4719,4946,4968,5000,5088,5196,5216,5237,4529,4262.0,4277.0,4292,4393,4413,4433,4453,4473,4477,4495,4513,4530
420555,Serrana,Frei Rogerio,2474.0,2436.0,2399,2354,2301,2249,2197,2146,2077,2023,1970,1918,706.0,695.0,685,672,657,642,627,612,593,577,562,547,0,0,0,0,0,0,0,0,0,0,0,0,0,0,0,0,0,0,0,0,0,0,0,0,1768.0,1741.0,1714,1682,1644,1607,1570,1534,1484,1446,1408,1371
420560,Oeste Catarinense ,Galvao,3472.0,3414.0,3452,3379,3297,3217,3137,3058,2956,2873,2791,2711,2347.0,2308.0,2333,2284,2229,2175,2121,2067,1998,1942,1887,1833,210,210,215,215,0,0,317,317,317,317,330,350,210,210,215,215,0,0,317,317,317,317,330,350,1125.0,1106.0,1119,1095,1068,1042,1016,991,958,931,904,878
420570,Sul Catarinense ,Garopaba,18138.0,18520.0,18890,20024,20545,21061,21573,22082,22568,23078,23579,24070,15320.0,15643.0,15955,16913,17353,17789,18221,18651,19062,19492,19916,20330,0,0,0,0,0,0,0,0,0,0,0,0,0,0,0,0,0,0,0,0,0,0,0,0,2818.0,2877.0,2935,3111,3192,3272,3352,3431,3506,3586,3663,3740
420580,Norte Catarinense,Garuva,14761.0,15021.0,15272,16081,16435,16786,17134,17479,17800,18145,18484,18816,11451.0,11653.0,11847,12475,12750,13022,13292,13560,13809,14076,14339,14597,0,0,0,0,0,0,0,0,0,0,0,0,0,0,0,0,0,0,0,0,0,0,0,0,3310.0,3368.0,3425,3606,3685,3764,3842,3919,3991,4069,4145,4219
420590,Vale do Itajai ,Gaspar,57981.0,58869.0,59728,62618,63826,65024,66213,67392,68465,69639,70793,71925,47126.0,47848.0,48546,50895,51877,52850,53817,54775,55647,56601,57539,58459,0,0,0,0,0,0,0,0,1124,1124,1656,1683,0,0,0,0,0,0,0,0,1124,1124,1656,1683,10855.0,11021.0,11182,11723,11949,12174,12396,12617,12818,13038,13254,13466
420600,Grande Florianopolis,Governador Celso Ramos,12999.0,13107.0,13211,13655,13801,13944,14087,14229,14333,14471,14606,14739,12252.0,12354.0,12452,12870,13008,13143,13277,13411,13509,13639,13767,13892,0,0,0,0,0,0,0,0,0,0,0,0,0,0,0,0,0,0,0,0,0,0,0,0,747.0,753.0,759,785,793,801,810,818,824,832,839,847
420610,Sul Catarinense ,Grao Para,6223.0,6246.0,6268,6418,6448,6478,6507,6537,6542,6569,6595,6621,3019.0,3030.0,3041,3114,3128,3143,3157,3171,3174,3187,3199,3212,0,0,0,0,0,0,0,0,0,0,0,0,0,0,0,0,0,0,0,0,0,0,0,0,3204.0,3216.0,3227,3304,3320,3335,3350,3366,3368,3382,3396,3409
420620,Sul Catarinense ,Gravatal,10635.0,10698.0,10758,11064,11148,11231,11313,11394,11423,11501,11577,11652,4443.0,4469.0,4494,4622,4657,4692,4726,4760,4772,4805,4837,4868,1554,1754,1716,1758,1855,1890,0,0,2663,3545,5671,6090,1554,1754,1716,1758,1855,1890,0,0,2663,3545,4837,4868,6192.0,6229.0,6264,6442,6491,6539,6587,6634,6651,6696,6740,6784
420630,Vale do Itajai ,Guabiruba,18430.0,18849.0,19254,20474,21046,21612,22174,22732,23272,23832,24382,24922,17066.0,17454.0,17829,18959,19488,20013,20533,21050,21550,22068,22577,23078,0,0,0,0,0,0,0,0,0,0,0,0,0,0,0,0,0,0,0,0,0,0,0,0,1364.0,1395.0,1425,1515,1558,1599,1641,1682,1722,1764,1805,1844
420640,Oeste Catarinense ,Guaraciaba,10498.0,10457.0,10417,10492,10433,10374,10316,10259,10154,10090,10026,9964,4924.0,4905.0,4886,4921,4894,4866,4839,4812,4763,4733,4703,4674,0,0,0,0,0,0,0,0,0,0,0,0,0,0,0,0,0,0,0,0,0,0,0,0,5574.0,5552.0,5531,5571,5539,5508,5477,5447,5391,5357,5323,5290
420650,Norte Catarinense,Guaramirim,35172.0,35918.0,36640,38851,39869,40878,41879,42872,43822,44819,45797,46757,28046.0,28641.0,29217,30980,31791,32596,33394,34186,34943,35738,36518,37284,0,0,0,0,0,0,0,0,0,0,0,0,0,0,0,0,0,0,0,0,0,0,0,0,7126.0,7277.0,7423,7871,8078,8282,8485,8686,8879,9081,9279,9473
420660,Oeste Catarinense ,Guaruja do Sul,4908.0,4925.0,4941,5054,5076,5097,5118,5139,5141,5160,5178,5196,2655.0,2664.0,2673,2734,2746,2757,2769,2780,2781,2791,2801,2811,0,0,0,0,0,0,0,0,0,0,0,0,0,0,0,0,0,0,0,0,0,0,0,0,2253.0,2261.0,2268,2320,2330,2340,2349,2359,2360,2369,2377,2385
420665,Oeste Catarinense ,Guatambu,4679.0,4678.0,4676,4746,4743,4739,4736,4733,4710,4704,4698,4692,1749.0,1749.0,1748,1774,1773,1771,1770,1769,1761,1758,1756,1754,0,0,0,0,0,0,0,0,0,0,0,0,0,0,0,0,0,0,0,0,0,0,0,0,2930.0,2929.0,2928,2972,2970,2968,2966,2964,2949,2946,2942,2938
420670,Oeste Catarinense ,Herval D Oeste,21239.0,21331.0,21420,21961,22083,22204,22324,22443,22495,22606,22714,22820,18851.0,18933.0,19012,19492,19600,19708,19814,19920,19966,20064,20160,20254,5025,5916,6889,11073,12507,13533,15169,16010,16750,16996,17413,17745,5025,5916,6889,11073,12507,13533,15169,16010,16750,16996,17413,17745,2388.0,2398.0,2408,2469,2483,2496,2510,2523,2529,2542,2554,2566
420675,Oeste Catarinense ,Ibiam,1945.0,1945.0,1944,1973,1971,1970,1968,1967,1959,1957,1954,1952,695.0,695.0,695,705,704,704,703,703,700,699,698,698,695,0,0,0,0,0,0,1967,1959,1957,699,725,695,0,0,0,0,0,0,703,700,699,697,697,1250.0,1250.0,1249,1268,1267,1266,1265,1264,1259,1258,1256,1254
420680,Oeste Catarinense ,Ibicare,3373.0,3357.0,3341,3359,3336,3313,3290,3268,3227,3202,3178,3154,1557.0,1550.0,1542,1551,1540,1529,1519,1509,1490,1478,1467,1456,0,0,0,0,0,0,0,0,0,0,0,0,0,0,0,0,0,0,0,0,0,0,0,0,1816.0,1807.0,1799,1808,1796,1784,1771,1759,1737,1724,1711,1698
420690,Vale do Itajai ,Ibirama,17330.0,17448.0,17561,18097,18255,18412,18567,18721,18802,18950,19096,19238,14813.0,14914.0,15010,15469,15604,15738,15870,16002,16071,16198,16323,16444,0,0,0,0,0,0,0,0,0,0,0,3094,0,0,0,0,0,0,0,0,0,0,0,3094,2517.0,2534.0,2551,2628,2651,2674,2697,2719,2731,2752,2773,2794
420700,Sul Catarinense ,Icara,58833.0,59616.0,49238,51416,52284,53145,53998,54845,55581,56421,57247,58055,53913.0,54631.0,45120,47116,47912,48701,49482,50259,50933,51703,52460,53200,315,315,315,320,340,0,0,12081,12172,12163,12163,12163,315,315,315,300,320,0,0,12081,12172,12163,12163,12163,4920.0,4985.0,4118,4300,4372,4444,4516,4586,4648,4718,4787,4855
420710,Vale do Itajai ,Ilhota,12355.0,12492.0,12624,13124,13309,13493,13676,13857,14005,14184,14359,14531,7898.0,7986.0,8070,8390,8508,8625,8742,8858,8953,9067,9179,9289,0,0,0,1103,1500,0,972,972,1352,3038,3038,3038,0,0,0,1103,1500,0,972,972,1352,3038,3038,3038,4457.0,4506.0,4554,4734,4801,4868,4934,4999,5052,5117,5180,5242
420720,Sul Catarinense ,Imarui,11672.0,11540.0,11411,11301,11117,10933,10752,10571,10326,10135,9948,9764,4005.0,3960.0,3915,3878,3815,3751,3689,3627,3543,3478,3413,3350,0,0,0,0,0,0,0,0,0,0,0,0,0,0,0,0,0,0,0,0,0,0,0,0,7667.0,7580.0,7496,7423,7302,7182,7063,6944,6783,6657,6535,6414
420730,Sul Catarinense ,Imbituba,40170.0,40514.0,40845,42244,42708,43168,43624,44076,44412,44853,45286,45711,40170.0,40514.0,40845,42244,42708,43168,43624,44076,44412,44853,45286,45711,0,1371,1640,1646,0,1923,1941,1941,2508,3140,3140,3140,0,1371,1640,1646,0,1923,1941,1941,2508,3140,3140,3140,0.0,0.0,0,0,0,0,0,0,0,0,0,0
420740,Vale do Itajai ,Imbuia,5707.0,5743.0,5777,5946,5993,6040,6087,6133,6153,6197,6241,6284,2515.0,2531.0,2546,2620,2641,2662,2682,2703,2712,2731,2750,2769,0,0,0,0,0,0,0,0,0,0,0,0,0,0,0,0,0,0,0,0,0,0,0,0,3192.0,3212.0,3231,3326,3352,3378,3405,3430,3441,3466,3491,3515
420750,Vale do Itajai ,Indaial,54854.0,55980.0,57068,60433,61968,63489,65000,66497,67923,69425,70900,72346,52927.0,54013.0,55063,58310,59791,61259,62717,64161,65537,66986,68409,69805,0,0,0,0,0,0,9196,11076,12280,13184,13588,14271,0,0,0,0,0,0,9196,11076,12280,13184,13588,14271,1927.0,1967.0,2005,2123,2177,2230,2283,2336,2386,2439,2491,2541
420757,Oeste Catarinense ,Iomere,2739.0,2754.0,2768,2842,2861,2880,2899,2917,2927,2945,2962,2979,907.0,912.0,917,941,947,954,960,966,969,975,981,986,0,0,0,0,0,0,0,0,0,0,0,0,0,0,0,0,0,0,0,0,0,0,0,0,1832.0,1842.0,1851,1901,1914,1926,1939,1951,1958,1970,1981,1993
420760,Oeste Catarinense ,Ipira,4752.0,4725.0,4699,4713,4675,4637,4599,4562,4486,4446,4406,4367,2521.0,2507.0,2493,2500,2480,2460,2440,2420,2380,2359,2337,2317,0,0,0,0,0,0,0,0,0,0,0,0,0,0,0,0,0,0,0,0,0,0,0,0,2231.0,2218.0,2206,2213,2195,2177,2159,2142,2106,2087,2069,2050
420765,Oeste Catarinense ,Ipora do Oeste,8409.0,8450.0,8490,8714,8769,8823,8876,8930,8945,8996,9045,9093,4122.0,4142.0,4162,4272,4298,4325,4351,4377,4385,4410,4434,4457,0,0,0,0,0,0,0,0,0,0,0,0,0,0,0,0,0,0,0,0,0,0,0,0,4287.0,4308.0,4328,4442,4471,4498,4525,4553,4560,4586,4611,4636
420768,Oeste Catarinense ,Ipuacu,6798.0,6850.0,6901,7123,7193,7262,7331,7400,7448,7514,7579,7643,1377.0,1388.0,1398,1443,1457,1471,1485,1499,1509,1522,1535,1548,0,0,0,0,0,0,0,0,0,0,0,0,0,0,0,0,0,0,0,0,0,0,0,0,5421.0,5462.0,5503,5680,5736,5791,5846,5901,5939,5992,6044,6095
420770,Oeste Catarinense ,Ipumirim,7220.0,7245.0,7268,7435,7467,7499,7530,7561,7565,7593,7620,7647,3148.0,3159.0,3169,3242,3256,3270,3283,3297,3298,3311,3322,3334,0,0,0,0,0,0,0,0,0,0,0,0,0,0,0,0,0,0,0,0,0,0,0,0,4072.0,4086.0,4099,4193,4211,4229,4247,4264,4267,4282,4298,4313
420775,Oeste Catarinense ,Iraceminha,4253.0,4227.0,4202,4212,4175,4139,4103,4067,4015,3976,3938,3901,1468.0,1459.0,1450,1454,1441,1429,1416,1404,1386,1372,1359,1347,0,0,0,0,0,0,0,0,0,0,0,0,0,0,0,0,0,0,0,0,0,0,0,0,2785.0,2768.0,2752,2758,2734,2710,2687,2663,2629,2604,2579,2554
420780,Oeste Catarinense ,Irani,9531.0,9595.0,9656,9948,10033,10118,10202,10285,10339,10419,10498,10575,6520.0,6564.0,6606,6805,6863,6922,6979,7036,7073,7127,7182,7234,0,0,0,0,0,0,0,0,0,0,0,0,0,0,0,0,0,0,0,0,0,0,0,0,3011.0,3031.0,3050,3143,3170,3196,3223,3249,3266,3292,3316,3341
420785,Oeste Catarinense ,Irati,2096.0,2081.0,2067,2067,2046,2025,2004,1984,1952,1930,1909,1887,449.0,446.0,443,443,438,434,429,425,418,413,409,404,0,0,0,0,0,0,0,0,0,0,0,0,0,0,0,0,0,0,0,0,0,0,0,0,1647.0,1635.0,1624,1624,1608,1591,1575,1559,1534,1517,1500,1483
420790,Norte Catarinense,Irineopolis,10448.0,10503.0,10556,10843,10916,10989,11061,11133,11155,11222,11289,11354,3519.0,3538.0,3555,3652,3677,3701,3725,3750,3757,3780,3802,3824,0,0,0,0,0,0,0,0,0,0,0,0,0,0,0,0,0,0,0,0,0,0,0,0,6929.0,6965.0,7001,7191,7239,7288,7336,7383,7398,7442,7487,7530
420800,Oeste Catarinense ,Ita,6426.0,6401.0,6375,6420,6383,6347,6311,6275,6209,6169,6129,6091,4057.0,4041.0,4025,4053,4030,4007,3984,3962,3920,3895,3869,3846,4100,4100,0,0,0,0,3984,3962,4530,4530,4530,4530,3600,3600,0,0,0,0,3984,3962,3920,3895,3869,3846,2369.0,2360.0,2350,2367,2353,2340,2327,2313,2289,2274,2260,2245
420810,Norte Catarinense,Itaiopolis,20301.0,20395.0,20485,21015,21139,21263,21385,21506,21556,21669,21780,21889,10737.0,10787.0,10834,11115,11180,11246,11310,11374,11401,11461,11519,11577,0,0,0,0,0,0,0,0,0,0,0,0,0,0,0,0,0,0,0,0,0,0,0,0,9564.0,9608.0,9651,9900,9959,10017,10075,10132,10155,10208,10261,10312
420820,Vale do Itajai ,Itajai,183373.0,186127.0,188791,197809,201557,205271,208958,212615,215895,219536,223112,226617,173452.0,176057.0,178577,187107,190652,194165,197653,201112,204214,207658,211041,214356,0,0,0,0,2555,42619,42619,43364,63806,63806,63806,63806,0,0,0,0,2555,42619,42619,43364,63806,63806,63806,63806,9921.0,10070.0,10214,10702,10905,11106,11305,11503,11681,11878,12071,12261
420830,Vale do Itajai ,Itapema,45797.0,47327.0,48807,52923,55016,57089,59147,61187,63250,65312,67338,69323,44659.0,46151.0,47594,51608,53649,55670,57677,59667,61678,63689,65665,67600,27381,27381,28715,30965,32190,33474,36452,46540,48108,51427,52863,53069,27381,27381,28715,30965,32190,33474,36452,46540,48108,51427,52863,53069,1138.0,1176.0,1213,1315,1367,1419,1470,1520,1572,1623,1673,1723
420840,Oeste Catarinense ,Itapiranga,15409.0,15518.0,15623,16107,16253,16398,16541,16683,16736,16872,17007,17139,7616.0,7670.0,7722,7961,8033,8105,8175,8246,8272,8339,8406,8471,6710,6710,6801,7210,7350,7410,7531,8350,7112,7171,7225,7283,6710,6710,6801,7210,7350,7410,7531,8246,7112,7171,7225,7283,7793.0,7848.0,7901,8146,8220,8293,8366,8437,8464,8533,8601,8668
420845,Norte Catarinense,Itapoa,14763.0,15218.0,15658,16899,17521,18137,18749,19355,19963,20576,21177,21766,14172.0,14609.0,15031,16222,16820,17411,17998,18580,19164,19752,20329,20895,0,0,0,0,0,0,0,0,0,0,0,0,0,0,0,0,0,0,0,0,0,0,0,0,591.0,609.0,627,677,701,726,751,775,799,824,848,871
420850,Vale do Itajai ,Ituporanga,22250.0,22462.0,22667,23490,23777,24061,24343,24622,24812,25086,25355,25619,14832.0,14973.0,15110,15659,15850,16039,16227,16413,16540,16722,16902,17078,0,0,0,0,0,0,0,0,0,0,3164,3148,0,0,0,0,0,0,0,0,0,0,3164,3148,7418.0,7489.0,7557,7831,7927,8022,8116,8209,8272,8364,8453,8541
420860,Oeste Catarinense ,Jabora,4041.0,4030.0,4018,4057,4040,4023,4006,3990,3955,3936,3918,3899,1605.0,1601.0,1596,1611,1605,1598,1591,1585,1571,1563,1556,1549,0,0,0,0,0,0,0,0,0,0,0,0,0,0,0,0,0,0,0,0,0,0,0,0,2436.0,2429.0,2422,2446,2435,2425,2415,2405,2384,2373,2362,2350
420870,Sul Catarinense ,Jacinto Machado,10609.0,10585.0,10562,10677,10642,10608,10573,10539,10457,10416,10376,10337,5133.0,5121.0,5110,5166,5149,5133,5116,5099,5059,5040,5020,5001,0,0,0,0,0,0,0,0,0,0,0,0,0,0,0,0,0,0,0,0,0,0,0,0,5476.0,5464.0,5452,5511,5493,5475,5457,5440,5398,5376,5356,5336
420880,Sul Catarinense ,Jaguaruna,17290.0,17496.0,17695,18425,18704,18980,19254,19527,19755,20024,20288,20547,13198.0,13355.0,13507,14064,14277,14488,14697,14906,15080,15285,15486,15684,0,0,0,0,0,0,0,0,0,0,0,0,0,0,0,0,0,0,0,0,0,0,0,0,4092.0,4141.0,4188,4361,4427,4492,4557,4621,4675,4739,4802,4863
420890,Norte Catarinense,Jaragua do Sul,143123.0,145782.0,148353,156519,160143,163735,167300,170835,174158,177697,181173,184579,132800.0,135267.0,137653,145230,148592,151925,155233,158513,161597,164880,168106,171266,62862,68081,74715,77476,89406,91691,119117,137433,140631,144842,148637,156839,62853,68075,74709,71888,82223,86597,110160,128476,133674,139757,146491,154693,10323.0,10515.0,10700,11289,11551,11810,12067,12322,12561,12817,13067,13313
420895,Oeste Catarinense ,Jardinopolis,1766.0,1749.0,1732,1721,1697,1672,1649,1625,1595,1570,1546,1520,799.0,791.0,784,779,768,756,746,735,722,710,699,688,0,0,0,0,0,0,0,0,0,0,0,0,0,0,0,0,0,0,0,0,0,0,0,0,967.0,958.0,948,942,929,916,903,890,873,860,847,832
420900,Oeste Catarinense ,Joacaba,27020.0,27247.0,27467,28398,28705,29008,29310,29608,29827,30118,30404,30684,24924.0,25133.0,25336,26195,26478,26758,27036,27311,27513,27782,28045,28304,10388,10662,10930,11348,11850,12967,13558,17369,17811,18470,19064,19400,10388,10662,10930,11348,11850,12967,13558,17369,17811,18470,19064,19400,2096.0,2114.0,2131,2203,2227,2250,2274,2297,2314,2336,2359,2380
420910,Norte Catarinense,Joinville,515288.0,520905.0,526338,546981,554601,562151,569645,577077,583144,590466,597658,604708,497850.0,503277.0,508526,528470,535833,543127,550367,557548,563410,570484,577432,584244,85278,93487,101931,102112,121155,165639,171062,172280,185297,223524,227432,241123,85278,93487,101931,102112,121155,164860,170293,171538,184530,222736,226632,240279,17438.0,17628.0,17812,18511,18768,19024,19278,19529,19734,19982,20226,20464
420915,Vale do Itajai ,Jose Boiteux,4721.0,4731.0,4741,4837,4850,4862,4874,4887,4985,4997,5007,5019,1611.0,1614.0,1618,1651,1655,1659,1663,1668,1701,1705,1709,1713,0,0,0,0,0,0,0,0,0,0,0,0,0,0,0,0,0,0,0,0,0,0,0,0,3110.0,3117.0,3123,3186,3195,3203,3211,3219,3284,3292,3298,3306
420917,Oeste Catarinense ,Jupia,2148.0,2143.0,2138,2158,2150,2142,2134,2127,2110,2101,2092,2083,1044.0,1042.0,1039,1049,1045,1041,1037,1034,1026,1021,1017,1012,0,0,0,0,0,0,0,0,0,0,0,0,0,0,0,0,0,0,0,0,0,0,0,0,1104.0,1101.0,1099,1109,1105,1101,1097,1093,1084,1080,1075,1071
420920,Oeste Catarinense ,Lacerdopolis,2199.0,2201.0,2203,2242,2244,2246,2249,2251,2245,2246,2247,2248,1160.0,1161.0,1162,1183,1184,1185,1186,1187,1184,1185,1185,1186,0,0,0,0,0,0,0,0,0,0,0,0,0,0,0,0,0,0,0,0,0,0,0,0,1039.0,1040.0,1041,1059,1060,1061,1063,1064,1061,1061,1062,1062
420930,Serrana,Lages,156727.0,156665.0,156604,158961,158846,158732,158620,158508,157743,157544,157349,157158,153937.0,153876.0,153816,156131,156018,155906,155796,155686,154935,154739,154548,154360,21551,31511,33900,33884,34032,48088,35816,40115,40225,66537,66537,66456,21551,31511,33900,33884,34032,42088,35816,40115,40225,66537,66537,66456,2790.0,2789.0,2788,2830,2828,2826,2824,2822,2808,2805,2801,2798
420940,Sul Catarinense ,Laguna,51562.0,51869.0,42750,43979,44316,44650,44982,45311,45500,45814,46122,46424,40655.0,40897.0,33707,34676,34942,35205,35467,35726,35875,36123,36366,36604,11708,11878,11060,11637,11816,12101,20538,28504,29220,30447,10677,31086,11708,11878,11060,11637,11816,12101,20538,28504,29220,30447,10677,31086,10907.0,10972.0,9043,9303,9374,9445,9515,9585,9625,9691,9756,9820
420945,Oeste Catarinense ,Lajeado Grande,1490.0,1484.0,1478,1488,1479,1470,1461,1453,1437,1427,1418,1408,648.0,645.0,643,647,643,639,635,632,625,621,617,612,0,0,0,0,0,0,0,0,0,0,0,0,0,0,0,0,0,0,0,0,0,0,0,0,842.0,839.0,835,841,836,831,826,821,812,806,801,796
420950,Vale do Itajai ,Laurentino,6004.0,6077.0,6147,6402,6500,6598,6694,6790,6875,6970,7063,7154,4374.0,4427.0,4478,4664,4735,4807,4877,4947,5009,5078,5145,5212,0,0,0,0,0,0,0,0,0,0,0,0,0,0,0,0,0,0,0,0,0,0,0,0,1630.0,1650.0,1669,1738,1765,1791,1817,1843,1866,1892,1918,1942
420960,Sul Catarinense ,Lauro Muller,14367.0,14426.0,14483,14841,14919,14996,15073,15149,15174,15244,15313,15380,11106.0,11152.0,11196,11472,11533,11592,11652,11711,11730,11784,11837,11889,0,0,0,0,0,0,0,0,0,0,6019,6100,0,0,0,0,0,0,0,0,0,0,6019,6100,3261.0,3274.0,3287,3369,3386,3404,3421,3438,3444,3460,3476,3491
420970,Oeste Catarinense ,Lebon Regis,11838.0,11850.0,11862,12077,12091,12105,12119,12133,12099,12107,12115,12122,7522.0,7530.0,7537,7674,7683,7692,7701,7709,7688,7693,7698,7702,0,0,0,0,0,0,0,0,0,0,0,0,0,0,0,0,0,0,0,0,0,0,0,0,4316.0,4320.0,4325,4403,4408,4413,4418,4424,4411,4414,4417,4420
420980,Grande Florianopolis,Leoberto Leal,3365.0,3337.0,3309,3298,3258,3218,3179,3140,3083,3041,3000,2960,820.0,813.0,806,804,794,784,775,765,751,741,731,721,0,0,0,0,0,0,0,0,0,0,0,0,0,0,0,0,0,0,0,0,0,0,0,0,2545.0,2524.0,2503,2494,2464,2434,2404,2375,2332,2300,2269,2239
420985,Oeste Catarinense ,Lindoia do Sul,4642.0,4632.0,4622,4674,4659,4644,4630,4615,4580,4563,4546,4530,1930.0,1926.0,1922,1943,1937,1931,1925,1919,1904,1897,1890,1883,0,0,0,0,0,0,0,0,0,0,0,0,0,0,0,0,0,0,0,0,0,0,0,0,2712.0,2706.0,2700,2731,2722,2713,2705,2696,2676,2666,2656,2647
420990,Vale do Itajai ,Lontras,10244.0,10387.0,10526,11005,11200,11393,11584,11774,11942,12130,12315,12497,7014.0,7112.0,7207,7535,7669,7801,7931,8062,8177,8305,8432,8557,0,0,0,0,0,0,0,0,0,0,0,0,0,0,0,0,0,0,0,0,0,0,0,0,3230.0,3275.0,3319,3470,3531,3592,3653,3712,3765,3825,3883,3940
421000,Vale do Itajai ,Luiz Alves,10438.0,10628.0,10811,11395,11653,11908,12162,12413,12609,12859,13107,13347,3256.0,3315.0,3372,3555,3635,3715,3794,3872,3933,4011,4089,4163,0,0,0,0,0,0,0,0,0,0,0,0,0,0,0,0,0,0,0,0,0,0,0,0,7182.0,7313.0,7439,7840,8018,8193,8368,8541,8676,8848,9018,9184
421003,Oeste Catarinense ,Luzerna,5600.0,5603.0,5605,5698,5700,5701,5703,5705,5686,5685,5684,5683,4259.0,4261.0,4263,4334,4335,4336,4337,4339,4324,4324,4323,4322,1925,2529,3218,3273,3621,3884,4047,4152,4427,4506,4510,4322,1925,2529,3218,3273,3621,3884,4047,4152,4324,4324,4323,4322,1341.0,1342.0,1342,1364,1365,1365,1366,1366,1362,1361,1361,1361
421005,Oeste Catarinense ,Macieira,1826.0,1821.0,1815,1831,1823,1815,1807,1799,1784,1775,1766,1757,501.0,500.0,498,502,500,498,496,494,489,487,485,482,0,0,0,0,120,0,0,0,0,0,0,0,0,0,0,0,120,0,0,0,0,0,0,0,1325.0,1321.0,1317,1329,1323,1317,1311,1305,1295,1288,1281,1275
421010,Norte Catarinense,Mafra,52912.0,53141.0,53361,54708,55012,55313,55611,55907,56017,56292,56561,56825,41318.0,41497.0,41669,42720,42958,43193,43426,43657,43743,43957,44167,44374,0,0,0,0,0,0,0,0,0,0,0,0,0,0,0,0,0,0,0,0,0,0,0,0,11594.0,11644.0,11692,11988,12054,12120,12185,12250,12274,12335,12394,12451
421020,Grande Florianopolis,Major Gercino,3279.0,3290.0,3300,3375,3389,3402,3416,3429,3430,3442,3454,3465,1249.0,1253.0,1257,1286,1291,1296,1301,1306,1307,1311,1316,1320,0,0,0,0,0,0,0,0,0,0,0,0,0,0,0,0,0,0,0,0,0,0,0,0,2030.0,2037.0,2043,2089,2098,2106,2115,2123,2123,2131,2138,2145
421030,Norte Catarinense,Major Vieira,7479.0,7523.0,7566,7782,7841,7899,7957,8015,8048,8103,8156,8209,2961.0,2978.0,2995,3081,3104,3127,3150,3173,3186,3208,3229,3250,0,0,0,0,0,0,0,0,0,0,0,0,0,0,0,0,0,0,0,0,0,0,0,0,4518.0,4545.0,4571,4701,4737,4772,4807,4842,4862,4895,4927,4959
421040,Sul Catarinense ,Maracaja,6404.0,6471.0,6535,6784,6873,6963,7051,7139,7207,7293,7378,7461,4256.0,4301.0,4343,4509,4568,4628,4686,4744,4790,4847,4903,4958,0,0,0,0,0,0,0,0,0,0,0,0,0,0,0,0,0,0,0,0,0,0,0,0,2148.0,2170.0,2192,2275,2305,2335,2365,2395,2417,2446,2475,2503
421050,Oeste Catarinense ,Maravilha,22101.0,22376.0,22642,23602,23975,24345,24712,25076,25403,25762,26116,26463,18087.0,18312.0,18530,19315,19621,19923,20224,20522,20789,21083,21373,21657,0,0,0,0,0,0,0,0,0,0,0,1761,0,0,0,0,0,0,0,0,0,0,0,1761,4014.0,4064.0,4112,4287,4354,4422,4488,4554,4614,4679,4743,4806
421055,Oeste Catarinense ,Marema,2203.0,2169.0,2136,2094,2046,1999,1952,1906,1846,1797,1750,1703,760.0,748.0,737,722,706,690,673,658,637,620,604,588,0,0,0,0,0,0,0,0,0,0,0,0,0,0,0,0,0,0,0,0,0,0,0,0,1443.0,1421.0,1399,1372,1340,1309,1279,1248,1209,1177,1146,1115
421060,Norte Catarinense,Massaranduba,14674.0,14837.0,14993,15586,15806,16024,16240,16455,16704,16916,17125,17330,7606.0,7690.0,7771,8079,8193,8306,8418,8529,8658,8768,8876,8983,0,0,0,0,0,0,0,0,0,0,0,0,0,0,0,0,0,0,0,0,0,0,0,0,7068.0,7147.0,7222,7507,7613,7718,7822,7926,8046,8148,8249,8347
421070,Oeste Catarinense ,Matos Costa,2839.0,2811.0,2784,2767,2729,2690,2652,2614,2560,2520,2480,2442,1465.0,1451.0,1437,1428,1408,1388,1369,1349,1321,1300,1280,1260,0,0,0,0,0,0,0,0,0,0,0,0,0,0,0,0,0,0,0,0,0,0,0,0,1374.0,1360.0,1347,1339,1321,1302,1283,1265,1239,1220,1200,1182
421080,Sul Catarinense ,Meleiro,7000.0,6994.0,6988,7085,7076,7066,7056,7047,7028,7015,7001,6989,3649.0,3646.0,3643,3693,3689,3683,3678,3674,3664,3657,3650,3643,0,0,0,0,0,0,0,0,0,0,0,0,0,0,0,0,0,0,0,0,0,0,0,0,3351.0,3348.0,3345,3392,3387,3383,3378,3373,3364,3358,3351,3346
421085,Vale do Itajai ,Mirim Doce,2513.0,2495.0,2477,2476,2450,2424,2399,2374,2336,2309,2283,2257,1202.0,1193.0,1185,1184,1172,1159,1147,1136,1117,1104,1092,1080,0,0,0,0,0,1159,0,0,0,0,0,0,0,0,0,0,0,1159,0,0,0,0,0,0,1311.0,1302.0,1292,1292,1278,1265,1252,1238,1219,1205,1191,1177
421090,Oeste Catarinense ,Modelo,4045.0,4054.0,4063,4147,4158,4169,4181,4192,4200,4209,4218,4227,2692.0,2698.0,2704,2760,2767,2775,2783,2790,2795,2801,2807,2813,0,0,0,0,0,0,0,0,0,230,230,0,0,0,0,0,0,0,0,0,0,230,230,0,1353.0,1356.0,1359,1387,1391,1394,1398,1402,1405,1408,1411,1414
421100,Oeste Catarinense ,Mondai,10231.0,10347.0,10458,10877,11034,11189,11343,11496,11592,11742,11889,12034,6305.0,6376.0,6445,6703,6800,6895,6990,7085,7144,7236,7327,7416,0,0,0,0,0,0,0,0,0,0,0,0,0,0,0,0,0,0,0,0,0,0,0,0,3926.0,3971.0,4013,4174,4234,4294,4353,4411,4448,4506,4562,4618
421105,Serrana,Monte Carlo,9312.0,9347.0,9381,9604,9650,9695,9740,9785,9824,9866,9906,9945,8076.0,8106.0,8136,8329,8369,8408,8447,8486,8520,8556,8591,8625,0,460,460,460,471,471,0,0,0,0,0,0,0,460,460,460,471,471,0,0,0,0,0,0,1236.0,1241.0,1245,1275,1281,1287,1293,1299,1304,1310,1315,1320
421110,Norte Catarinense,Monte Castelo,8346.0,8346.0,8346,8478,8476,8475,8473,8471,8280,8275,8269,8263,4849.0,4849.0,4849,4926,4925,4924,4923,4922,4811,4808,4804,4801,0,0,0,0,0,0,0,0,0,0,0,0,0,0,0,0,0,0,0,0,0,0,0,0,3497.0,3497.0,3497,3552,3551,3551,3550,3549,3469,3467,3465,3462
421120,Sul Catarinense ,Morro da Fumaca,16126.0,16247.0,16364,16888,17052,17213,17373,17532,17642,17796,17947,18095,13863.0,13967.0,14068,14518,14659,14797,14935,15072,15166,15299,15428,15556,0,0,0,0,0,0,0,0,0,0,0,0,0,0,0,0,0,0,0,0,0,0,0,0,2263.0,2280.0,2296,2370,2393,2416,2438,2460,2476,2497,2519,2539
421125,Sul Catarinense ,Morro Grande,2890.0,2888.0,2886,2928,2925,2921,2918,2915,2898,2893,2888,2884,756.0,755.0,755,766,765,764,763,763,758,757,755,754,0,0,0,0,0,0,0,0,0,0,0,0,0,0,0,0,0,0,0,0,0,0,0,0,2134.0,2133.0,2131,2162,2160,2157,2155,2152,2140,2136,2133,2130
421130,Vale do Itajai ,Navegantes,60556.0,62187.0,63764,68337,70565,72772,74964,77137,79285,81475,83626,85734,57402.0,58948.0,60443,64778,66890,68982,71060,73119,75156,77231,79270,81269,0,0,0,0,0,0,0,0,0,0,0,0,0,0,0,0,0,0,0,0,0,0,0,0,3154.0,3239.0,3321,3559,3675,3790,3904,4018,4129,4244,4356,4465
421140,Oeste Catarinense ,Nova Erechim,4275.0,4332.0,4386,4577,4654,4729,4804,4879,4945,5019,5092,5163,3211.0,3254.0,3294,3438,3496,3552,3608,3665,3714,3770,3825,3878,0,0,0,0,0,0,0,0,0,0,0,0,0,0,0,0,0,0,0,0,0,0,0,0,1064.0,1078.0,1092,1139,1158,1177,1196,1214,1231,1249,1267,1285
421145,Oeste Catarinense ,Nova Itaberaba,4267.0,4268.0,4269,4338,4338,4339,4339,4339,4333,4331,4329,4327,1530.0,1530.0,1531,1555,1555,1556,1556,1556,1554,1553,1552,1552,0,0,0,0,0,0,0,0,0,0,0,0,0,0,0,0,0,0,0,0,0,0,0,0,2737.0,2738.0,2738,2783,2783,2783,2783,2783,2779,2778,2777,2775
421150,Grande Florianopolis,Nova Trento,12190.0,12370.0,12544,13135,13379,13621,13861,14099,14312,14549,14782,15010,9129.0,9264.0,9394,9837,10019,10201,10380,10559,10718,10896,11070,11241,0,0,0,0,0,0,0,0,0,0,0,0,0,0,0,0,0,0,0,0,0,0,0,0,3061.0,3106.0,3150,3298,3360,3420,3481,3540,3594,3653,3712,3769
421160,Sul Catarinense ,Nova Veneza,13309.0,13448.0,13581,14098,14285,14470,14654,14837,14987,15166,15342,15515,8927.0,9020.0,9109,9456,9582,9706,9829,9952,10053,10173,10291,10407,0,0,0,0,0,0,0,0,0,0,0,0,0,0,0,0,0,0,0,0,0,0,0,0,4382.0,4428.0,4472,4642,4703,4764,4825,4885,4934,4993,5051,5108
421165,Oeste Catarinense ,Novo Horizonte,2750.0,2724.0,2697,2681,2643,2606,2569,2532,2481,2442,2404,2366,921.0,912.0,903,898,885,873,860,848,831,818,805,792,0,0,0,0,0,0,0,0,0,0,0,0,0,0,0,0,0,0,0,0,0,0,0,0,1829.0,1812.0,1794,1783,1758,1733,1709,1684,1650,1624,1599,1574
421170,Sul Catarinense ,Orleans,21393.0,21498.0,21599,22171,22311,22449,22587,22723,22785,22912,23038,23161,16084.0,16163.0,16239,16669,16774,16878,16982,17084,17131,17226,17321,17413,16141,14498,15834,16539,17774,17774,17774,14491,14600,15650,18520,18570,15840,14464,15834,16539,16774,16774,16774,13491,13600,14550,16430,16550,5309.0,5335.0,5360,5502,5537,5571,5605,5639,5654,5686,5717,5748
421175,Serrana,Otacilio Costa,16337.0,16517.0,16691,17349,17593,17835,18075,18313,18510,18744,18975,19201,14891.0,15055.0,15214,15813,16036,16256,16475,16692,16872,17085,17296,17502,0,0,0,0,0,0,0,0,2601,4550,4614,4683,0,0,0,0,0,0,0,0,2601,4550,4614,4683,1446.0,1462.0,1477,1536,1557,1579,1600,1621,1638,1659,1679,1699
421180,Oeste Catarinense ,Ouro,7372.0,7360.0,7348,7436,7418,7399,7381,7363,7317,7295,7272,7251,4844.0,4836.0,4828,4886,4874,4862,4850,4838,4808,4793,4778,4764,0,0,0,0,0,0,0,0,0,1137,1683,1773,0,0,0,0,0,0,0,0,0,1137,1569,1656,2528.0,2524.0,2520,2550,2544,2537,2531,2525,2509,2502,2494,2487
421185,Oeste Catarinense ,Ouro Verde,2271.0,2265.0,2259,2281,2272,2263,2254,2245,2227,2217,2207,2197,715.0,713.0,711,718,715,712,710,707,701,698,695,692,0,0,0,0,0,0,0,0,0,0,0,0,0,0,0,0,0,0,0,0,0,0,0,0,1556.0,1552.0,1548,1563,1557,1551,1544,1538,1526,1519,1512,1505
421187,Oeste Catarinense ,Paial,1763.0,1741.0,1720,1698,1668,1637,1607,1577,1537,1505,1474,1444,336.0,332.0,328,324,318,312,306,301,293,287,281,275,0,0,0,0,0,0,0,0,0,0,0,0,0,0,0,0,0,0,0,0,0,0,0,0,1427.0,1409.0,1392,1374,1350,1325,1301,1276,1244,1218,1193,1169
421189,Serrana,Painel,2353.0,2352.0,2351,2385,2383,2381,2378,2376,2363,2359,2356,2352,945.0,945.0,944,958,957,956,955,954,949,947,946,945,0,0,0,0,0,0,0,0,0,0,0,0,0,0,0,0,0,0,0,0,0,0,0,0,1408.0,1407.0,1407,1427,1426,1425,1423,1422,1414,1412,1410,1407
421190,Grande Florianopolis,Palhoca,137334.0,139990.0,142558,150623,154244,157833,161395,164926,168259,171797,175272,178679,135311.0,137928.0,140458,148404,151972,155508,159018,162497,165780,169266,172690,176047,5589,6230,8075,12302,16200,16300,16300,16300,16950,17926,23162,27946,5589,6230,8075,12302,16200,16300,16300,16300,16950,17926,23162,27946,2023.0,2062.0,2100,2219,2272,2325,2377,2429,2479,2531,2582,2632
421200,Oeste Catarinense ,Palma Sola,7765.0,7732.0,7699,7747,7699,7652,7604,7558,7475,7423,7372,7321,4468.0,4449.0,4430,4458,4430,4403,4375,4349,4301,4271,4242,4213,0,4449,0,0,0,0,0,0,0,0,0,0,0,4449,0,0,0,0,0,0,0,0,0,0,3297.0,3283.0,3269,3289,3269,3249,3229,3209,3174,3152,3130,3108
421205,Serrana,Palmeira,2373.0,2392.0,2410,2488,2512,2537,2562,2586,2603,2627,2650,2673,925.0,932.0,939,970,979,989,999,1008,1015,1024,1033,1042,0,0,0,0,0,0,0,0,0,0,0,0,0,0,0,0,0,0,0,0,0,0,0,0,1448.0,1460.0,1471,1518,1533,1548,1563,1578,1588,1603,1617,1631
421210,Oeste Catarinense ,Palmitos,16020.0,16019.0,16018,16270,16266,16262,16257,16253,16182,16169,16157,16144,9871.0,9870.0,9870,10025,10023,10020,10017,10015,9971,9963,9955,9947,0,0,0,0,0,0,0,0,0,0,0,0,0,0,0,0,0,0,0,0,0,0,0,0,6149.0,6149.0,6148,6245,6243,6242,6240,6238,6211,6206,6202,6197
421220,Norte Catarinense,Papanduva,17928.0,18013.0,18096,18568,18681,18793,18905,19015,19218,19320,19422,19521,9184.0,9228.0,9270,9512,9570,9627,9684,9741,9845,9897,9949,10000,0,0,0,0,0,0,0,0,0,0,0,0,0,0,0,0,0,0,0,0,0,0,0,0,8744.0,8785.0,8826,9056,9111,9166,9221,9274,9373,9423,9473,9521
421223,Oeste Catarinense ,Paraiso,4080.0,4026.0,3972,3915,3838,3763,3688,3613,3515,3437,3360,3284,1451.0,1432.0,1413,1392,1365,1338,1312,1285,1250,1222,1195,1168,0,0,0,0,0,0,0,0,0,0,0,0,0,0,0,0,0,0,0,0,0,0,0,0,2629.0,2594.0,2559,2523,2473,2425,2376,2328,2265,2215,2165,2116
421225,Sul Catarinense ,Passo de Torres,6627.0,6798.0,6964,7447,7681,7912,8142,8370,8594,8823,9048,9269,5873.0,6025.0,6172,6600,6807,7012,7216,7418,7616,7819,8019,8214,0,0,0,0,0,0,0,0,0,0,0,0,0,0,0,0,0,0,0,0,0,0,0,0,754.0,773.0,792,847,874,900,926,952,978,1004,1029,1055
421227,Oeste Catarinense ,Passos Maia,4425.0,4400.0,4374,4387,4351,4314,4279,4243,4186,4147,4109,4072,1099.0,1093.0,1086,1090,1081,1071,1063,1054,1040,1030,1021,1011,0,0,0,0,0,0,0,0,0,0,0,0,0,0,0,0,0,0,0,0,0,0,0,0,3326.0,3307.0,3288,3297,3270,3243,3216,3189,3146,3117,3088,3061
421230,Grande Florianopolis,Paulo Lopes,6692.0,6751.0,6808,7045,7124,7203,7282,7360,7418,7494,7569,7642,4820.0,4862.0,4904,5074,5131,5188,5245,5301,5343,5398,5452,5504,0,0,0,0,0,0,0,0,0,0,0,0,0,0,0,0,0,0,0,0,0,0,0,0,1872.0,1889.0,1904,1971,1993,2015,2037,2059,2075,2096,2117,2138
421240,Sul Catarinense ,Pedras Grandes,4107.0,4093.0,4078,4110,4089,4068,4047,4026,4000,3976,3953,3931,1261.0,1257.0,1252,1262,1255,1249,1243,1236,1228,1221,1214,1207,0,0,0,0,0,0,0,0,0,0,0,0,0,0,0,0,0,0,0,0,0,0,0,0,2846.0,2836.0,2826,2848,2834,2819,2804,2790,2772,2755,2739,2724
421250,Vale do Itajai ,Penha,25141.0,25714.0,26268,27936,28718,29493,30262,31025,31764,32531,33284,34022,23064.0,23590.0,24098,25628,26345,27056,27762,28462,29140,29843,30534,31211,0,0,0,0,0,0,0,0,0,0,0,0,0,0,0,0,0,0,0,0,0,0,0,0,2077.0,2124.0,2170,2308,2373,2437,2500,2563,2624,2688,2750,2811
421260,Oeste Catarinense ,Peritiba,2988.0,2970.0,2952,2958,2931,2906,2880,2855,2814,2787,2760,2733,1481.0,1472.0,1463,1466,1453,1440,1427,1415,1395,1381,1368,1355,0,0,0,0,0,0,0,0,0,0,0,0,0,0,0,0,0,0,0,0,0,0,0,0,1507.0,1498.0,1489,1492,1478,1466,1453,1440,1419,1406,1392,1378
421265,Sul Catarinense ,Pescaria Brava,,,9416,9687,9761,9835,9908,9980,10022,10091,10159,10225,,,7424,7638,7696,7755,7812,7869,7902,7956,8010,8062,0,0,0,0,0,0,0,0,0,0,0,0,0,0,0,0,0,0,0,0,0,0,0,0,,,1992,2049,2065,2080,2096,2111,2120,2135,2149,2163
421270,Vale do Itajai ,Petrolandia,6131.0,6110.0,6090,6140,6110,6080,6051,6021,5971,5937,5905,5873,2225.0,2217.0,2210,2228,2217,2206,2196,2185,2167,2155,2143,2131,2000,0,0,0,0,0,0,0,0,0,0,0,2000,0,0,0,0,0,0,0,0,0,0,0,3906.0,3893.0,3880,3912,3893,3874,3855,3836,3804,3782,3762,3742
421290,Oeste Catarinense ,Pinhalzinho,16332.0,16638.0,16933,17868,18284,18696,19105,19511,19906,20313,20712,21103,13615.0,13870.0,14116,14895,15242,15586,15927,16265,16594,16934,17266,17592,0,0,0,0,0,0,0,0,0,0,0,0,0,0,0,0,0,0,0,0,0,0,0,0,2717.0,2768.0,2817,2973,3042,3110,3178,3246,3312,3379,3446,3511
421300,Oeste Catarinense ,Pinheiro Preto,3147.0,3180.0,3190,3310,3353,3396,3438,3480,3513,3555,3596,3635,1700.0,1718.0,1723,1788,1811,1835,1857,1880,1898,1920,1943,1964,495,615,615,695,759,854,593,639,1228,1292,1295,1295,495,615,615,695,759,854,593,639,1228,1292,1295,1295,1447.0,1462.0,1467,1522,1542,1561,1581,1600,1615,1635,1653,1671
421310,Oeste Catarinense ,Piratuba,4786.0,4708.0,4632,4533,4424,4316,4209,4102,3965,3854,3745,3637,2855.0,2808.0,2763,2704,2639,2575,2511,2447,2365,2299,2234,2170,0,0,0,0,0,0,0,0,0,0,0,0,0,0,0,0,0,0,0,0,0,0,0,0,1931.0,1900.0,1869,1829,1785,1741,1698,1655,1600,1555,1511,1467
421315,Oeste Catarinense ,Planalto Alegre,2654.0,2670.0,2685,2761,2782,2803,2823,2844,2850,2870,2888,2907,1067.0,1073.0,1079,1110,1118,1127,1135,1143,1146,1154,1161,1169,0,0,0,0,0,0,0,0,0,1800,1800,1800,0,0,0,0,0,0,0,0,0,0,0,0,1587.0,1597.0,1606,1651,1664,1676,1688,1701,1704,1716,1727,1738
421320,Vale do Itajai ,Pomerode,27759.0,28192.0,28610,30009,30598,31181,31760,32334,32874,33447,34010,34561,23823.0,24195.0,24553,25754,26259,26760,27257,27749,28213,28704,29188,29661,0,0,0,1248,1248,205,205,205,588,588,588,588,0,0,0,1248,1248,205,205,205,588,588,588,588,3936.0,3997.0,4057,4255,4339,4421,4503,4585,4661,4743,4822,4900
421330,Serrana,Ponte Alta,4894.0,4873.0,4853,4885,4855,4825,4796,4767,4714,4682,4650,4619,3578.0,3563.0,3548,3571,3549,3528,3506,3485,3446,3423,3400,3377,0,0,0,0,0,0,0,0,0,0,0,0,0,0,0,0,0,0,0,0,0,0,0,0,1316.0,1310.0,1305,1314,1306,1297,1290,1282,1268,1259,1250,1242
421335,Serrana,Ponte Alta do Norte,3303.0,3310.0,3316,3381,3389,3397,3405,3413,3408,3414,3420,3426,3007.0,3013.0,3019,3078,3085,3093,3100,3107,3103,3108,3114,3119,2496,0,0,0,0,0,0,3390,0,0,3114,0,2496,0,0,0,0,0,0,3080,0,0,2950,0,296.0,297.0,297,303,304,304,305,306,305,306,306,307
421340,Oeste Catarinense ,Ponte Serrada,11031.0,11068.0,11102,11358,11405,11452,11499,11545,11552,11593,11634,11674,7624.0,7650.0,7673,7850,7882,7915,7947,7979,7984,8012,8041,8068,0,0,0,0,0,0,0,380,390,415,425,0,0,0,0,0,0,0,0,320,330,345,350,0,3407.0,3418.0,3429,3508,3523,3537,3552,3566,3568,3581,3593,3606
421350,Vale do Itajai ,Porto Belo,16083.0,16496.0,16896,18066,18630,19189,19744,20294,20834,21388,21932,22466,15167.0,15556.0,15934,17037,17569,18096,18619,19138,19647,20170,20683,21186,0,0,1050,1050,0,0,0,0,0,0,0,0,0,0,1050,1050,0,0,0,0,0,0,0,0,916.0,940.0,962,1029,1061,1093,1125,1156,1187,1218,1249,1280
421360,Norte Catarinense,Porto Uniao,33493.0,33619.0,33740,34551,34717,34882,35045,35207,35250,35398,35543,35685,28266.0,28372.0,28474,29159,29299,29438,29576,29713,29749,29874,29996,30116,3818,3850,3990,4044,4040,4022,4108,4249,4309,4395,4357,4456,3818,3850,3990,4044,4040,4022,4108,4249,4309,4395,3503,4456,5227.0,5247.0,5266,5392,5418,5444,5469,5494,5501,5524,5547,5569
421370,Vale do Itajai ,Pouso Redondo,14810.0,15011.0,15204,15882,16154,16424,16692,16957,17189,17453,17712,17965,9024.0,9146.0,9264,9677,9843,10007,10171,10332,10474,10634,10792,10946,0,0,9264,0,0,0,0,0,0,0,0,0,0,0,9264,0,0,0,0,0,0,0,0,0,5786.0,5865.0,5940,6205,6311,6417,6521,6625,6715,6819,6920,7019
421380,Sul Catarinense ,Praia Grande,7267.0,7266.0,7265,7377,7374,7370,7367,7364,7326,7319,7312,7305,4297.0,4296.0,4296,4362,4360,4358,4356,4354,4332,4328,4324,4319,0,0,0,1500,1500,1500,1500,1500,1500,1500,1500,1500,0,0,0,1500,1500,1500,1500,1500,1500,1500,1500,1500,2970.0,2970.0,2969,3015,3014,3012,3011,3010,2994,2991,2988,2986
421390,Oeste Catarinense ,Presidente Castello Branco,1725.0,1711.0,1697,1691,1670,1650,1630,1610,1590,1568,1547,1526,553.0,549.0,544,542,535,529,523,516,510,503,496,489,0,0,0,0,0,0,0,0,0,0,0,0,0,0,0,0,0,0,0,0,0,0,0,0,1172.0,1162.0,1153,1149,1135,1121,1107,1094,1080,1065,1051,1037
421400,Vale do Itajai ,Presidente Getulio,14887.0,15084.0,15273,15943,16210,16474,16736,16996,17215,17471,17726,17973,10535.0,10674.0,10808,11282,11471,11658,11843,12027,12182,12364,12544,12719,0,0,0,0,0,0,0,0,0,0,0,0,0,0,0,0,0,0,0,0,0,0,0,0,4352.0,4410.0,4465,4661,4739,4816,4893,4969,5033,5107,5182,5254
421410,Vale do Itajai ,Presidente Nereu,2284.0,2283.0,2281,2314,2312,2309,2306,2304,2290,2287,2283,2279,808.0,808.0,807,819,818,817,816,815,810,809,808,806,0,0,0,0,2300,2300,0,0,0,0,0,0,0,0,0,0,800,800,0,0,0,0,0,0,1476.0,1475.0,1474,1495,1494,1492,1490,1489,1480,1478,1475,1473
421415,Oeste Catarinense ,Princesa,2758.0,2770.0,2780,2848,2862,2877,2891,2906,2911,2924,2937,2950,1004.0,1008.0,1012,1037,1042,1047,1052,1058,1060,1064,1069,1074,0,0,0,0,0,0,0,0,0,0,0,0,0,0,0,0,0,0,0,0,0,0,0,0,1754.0,1762.0,1768,1811,1820,1830,1839,1848,1851,1860,1868,1876
421420,Oeste Catarinense ,Quilombo,10248.0,10211.0,10175,10255,10201,10149,10096,10044,9946,9887,9829,9773,5746.0,5725.0,5705,5750,5720,5690,5661,5632,5577,5544,5511,5480,0,10211,0,0,700,700,0,0,0,0,0,0,0,5725,0,0,700,700,0,0,0,0,0,0,4502.0,4486.0,4470,4505,4481,4459,4435,4412,4369,4343,4318,4293
421430,Grande Florianopolis,Rancho Queimado,2748.0,2757.0,2765,2827,2838,2849,2860,2871,2868,2878,2887,2897,1290.0,1294.0,1298,1327,1332,1337,1343,1348,1346,1351,1355,1360,0,832,730,764,778,798,851,859,850,836,842,842,0,832,730,764,778,798,851,859,850,836,842,842,1458.0,1463.0,1467,1500,1506,1512,1517,1523,1522,1527,1532,1537
421440,Oeste Catarinense ,Rio das Antas,6143.0,6145.0,6146,6245,6245,6246,6246,6246,6208,6205,6202,6199,2740.0,2741.0,2741,2785,2785,2786,2786,2786,2769,2768,2766,2765,0,0,0,0,0,0,0,0,0,0,0,0,0,0,0,0,0,0,0,0,0,0,0,0,3403.0,3404.0,3405,3460,3460,3460,3460,3460,3439,3437,3436,3434
421450,Vale do Itajai ,Rio do Campo,6192.0,6167.0,6143,6185,6149,6113,6078,6043,5979,5940,5902,5864,2632.0,2621.0,2611,2629,2614,2598,2584,2569,2541,2525,2509,2493,0,0,0,0,0,0,0,0,0,0,0,0,0,0,0,0,0,0,0,0,0,0,0,0,3560.0,3546.0,3532,3556,3535,3515,3494,3474,3438,3415,3393,3371
421460,Vale do Itajai ,Rio do Oeste,7090.0,7118.0,7145,7319,7355,7392,7428,7463,7456,7489,7520,7552,3390.0,3403.0,3416,3499,3517,3534,3552,3568,3565,3581,3596,3611,0,0,0,0,0,0,0,0,0,0,0,0,0,0,0,0,0,0,0,0,0,0,0,0,3700.0,3715.0,3729,3820,3838,3858,3876,3895,3891,3908,3924,3941
421480,Vale do Itajai ,Rio do Sul,61198.0,61931.0,10488,10879,66251,67237,68217,69188,70100,71061,72006,72931,56785.0,57465.0,5211,5406,61474,62389,63298,64199,65045,65937,66814,67672,0,0,0,0,0,0,0,0,0,0,0,0,0,0,0,0,0,0,0,0,0,0,0,0,4413.0,4466.0,5277,5473,4777,4848,4919,4989,5055,5124,5192,5259
421470,Vale do Itajai ,Rio dos Cedros,10284.0,10388.0,62658,65256,11019,11157,11295,11431,11542,11676,11808,11937,5110.0,5162.0,58140,60550,5475,5544,5612,5680,5735,5802,5867,5931,0,0,0,0,0,0,0,0,0,0,0,0,0,0,0,0,0,0,0,0,0,0,0,0,5174.0,5226.0,4518,4706,5544,5613,5683,5751,5807,5874,5941,6006
421490,Sul Catarinense ,Rio Fortuna,4446.0,4456.0,4466,4557,4569,4582,4594,4606,4601,4611,4620,4630,1523.0,1526.0,1530,1561,1565,1570,1574,1578,1576,1580,1583,1586,0,0,0,0,0,0,0,0,0,0,0,0,0,0,0,0,0,0,0,0,0,0,0,0,2923.0,2930.0,2936,2996,3004,3012,3020,3028,3025,3031,3037,3044
421500,Norte Catarinense,Rio Negrinho,39846.0,40011.0,40169,41167,41386,41602,41817,42029,42106,42302,42495,42684,36348.0,36499.0,36643,37553,37753,37950,38146,38339,38410,38588,38764,38937,3666,3666,4000,6000,7000,7100,7200,8000,10206,27971,33656,33700,3666,3666,4000,6000,7000,7100,7200,8000,10206,27971,33656,33700,3498.0,3512.0,3526,3614,3633,3652,3671,3690,3696,3714,3731,3747
421505,Serrana,Rio Rufino,2436.0,2438.0,2440,2482,2484,2485,2487,2489,2482,2483,2483,2484,688.0,689.0,689,701,702,702,702,703,701,701,701,702,0,689,0,0,0,0,0,0,0,0,0,0,0,689,0,0,0,0,0,0,0,0,0,0,1748.0,1749.0,1751,1781,1782,1783,1785,1786,1781,1782,1782,1782
421507,Oeste Catarinense ,Riqueza,4838.0,4813.0,4789,4810,4775,4740,4705,4670,4636,4598,4561,4525,2154.0,2143.0,2132,2142,2126,2110,2095,2079,2064,2047,2031,2015,0,0,0,0,0,0,0,0,0,0,0,0,0,0,0,0,0,0,0,0,0,0,0,0,2684.0,2670.0,2657,2668,2649,2630,2610,2591,2572,2551,2530,2510
421510,Vale do Itajai ,Rodeio,10922.0,10964.0,11004,11270,11325,11380,11434,11488,11502,11551,11600,11647,9424.0,9460.0,9495,9724,9772,9819,9866,9912,9924,9967,10009,10050,0,0,0,0,0,0,0,0,0,0,0,0,0,0,0,0,0,0,0,0,0,0,0,0,1498.0,1504.0,1509,1546,1553,1561,1568,1576,1578,1584,1591,1597
421520,Oeste Catarinense ,Romelandia,5551.0,5479.0,5494,5421,5320,5220,5120,5022,4890,4786,4684,4584,2008.0,1982.0,1987,1961,1924,1888,1852,1817,1769,1731,1694,1658,0,0,0,0,0,0,0,0,0,0,0,0,0,0,0,0,0,0,0,0,0,0,0,0,3543.0,3497.0,3507,3460,3396,3332,3268,3205,3121,3055,2990,2926
421530,Vale do Itajai ,Salete,7370.0,7386.0,7402,7553,7573,7594,7614,7634,7626,7642,7659,7674,4987.0,4998.0,5009,5111,5124,5139,5152,5166,5160,5171,5183,5193,0,0,0,0,0,0,0,0,0,0,7642,0,0,0,0,0,0,0,0,0,0,0,5183,0,2383.0,2388.0,2393,2442,2449,2455,2462,2468,2466,2471,2476,2481
421535,Oeste Catarinense ,Saltinho,3961.0,3943.0,3926,3948,3923,3897,3872,3847,3808,3781,3754,3727,1255.0,1249.0,1244,1251,1243,1235,1227,1219,1207,1198,1189,1181,0,0,0,0,0,0,0,0,0,0,0,0,0,0,0,0,0,0,0,0,0,0,0,0,2706.0,2694.0,2682,2697,2680,2662,2645,2628,2601,2583,2565,2546
421540,Oeste Catarinense ,Salto Veloso,4301.0,4332.0,4361,4495,4536,4576,4616,4655,4680,4718,4756,4792,3402.0,3427.0,3449,3555,3588,3620,3651,3682,3702,3732,3762,3790,0,0,0,0,0,0,0,0,0,0,0,0,0,0,0,0,0,0,0,0,0,0,0,0,899.0,905.0,912,940,948,956,965,973,978,986,994,1002
421545,Sul Catarinense ,Sangao,10400.0,10575.0,10744,11294,11532,11767,12001,12233,12446,12678,12905,13128,4856.0,4938.0,5017,5273,5385,5494,5604,5712,5811,5920,6026,6130,0,0,0,0,0,0,0,0,0,0,0,0,0,0,0,0,0,0,0,0,0,0,0,0,5544.0,5637.0,5727,6021,6147,6273,6397,6521,6635,6758,6879,6998
421550,Serrana,Santa Cecilia,15757.0,15831.0,15902,16315,16413,16510,16606,16701,16741,16830,16918,17004,13663.0,13727.0,13789,14147,14232,14316,14399,14482,14516,14593,14670,14744,0,0,0,0,0,0,13699,0,0,0,0,0,0,0,0,0,0,0,5152,0,0,0,0,0,2094.0,2104.0,2113,2168,2181,2194,2207,2219,2225,2237,2248,2260
421555,Oeste Catarinense ,Santa Helena,2382.0,2367.0,2351,2354,2331,2309,2288,2266,2247,2223,2200,2178,882.0,876.0,871,872,863,855,847,839,832,823,815,806,0,0,0,0,0,0,0,0,0,0,0,0,0,0,0,0,0,0,0,0,0,0,0,0,1500.0,1491.0,1480,1482,1468,1454,1441,1427,1415,1400,1385,1372
421560,Sul Catarinense ,Santa Rosa de Lima,2065.0,2070.0,2074,2116,2122,2128,2133,2139,2137,2142,2147,2151,518.0,519.0,520,531,532,534,535,537,536,537,539,540,0,0,0,0,0,0,0,0,0,0,0,0,0,0,0,0,0,0,0,0,0,0,0,0,1547.0,1551.0,1554,1585,1590,1594,1598,1602,1601,1605,1608,1611
421565,Sul Catarinense ,Santa Rosa do Sul,8054.0,8073.0,8091,8261,8285,8309,8333,8356,8338,8358,8378,8397,3746.0,3755.0,3763,3842,3853,3865,3876,3886,3878,3887,3897,3906,0,0,0,0,0,0,0,0,0,0,0,0,0,0,0,0,0,0,0,0,0,0,0,0,4308.0,4318.0,4328,4419,4432,4444,4457,4470,4460,4471,4481,4491
421567,Norte Catarinense,Santa Terezinha,8767.0,8762.0,8756,8883,8873,8864,8855,8846,8801,8787,8773,8760,1513.0,1512.0,1511,1533,1531,1530,1528,1527,1519,1516,1514,1512,0,0,0,0,0,0,0,0,0,0,0,0,0,0,0,0,0,0,0,0,0,0,0,0,7254.0,7250.0,7245,7350,7342,7334,7327,7319,7282,7271,7259,7248
421568,Oeste Catarinense ,Santa Terezinha do Progresso,2896.0,2857.0,2818,2776,2720,2666,2611,2557,2484,2428,2372,2317,539.0,532.0,524,517,506,496,486,476,462,452,441,431,0,0,0,0,0,0,0,0,0,0,0,0,0,0,0,0,0,0,0,0,0,0,0,0,2357.0,2325.0,2294,2259,2214,2170,2125,2081,2022,1976,1931,1886
421569,Oeste Catarinense ,Santiago do Sul,1465.0,1448.0,1431,1414,1389,1365,1341,1317,1286,1260,1235,1211,650.0,642.0,635,627,616,606,595,584,571,559,548,537,0,0,0,0,0,0,0,0,0,0,0,0,0,0,0,0,0,0,0,0,0,0,0,0,815.0,806.0,796,787,773,759,746,733,715,701,687,674
421570,Grande Florianopolis,Santo Amaro da Imperatriz,19823.0,20082.0,20332,21221,21572,21920,22266,22609,22905,23245,23579,23907,14970.0,15166.0,15354,16026,16291,16554,16815,17074,17297,17554,17806,18054,0,0,0,0,0,0,6947,6947,6947,6947,6947,7328,0,0,0,0,0,0,6947,6947,6947,6947,6947,7328,4853.0,4916.0,4978,5195,5281,5366,5451,5535,5608,5691,5773,5853
421580,Norte Catarinense,Sao Bento do Sul,74801.0,75520.0,76215,78998,79971,80936,81893,82842,83576,84507,85421,86317,71234.0,71919.0,72581,75231,76157,77076,77988,78892,79591,80477,81348,82201,12495,13383,14480,14480,14871,18365,18409,18899,19680,19995,26526,28034,12495,13383,14480,14454,14845,18365,18409,18899,19680,19995,26526,28034,3567.0,3601.0,3634,3767,3814,3860,3905,3950,3985,4030,4073,4116
421575,Oeste Catarinense ,Sao Bernardino,2677.0,2642.0,2676,2641,2593,2545,2496,2449,2386,2336,2287,2239,719.0,710.0,719,709,696,684,670,658,641,627,614,601,0,0,0,0,0,0,0,0,0,0,0,0,0,0,0,0,0,0,0,0,0,0,0,0,1958.0,1932.0,1957,1932,1897,1861,1826,1791,1745,1709,1673,1638
421590,Grande Florianopolis,Sao Bonifacio,3008.0,2992.0,2977,2989,2966,2944,2922,2899,2862,2838,2814,2791,685.0,681.0,678,681,675,670,665,660,652,646,641,636,0,0,0,0,0,0,0,0,0,0,0,0,0,0,0,0,0,0,0,0,0,0,0,0,2323.0,2311.0,2299,2308,2291,2274,2257,2239,2210,2192,2173,2155
421600,Oeste Catarinense ,Sao Carlos,10291.0,10363.0,10431,10753,10849,10944,11038,11132,11191,11281,11369,11456,6902.0,6950.0,6996,7212,7276,7340,7403,7466,7506,7566,7625,7683,0,0,0,0,0,0,0,0,0,0,0,0,0,0,0,0,0,0,0,0,0,0,0,0,3389.0,3413.0,3435,3541,3573,3604,3635,3666,3685,3715,3744,3773
421605,Serrana,Sao Cristovao do Sul,5012.0,5051.0,5089,5255,5308,5360,5412,5464,5499,5549,5598,5646,3800.0,3830.0,3858,3984,4024,4064,4103,4143,4169,4207,4244,4281,0,0,0,0,0,0,0,0,0,0,0,0,0,0,0,0,0,0,0,0,0,0,0,0,1212.0,1221.0,1231,1271,1284,1296,1309,1321,1330,1342,1354,1365
421610,Oeste Catarinense ,Sao Domingos,9491.0,9488.0,9389,9530,9523,9516,9509,9502,9457,9445,9434,9422,6313.0,6311.0,6245,6339,6334,6330,6325,6320,6290,6282,6275,6267,0,0,0,0,0,0,0,0,0,0,2615,2667,0,0,0,0,0,0,0,0,0,0,2615,2667,3178.0,3177.0,3144,3191,3189,3186,3184,3182,3167,3163,3159,3155
421620,Norte Catarinense,Sao Francisco do Sul,42520.0,43305.0,44064,46477,47547,48606,49658,50701,51677,52721,53746,54751,39490.0,40219.0,40924,43165,44159,45142,46119,47088,47994,48964,49916,50849,0,0,0,0,0,0,0,0,0,0,0,3483,0,0,0,0,0,0,0,0,0,0,0,3483,3030.0,3086.0,3140,3312,3388,3464,3539,3613,3683,3757,3830,3902
421630,Grande Florianopolis,Sao Joao Batista,26260.0,27135.0,27982,30337,31534,32720,33897,35065,36244,37424,38583,39719,23551.0,24336.0,25095,27207,28281,29345,30400,31448,32505,33563,34603,35622,0,0,0,0,0,0,0,0,0,0,0,0,0,0,0,0,0,0,0,0,0,0,0,0,2709.0,2799.0,2887,3130,3253,3375,3497,3617,3739,3861,3980,4097
421635,Vale do Itajai ,Sao Joao do Itaperiu,3435.0,3457.0,3477,3578,3606,3634,3662,3690,3707,3733,3759,3784,1925.0,1937.0,1949,2005,2021,2037,2052,2068,2077,2092,2107,2121,0,0,0,0,0,0,0,0,0,0,0,0,0,0,0,0,0,0,0,0,0,0,0,0,1510.0,1520.0,1528,1573,1585,1597,1610,1622,1630,1641,1652,1663
421625,Oeste Catarinense ,Sao Joao do Oeste,6036.0,6055.0,6074,6211,6235,6260,6285,6309,6359,6381,6402,6423,2119.0,2126.0,2132,2180,2189,2198,2206,2215,2232,2240,2247,2255,0,0,0,0,0,0,0,0,0,0,0,0,0,0,0,0,0,0,0,0,0,0,0,0,3917.0,3929.0,3942,4031,4046,4062,4079,4094,4127,4141,4155,4168
421640,Sul Catarinense ,Sao Joao do Sul,7002.0,7019.0,7035,7183,7205,7226,7247,7268,7280,7297,7315,7332,1572.0,1576.0,1579,1613,1618,1622,1627,1632,1634,1638,1642,1646,0,0,0,0,0,0,0,0,0,0,0,0,0,0,0,0,0,0,0,0,0,0,0,0,5430.0,5443.0,5456,5570,5587,5604,5620,5636,5646,5659,5673,5686
421650,Serrana,Sao Joaquim,24812.0,24964.0,25111,25841,26045,26247,26447,26646,26763,26952,27139,27322,17573.0,17681.0,17785,18302,18446,18589,18731,18872,18955,19089,19221,19351,5745,6017,5558,6022,6536,6661,7282,7544,7731,7850,8661,8883,5745,6017,5558,6022,6536,6661,7282,7544,7731,7850,8661,8883,7239.0,7283.0,7326,7539,7599,7658,7716,7774,7808,7863,7918,7971
421660,Grande Florianopolis,Sao Jose,209804.0,212587.0,215278,224779,228561,232309,236029,239718,242927,246586,250181,253705,207312.0,210062.0,212721,222109,225846,229550,233226,236871,240042,243657,247209,250692,62424,72098,65496,67629,80187,85353,87741,91386,93156,100107,117939,122031,62424,72098,65496,67629,80187,85353,87741,91386,93156,100107,117939,122031,2492.0,2525.0,2557,2670,2715,2759,2803,2847,2885,2929,2972,3013
421670,Oeste Catarinense ,Sao Jose do Cedro,13684.0,13685.0,13685,13904,13902,13901,13899,13897,13838,13829,13820,13811,8447.0,8448.0,8448,8583,8582,8581,8580,8578,8542,8537,8531,8525,0,0,0,0,0,0,0,0,39,66,75,103,0,0,0,0,0,0,0,0,39,66,75,103,5237.0,5237.0,5237,5321,5320,5320,5319,5319,5296,5292,5289,5286
421680,Serrana,Sao Jose do Cerrito,9273.0,9188.0,9104,9061,8941,8823,8705,8588,8421,8295,8173,8054,2492.0,2469.0,2447,2435,2403,2371,2339,2308,2263,2229,2196,2164,0,0,0,0,0,0,0,0,0,0,0,0,0,0,0,0,0,0,0,0,0,0,0,0,6781.0,6719.0,6657,6626,6538,6452,6366,6280,6158,6066,5977,5890
421690,Oeste Catarinense ,Sao Lourenco do Oeste,21792.0,21964.0,22062,22786,23017,23245,23473,23698,23857,24076,24291,24501,16880.0,17013.0,17089,17650,17829,18005,18182,18356,18480,18649,18816,18978,602,602,602,0,0,0,0,288,288,288,288,288,602,602,602,0,0,0,0,288,288,288,288,288,4912.0,4951.0,4973,5136,5188,5240,5291,5342,5377,5427,5475,5523
421700,Sul Catarinense ,Sao Ludgero,10993.0,11178.0,11357,11940,12192,12441,12688,12934,13165,13410,13650,13886,9863.0,10029.0,10190,10713,10939,11162,11384,11604,11812,12032,12247,12459,9248,9365,10130,10350,10860,10970,12030,12730,13165,13410,13650,13886,9248,9365,10130,10350,10860,10970,11360,11604,11812,12032,12247,12459,1130.0,1149.0,1167,1227,1253,1279,1304,1330,1353,1378,1403,1427
421710,Sul Catarinense ,Sao Martinho,3209.0,3205.0,3200,3239,3232,3224,3217,3210,3189,3180,3171,3162,1231.0,1229.0,1228,1243,1240,1237,1234,1231,1223,1220,1216,1213,0,0,0,0,0,0,0,0,0,0,0,0,0,0,0,0,0,0,0,0,0,0,0,0,1978.0,1976.0,1972,1996,1992,1987,1983,1979,1966,1960,1955,1949
421715,Oeste Catarinense ,Sao Miguel da Boa Vista,1904.0,1896.0,1887,1897,1885,1872,1860,1848,1833,1820,1807,1794,439.0,437.0,435,437,435,432,429,426,423,420,417,414,0,0,0,0,0,0,0,0,0,0,0,0,0,0,0,0,0,0,0,0,0,0,0,0,1465.0,1459.0,1452,1460,1450,1440,1431,1422,1410,1400,1390,1380
421720,Oeste Catarinense ,Sao Miguel do Oeste,36306.0,36612.0,36908,38162,38575,38984,39390,39793,40090,40482,40868,41246,32065.0,32335.0,32597,33704,34069,34430,34789,35145,35407,35753,36094,36428,0,0,0,0,0,0,0,28000,0,0,0,1000,0,0,0,0,0,0,0,28000,0,0,0,1000,4241.0,4277.0,4311,4458,4506,4554,4601,4648,4683,4729,4774,4818
421725,Grande Florianopolis,Sao Pedro de Alcantara,4704.0,4790.0,4874,5139,5256,5373,5488,5602,5709,5823,5935,6046,3729.0,3797.0,3864,4074,4167,4259,4351,4441,4526,4616,4705,4793,0,0,0,0,0,0,0,0,0,0,0,0,0,0,0,0,0,0,0,0,0,0,0,0,975.0,993.0,1010,1065,1089,1114,1137,1161,1183,1207,1230,1253
421730,Oeste Catarinense ,Saudades,9016.0,9070.0,9121,9382,9454,9524,9594,9664,9679,9745,9810,9874,5123.0,5154.0,5183,5331,5372,5412,5451,5491,5500,5537,5574,5611,0,0,0,0,0,0,0,0,0,0,0,0,0,0,0,0,0,0,0,0,0,0,0,0,3893.0,3916.0,3938,4051,4082,4112,4143,4173,4179,4208,4236,4263
421740,Norte Catarinense,Schroeder,15316.0,15790.0,16248,17538,18186,18827,19463,20095,20728,21365,21991,22605,13703.0,14127.0,14537,15691,16271,16844,17413,17979,18545,19115,19675,20224,0,0,0,0,0,0,0,0,0,0,0,0,0,0,0,0,0,0,0,0,0,0,0,0,1613.0,1663.0,1711,1847,1915,1983,2050,2116,2183,2250,2316,2381
421750,Oeste Catarinense ,Seara,16936.0,16971.0,17005,17351,17395,17439,17483,17526,17506,17541,17576,17610,11586.0,11610.0,11633,11870,11900,11930,11960,11990,11976,12000,12024,12047,0,0,0,0,0,0,0,0,0,0,0,0,0,0,0,0,0,0,0,0,0,0,0,0,5350.0,5361.0,5372,5481,5495,5509,5523,5536,5530,5541,5552,5563
421755,Oeste Catarinense ,Serra Alta,3285.0,3282.0,3279,3323,3317,3312,3307,3301,3270,3263,3256,3249,1835.0,1833.0,1832,1856,1853,1850,1847,1844,1827,1823,1819,1815,89,89,89,89,89,120,120,120,120,100,90,90,89,89,89,89,89,120,120,120,120,90,90,90,1450.0,1449.0,1447,1467,1464,1462,1460,1457,1443,1440,1437,1434
421760,Sul Catarinense ,Sideropolis,12998.0,13069.0,13137,13499,13593,13686,13778,13870,13920,14007,14092,14176,10051.0,10106.0,10158,10438,10511,10583,10654,10725,10764,10831,10897,10962,0,0,0,0,0,0,0,0,0,0,0,0,0,0,0,0,0,0,0,0,0,0,0,0,2947.0,2963.0,2979,3061,3082,3103,3124,3145,3156,3176,3195,3214
421770,Sul Catarinense ,Sombrio,26613.0,26894.0,27165,28209,28589,28966,29340,29710,30010,30374,30733,31084,19638.0,19845.0,20045,20816,21096,21374,21650,21923,22145,22413,22678,22937,0,0,11000,12100,13000,14000,14180,14420,14420,10376,10402,11686,0,0,11000,12100,13000,14000,14180,14420,14420,10376,10402,11686,6975.0,7049.0,7120,7393,7493,7592,7690,7787,7865,7961,8055,8147
421775,Oeste Catarinense ,Sul Brasil,2766.0,2740.0,2714,2698,2661,2624,2587,2551,2500,2461,2423,2386,1011.0,1001.0,992,986,973,959,946,932,914,900,886,872,0,0,0,0,0,0,760,805,850,850,850,872,0,0,0,0,0,0,760,805,850,850,850,872,1755.0,1739.0,1722,1712,1688,1665,1641,1619,1586,1561,1537,1514
421780,Vale do Itajai ,Taio,17260.0,17337.0,17412,17856,17959,18060,18161,18261,18302,18395,18486,18576,9964.0,10008.0,10052,10308,10368,10426,10484,10542,10566,10619,10672,10724,0,0,0,0,0,0,0,0,0,0,0,0,0,0,0,0,0,0,0,0,0,0,0,0,7296.0,7329.0,7360,7548,7591,7634,7677,7719,7736,7776,7814,7852
421790,Oeste Catarinense ,TangarA,8674.0,8668.0,8653,8777,8767,8757,8748,8738,8691,8676,8662,8648,4984.0,4981.0,4972,5043,5037,5032,5027,5021,4994,4985,4977,4969,0,0,0,0,0,0,0,0,0,0,0,0,0,0,0,0,0,0,0,0,0,0,0,0,3690.0,3687.0,3681,3734,3730,3725,3721,3717,3697,3691,3685,3679
421795,Oeste Catarinense ,Tigrinhos,1757.0,1748.0,1739,1746,1733,1720,1707,1695,1646,1633,1619,1606,343.0,341.0,339,341,338,336,333,331,321,319,316,314,0,0,0,0,0,0,0,0,0,0,0,0,0,0,0,0,0,0,0,0,0,0,0,0,1414.0,1407.0,1400,1405,1395,1384,1374,1364,1325,1314,1303,1292
421800,Grande Florianopolis,Tijucas,30960.0,31533.0,32087,33847,34628,35402,36170,36931,37645,38407,39155,39889,26002.0,26483.0,26949,28427,29083,29733,30378,31017,31616,32256,32885,33501,0,0,0,0,0,0,0,15000,18300,19000,23100,23600,0,0,0,0,0,0,0,15000,18300,19000,23100,23600,4958.0,5050.0,5138,5420,5545,5669,5792,5914,6029,6151,6270,6388
421810,Sul Catarinense ,Timbe do Sul,5308.0,5307.0,5306,5387,5385,5382,5379,5377,5354,5348,5343,5338,1845.0,1845.0,1844,1872,1872,1871,1870,1869,1861,1859,1857,1855,0,0,0,0,0,0,0,0,0,0,0,0,0,0,0,0,0,0,0,0,0,0,0,0,3463.0,3462.0,3462,3515,3513,3511,3509,3508,3493,3489,3486,3483
421820,Vale do Itajai ,Timbo,36774.0,37344.0,37894,39740,40515,41283,42045,42801,43484,44238,44977,45703,34296.0,34828.0,35341,37062,37785,38501,39212,39917,40554,41257,41946,42623,0,0,0,0,0,0,0,0,0,0,0,0,0,0,0,0,0,0,0,0,0,0,0,0,2478.0,2516.0,2553,2678,2730,2782,2833,2884,2930,2981,3031,3080
421825,Norte Catarinense,Timbo Grande,7167.0,7219.0,7268,7495,7563,7632,7699,7767,7812,7877,7941,8003,4083.0,4113.0,4141,4270,4309,4348,4386,4425,4450,4487,4524,4559,0,0,0,0,0,0,0,0,0,0,0,0,0,0,0,0,0,0,0,0,0,0,0,0,3084.0,3106.0,3127,3225,3254,3284,3313,3342,3362,3390,3417,3444
421830,Norte Catarinense,Tres Barras,18129.0,18207.0,18281,18740,18843,18945,19046,19146,19183,19275,19366,19455,15365.0,15431.0,15494,15883,15970,16057,16142,16227,16258,16336,16413,16489,359,0,314,314,314,0,314,314,314,314,314,314,359,0,314,314,314,0,314,314,314,314,314,314,2764.0,2776.0,2787,2857,2873,2888,2904,2919,2925,2939,2953,2966
421835,Sul Catarinense ,Treviso,3527.0,3557.0,3585,3706,3746,3785,3824,3863,3891,3929,3966,4002,1833.0,1849.0,1863,1926,1947,1967,1987,2008,2022,2042,2061,2080,0,0,0,0,0,0,0,0,0,0,0,0,0,0,0,0,0,0,0,0,0,0,0,0,1694.0,1708.0,1722,1780,1799,1818,1837,1855,1869,1887,1905,1922
421840,Sul Catarinense ,Treze de Maio,6876.0,6889.0,6901,7036,7052,7067,7082,7098,7070,7081,7093,7104,3401.0,3407.0,3413,3480,3488,3495,3503,3511,3497,3502,3508,3514,0,0,0,0,0,0,0,0,0,0,0,0,0,0,0,0,0,0,0,0,0,0,0,0,3475.0,3482.0,3488,3556,3564,3572,3579,3587,3573,3579,3585,3590
421850,Oeste Catarinense ,Treze Tilias,6341.0,6457.0,6568,6925,7082,7237,7392,7545,7687,7840,7991,8138,4715.0,4801.0,4884,5149,5266,5381,5496,5610,5716,5830,5942,6051,1349,1428,1356,1502,1817,2009,2139,2354,2696,3086,3195,3413,1349,1428,1356,1502,1817,2009,2139,2354,2696,3086,3195,3413,1626.0,1656.0,1684,1776,1816,1856,1896,1935,1971,2010,2049,2087
421860,Vale do Itajai ,Trombudo Central,6553.0,6612.0,6668,6901,6979,7057,7135,7211,7284,7360,7434,7506,4101.0,4138.0,4173,4319,4368,4416,4465,4513,4558,4606,4652,4697,0,0,0,0,0,0,0,0,0,0,0,0,0,0,0,0,0,0,0,0,0,0,0,0,2452.0,2474.0,2495,2582,2611,2641,2670,2698,2726,2754,2782,2809
421870,Sul Catarinense ,Tubarao,97235.0,97833.0,98412,101284,102087,102883,103674,104457,104937,105686,106422,107143,88094.0,88636.0,89160,91762,92490,93211,93928,94637,95072,95751,96417,97071,0,0,0,0,0,0,0,0,0,0,0,28444,0,0,0,0,0,0,0,0,0,0,0,28444,9141.0,9197.0,9252,9522,9597,9672,9746,9820,9865,9935,10005,10072
421875,Oeste Catarinense ,TunApolis,4633.0,4622.0,4612,4660,4644,4628,4612,4597,4561,4543,4525,4507,1418.0,1415.0,1412,1426,1421,1416,1412,1407,1396,1390,1385,1379,195,195,195,195,0,70,0,0,234,237,237,237,195,195,195,195,0,70,0,0,234,237,237,237,3215.0,3207.0,3200,3234,3223,3212,3200,3190,3165,3153,3140,3128
421880,Sul Catarinense ,Turvo,11854.0,11929.0,12001,12353,12452,12551,12649,12746,12806,12899,12990,13080,7915.0,7965.0,8013,8248,8314,8380,8446,8511,8551,8613,8674,8734,0,0,0,0,0,0,0,0,1219,1210,1359,1400,0,0,0,0,0,0,0,0,1219,1210,1359,1400,3939.0,3964.0,3988,4105,4138,4171,4203,4235,4255,4286,4316,4346
421885,Oeste Catarinense ,Uniao do Oeste,2910.0,2874.0,2838,2802,2751,2700,2650,2600,2517,2464,2412,2364,1107.0,1093.0,1080,1066,1047,1027,1008,989,957,937,918,899,0,0,0,0,0,0,0,0,0,0,0,0,0,0,0,0,0,0,0,0,0,0,0,0,1803.0,1781.0,1758,1736,1704,1673,1642,1611,1560,1527,1494,1465
421890,Serrana,Urubici,10699.0,10734.0,10767,11012,11058,11102,11147,11191,11195,11235,11273,11311,7066.0,7089.0,7111,7273,7303,7332,7362,7391,7394,7420,7445,7470,0,0,0,0,0,0,0,0,0,0,0,0,0,0,0,0,0,0,0,0,0,0,0,0,3633.0,3645.0,3656,3739,3755,3770,3785,3800,3801,3815,3828,3841
421895,Serrana,Urupema,2482.0,2479.0,2476,2507,2502,2497,2492,2487,2472,2465,2459,2453,1232.0,1231.0,1229,1244,1242,1239,1237,1234,1227,1224,1221,1218,0,0,0,0,0,0,0,0,0,0,0,0,0,0,0,0,0,0,0,0,0,0,0,0,1250.0,1248.0,1247,1263,1260,1258,1255,1253,1245,1241,1238,1235
421900,Sul Catarinense ,Urussanga,20223.0,20291.0,20356,20826,20915,21003,21090,21177,21190,21268,21344,21419,11405.0,11443.0,11480,11745,11795,11845,11894,11943,11950,11994,12037,12079,2800,3020,3240,3240,3240,3240,3240,3240,3240,0,3240,3240,2800,3020,3240,3240,3240,3240,3240,3240,3240,0,3240,3240,8818.0,8848.0,8876,9081,9120,9158,9196,9234,9240,9274,9307,9340
421910,Oeste Catarinense ,Vargeao,3532.0,3533.0,3533,3590,3590,3590,3590,3590,3575,3573,3571,3569,1820.0,1821.0,1821,1850,1850,1850,1850,1850,1842,1841,1840,1839,0,0,0,0,0,0,0,0,0,0,0,0,0,0,0,0,0,0,0,0,0,0,0,0,1712.0,1712.0,1712,1740,1740,1740,1740,1740,1733,1732,1731,1730
421915,Serrana,Vargem,2808.0,2776.0,2746,2718,2674,2630,2586,2543,2522,2477,2432,2387,896.0,886.0,876,867,853,839,825,811,805,790,776,762,0,0,0,0,0,0,0,0,0,0,0,0,0,0,0,0,0,0,0,0,0,0,0,0,1912.0,1890.0,1870,1851,1821,1791,1761,1732,1717,1687,1656,1625
421917,Oeste Catarinense ,Vargem Bonita,4793.0,4765.0,4738,4752,4713,4674,4635,4597,4534,4492,4451,4411,2677.0,2661.0,2646,2654,2632,2611,2589,2568,2532,2509,2486,2464,0,0,0,0,0,0,0,0,0,0,0,2464,0,0,0,0,0,0,0,0,0,0,0,2464,2116.0,2104.0,2092,2098,2081,2063,2046,2029,2002,1983,1965,1947
421920,Vale do Itajai ,Vidal Ramos,6290.0,6287.0,6284,6377,6372,6366,6361,6356,6347,6338,6329,6321,1792.0,1791.0,1790,1817,1815,1814,1812,1811,1808,1806,1803,1801,0,0,0,0,0,0,0,0,0,0,0,0,0,0,0,0,0,0,0,0,0,0,0,0,4498.0,4496.0,4494,4560,4557,4552,4549,4545,4539,4532,4526,4520
421930,Oeste Catarinense ,Videira,47188.0,47618.0,48064,49768,50349,50926,51499,52066,52510,53065,53610,54145,42856.0,43247.0,43652,45199,45727,46251,46771,47286,47689,48193,48688,49174,0,0,0,0,0,0,0,0,0,234,234,234,0,0,0,0,0,0,0,0,0,234,234,234,4332.0,4371.0,4412,4569,4622,4675,4728,4780,4821,4872,4922,4971
421935,Vale do Itajai ,Vitor Meireles,5207.0,5184.0,5160,5190,5156,5123,5089,5056,5014,4979,4943,4907,1445.0,1439.0,1432,1440,1431,1422,1412,1403,1391,1382,1372,1362,0,0,0,0,0,0,0,0,0,0,0,0,0,0,0,0,0,0,0,0,0,0,0,0,3762.0,3745.0,3728,3750,3725,3701,3677,3653,3623,3597,3571,3545
421940,Vale do Itajai ,Witmarsum,3600.0,3627.0,3653,3769,3805,3841,3876,3912,3932,3965,3998,4032,845.0,851.0,857,885,893,902,910,918,923,931,938,946,0,0,0,0,0,0,0,0,0,0,0,0,0,0,0,0,0,0,0,0,0,0,0,0,2755.0,2776.0,2796,2884,2912,2939,2966,2994,3009,3034,3060,3086
421950,Oeste Catarinense ,Xanxere,44128.0,44643.0,45140,46981,47679,48370,49057,49738,50309,50982,51642,52290,39143.0,39600.0,40041,41674,42293,42906,43515,44119,44626,45223,45808,46383,0,0,0,0,0,0,0,0,0,0,0,0,0,0,0,0,0,0,0,0,0,0,0,0,4985.0,5043.0,5099,5307,5386,5464,5542,5619,5683,5759,5834,5907
421960,Oeste Catarinense ,Xavantina,4142.0,4122.0,4103,4124,4095,4067,4039,4012,3963,3933,3903,3873,1118.0,1113.0,1107,1113,1105,1098,1090,1083,1070,1062,1053,1045,0,0,0,0,0,0,0,0,0,0,0,0,0,0,0,0,0,0,0,0,0,0,0,0,3024.0,3009.0,2996,3011,2990,2969,2949,2929,2893,2871,2850,2828
421970,Oeste Catarinense ,Xaxim,25713.0,25933.0,26145,27039,27336,27630,27921,28210,28424,28706,28983,29254,20967.0,21146.0,21319,22048,22290,22530,22767,23003,23178,23408,23633,23854,0,0,0,0,0,0,0,0,0,0,0,0,0,0,0,0,0,0,0,0,0,0,0,0,4746.0,4787.0,4826,4991,5046,5100,5154,5207,5246,5298,5350,5400
421985,Serrana,Zortea,2991.0,3019.0,3046,3153,3190,3227,3264,3300,3328,3363,3398,3432,2336.0,2358.0,2379,2463,2491,2520,2549,2577,2599,2627,2654,2680,0,0,0,0,0,0,0,0,0,0,0,0,0,0,0,0,0,0,0,0,0,0,0,0,655.0,661.0,667,690,699,707,715,723,729,736,744,752
