COD;REG;MUN;POPT2010;POPT2011;POPT2012;POPT2013;POPT2014;POPT2015;POPT2016;POPT2017;POPT2018;POPT2019;POPT2020;POPT2021;POPU2010;POPU2011;POPU2012;POPU2013;POPU2014;POPU2015;POPU2016;POPU2017;POPU2018;POPU2019;POPU2020;POPU2021;POPTESG2010;POPTESG2011;POPTESG2012;POPTESG2013;POPTESG2014;POPTESG2015;POPTESG2016;POPTESG2017;POPTESG2018;POPTESG2019;POPTESG2020;POPTESG2021;POPUESG2010;POPUESG2011;POPUESG2012;POPUESG2013;POPUESG2014;POPUESG2015;POPUESG2016;POPUESG2017;POPUESG2018;POPUESG2019;POPUESG2020;POPUESG2021
420005;Serrana;Abdon Batista;2653;2644;2635;2656;2643;2630;2617;2604;2577;2563;2548;2534;724;722;719;725;721;718;714;711;703;699;695;692;0;0;0;0;0;0;0;0;0;0;610;692;0;0;0;0;0;0;0;0;0;0;610;692
420010;Oeste Catarinense ;Abelardo Luz;17100;17151;17200;17584;17651;17717;17782;17847;17847;17904;17960;18015;9570;9599;9626;9841;9878;9915;9952;9988;9988;10020;10051;10082;0;0;0;0;0;0;0;0;0;0;0;0;0;0;0;0;0;0;0;0;0;0;0;0
420020;Vale do Itajai ;Agrolandia;9323;9440;9552;9957;10115;10272;10427;10581;10711;10864;11013;11160;5959;6034;6105;6364;6465;6566;6665;6763;6846;6944;7039;7133;0;0;0;0;0;0;0;0;0;0;0;0;0;0;0;0;0;0;0;0;0;0;0;0
420030;Vale do Itajai ;Agronomica;4904;4954;4985;5172;5239;5306;5371;5437;5385;5448;5509;5570;1858;1877;1889;1960;1985;2010;2035;2060;2040;2064;2087;2110;0;0;0;0;0;0;0;0;0;0;0;0;0;0;0;0;0;0;0;0;0;0;0;0
420040;Oeste Catarinense ;Agua Doce;6961;6971;6979;7110;7121;7132;7143;7154;7138;7145;7152;7160;3433;3438;3442;3506;3512;3517;3523;3528;3520;3524;3527;3531;0;0;0;0;0;0;0;0;0;0;0;1;0;0;0;0;0;0;0;0;0;0;0;0
420050;Oeste Catarinense ;Aguas de Chapeco;6110;6136;6160;6313;6346;6379;6412;6445;6455;6486;6515;6544;3236;3250;3262;3344;3361;3378;3396;3413;3419;3435;3450;3466;0;0;0;0;0;0;0;0;0;0;0;0;0;0;0;0;0;0;0;0;0;0;0;0
420055;Oeste Catarinense ;Aguas Frias;2424;2417;2409;2430;2419;2408;2397;2387;2378;2366;2354;2341;981;978;975;983;979;975;970;966;962;958;953;947;0;0;0;0;0;0;0;0;0;0;0;0;0;0;0;0;0;0;0;0;0;0;0;0
420060;Grande Florianopolis;Aguas Mornas;5548;5618;5685;5926;6020;6113;6206;6298;6378;6469;6559;6646;2327;2356;2384;2486;2525;2564;2603;2642;2675;2713;2751;2788;0;0;0;0;0;0;0;0;0;0;0;0;0;0;0;0;0;0;0;0;0;0;0;0
420070;Grande Florianopolis;Alfredo Wagner;9410;9453;9494;9737;9794;9850;9905;9960;9984;10036;10086;10136;2868;2881;2894;2968;2985;3002;3019;3036;3043;3059;3074;3089;0;0;0;0;0;9850;9850;9850;9850;9963;0;0;0;0;0;0;0;3002;3002;3002;3002;3040;0;0
420075;Oeste Catarinense ;Alto Bela Vista;2005;1998;1991;2007;1997;1987;1977;1967;1948;1937;1926;1915;605;603;601;606;603;600;597;594;588;584;581;578;0;0;0;0;0;0;0;0;0;0;0;0;0;0;0;0;0;0;0;0;0;0;0;0
420080;Oeste Catarinense ;Anchieta;6380;6323;6172;6145;6066;5987;5909;5832;5721;5638;5557;5477;2586;2563;2502;2491;2459;2427;2395;2364;2319;2285;2252;2220;0;0;0;0;0;0;0;0;0;0;0;0;0;0;0;0;0;0;0;0;0;0;0;0
420090;Grande Florianopolis;Angelina;5250;5210;5171;5166;5109;5053;4998;4943;4860;4801;4743;4686;1123;1114;1106;1105;1093;1081;1069;1057;1040;1027;1015;1002;0;0;0;0;0;0;0;0;0;0;0;0;0;0;0;0;0;0;0;0;0;0;0;0
420100;Serrana;Anita Garibaldi;8623;8497;8374;8230;8055;7881;7708;7537;7313;7133;6957;6783;4551;4485;4420;4344;4251;4159;4068;3978;3860;3765;3672;3580;0;0;0;0;0;0;0;0;0;0;0;0;0;0;0;0;0;0;0;0;0;0;0;0
420110;Grande Florianopolis;Anitapolis;3214;3213;3211;3259;3256;3253;3251;3248;3236;3232;3228;3223;1315;1315;1314;1333;1332;1331;1330;1329;1324;1322;1321;1319;0;1315;0;0;0;0;0;0;0;0;0;0;0;1315;0;0;0;0;0;0;0;0;0;0
420120;Grande Florianopolis;Antonio Carlos;7458;7537;7613;7906;8012;8118;8223;8327;8411;8513;8613;8712;2341;2366;2390;2482;2515;2548;2581;2614;2640;2672;2704;2735;0;0;0;0;0;0;0;0;0;0;0;0;0;0;0;0;0;0;0;0;0;0;0;0
420125;Vale do Itajai ;Apiuna;9600;9683;9764;10099;10211;10322;10432;10542;10636;10743;10848;10951;4288;4325;4361;4511;4561;4610;4660;4709;4751;4799;4845;4891;0;0;0;0;0;0;10432;0;0;0;0;0;0;0;0;0;0;0;4660;0;0;0;0;0
420127;Oeste Catarinense ;Arabuta;4193;4196;4198;4270;4273;4276;4278;4281;4266;4267;4267;4268;1307;1308;1309;1331;1332;1333;1333;1334;1330;1330;1330;1330;0;0;0;0;0;0;0;0;0;0;0;0;0;0;0;0;0;0;0;0;0;0;0;0
420130;Norte Catarinense;Araquari;24810;25860;26875;29593;31030;32454;33867;35268;36710;38129;39524;40890;23353;24341;25297;27855;29208;30548;31878;33197;34554;35890;37203;38489;1460;0;0;3000;0;0;0;0;1537;1595;1636;1629;650;0;0;600;0;0;0;0;1537;1595;1636;1629
420140;Sul Catarinense ;Ararangua;61310;61817;62308;64405;65090;65769;66442;67110;67578;68228;68867;69493;50526;50944;51348;53077;53641;54201;54755;55306;55692;56227;56754;57270;0;0;0;0;0;0;0;1076;1164;9064;9727;9972;0;0;0;0;0;0;0;1076;1164;9064;9727;9972
420150;Sul Catarinense ;Armazem;7753;7821;7886;8159;8251;8341;8431;8520;8587;8674;8759;8843;4884;4927;4968;5140;5198;5254;5311;5367;5409;5464;5518;5571;0;0;0;0;0;0;0;0;0;0;0;0;0;0;0;0;0;0;0;0;0;0;0;0
420160;Oeste Catarinense ;Arroio Trinta;3502;3503;3504;3562;3563;3563;3564;3564;3551;3550;3549;3547;2397;2398;2398;2438;2439;2439;2439;2439;2431;2430;2429;2428;2230;0;0;2438;0;0;2500;0;1920;1940;2250;2280;2230;0;0;1900;0;0;2430;0;1920;1940;2250;2280
420165;Oeste Catarinense ;Arvoredo;2260;2257;2254;2281;2276;2271;2266;2261;2246;2240;2234;2228;501;500;500;506;505;503;502;501;498;497;495;494;0;0;0;0;0;0;0;0;0;0;0;0;0;0;0;0;0;0;0;0;0;0;0;0
420170;Vale do Itajai ;Ascurra;7412;7449;7485;7683;7732;7781;7829;7877;7889;7934;7978;8021;6457;6489;6521;6693;6736;6778;6820;6862;6873;6912;6950;6988;0;0;0;0;0;0;0;0;0;0;0;0;0;0;0;0;0;0;0;0;0;0;0;0
420180;Vale do Itajai ;Atalanta;3300;3291;3281;3310;3296;3282;3268;3254;3226;3210;3195;3179;1368;1364;1360;1372;1366;1361;1355;1349;1337;1331;1324;1318;1368;0;0;0;0;0;0;0;0;0;0;0;1368;0;0;0;0;0;0;0;0;0;0;0
420190;Vale do Itajai ;Aurora;5549;5555;5561;5661;5668;5674;5681;5688;5676;5679;5683;5687;1931;1933;1935;1970;1972;1974;1977;1979;1975;1976;1978;1979;0;0;0;0;0;0;0;0;0;0;0;0;0;0;0;0;0;0;0;0;0;0;0;0
420195;Sul Catarinense ;Balneario Arroio do Silva;9586;9858;10121;10876;11248;11616;11982;12344;12705;13071;13430;13782;9391;9657;9915;10655;11019;11380;11738;12093;12447;12805;13157;13502;0;0;0;0;0;0;0;0;0;0;0;0;0;0;0;0;0;0;0;0;0;0;0;0
420205;Norte Catarinense;Balneario Barra do Sul;8430;8614;8791;9330;9580;9828;10073;10317;10550;10795;11035;11271;8035;8210;8379;8893;9131;9367;9601;9834;10056;10289;10518;10743;0;0;0;0;0;0;0;0;0;0;0;0;0;0;0;0;0;0;0;0;0;0;0;0
420200;Vale do Itajai ;Balneario Camboriu;108089;110748;113319;120926;124557;128155;131727;135268;138732;142295;145796;149227;108089;110748;113319;120926;124557;128155;131727;135268;138732;142295;145796;149227;90289;90289;90289;102787;104994;104994;117000;117000;130000;135000;138506;141764;90289;90289;90289;102787;104994;104994;117000;117000;130000;135000;138506;141764
420207;Sul Catarinense ;Balneario Gaivota;8234;8448;8655;9259;9551;9841;10128;10413;10692;10979;11260;11537;6363;6528;6688;7155;7381;7605;7827;8047;8262;8484;8701;8915;0;0;0;0;0;0;0;0;0;0;0;0;0;0;0;0;0;0;0;0;0;0;0;0
421280;Vale do Itajai ;Balneario Picarras;17078;17552;18010;19329;19976;20617;21253;21884;22511;23147;23772;24385;15500;15930;16346;17543;18130;18712;19289;19862;20431;21008;21575;22132;0;0;0;0;0;0;0;0;0;0;1;4932;0;0;0;0;0;0;0;0;0;0;1;4932
422000;Sul Catarinense ;Balneario Rincao;;;11136;11628;11824;12018;12212;12403;12570;12760;12946;13129;;;10205;10656;10835;11013;11191;11366;11519;11693;11863;12031;0;0;0;0;0;0;0;0;0;0;0;0;0;0;0;0;0;0;0;0;0;0;0;0
420208;Oeste Catarinense ;Bandeirante;2906;2886;2866;2865;2836;2808;2779;2751;2708;2678;2648;2618;931;925;918;918;909;900;890;881;868;858;848;839;0;0;0;0;0;0;0;0;0;0;0;0;0;0;0;0;0;0;0;0;0;0;0;0
420209;Oeste Catarinense ;Barra Bonita;1878;1860;1853;1842;1815;1790;1764;1739;1704;1677;1651;1625;279;276;275;274;270;266;262;258;253;249;245;241;0;0;0;0;0;0;0;0;0;0;0;0;0;0;0;0;0;0;0;0;0;0;0;0
420210;Vale do Itajai ;Barra Velha;22386;22913;23422;24943;25662;26374;27080;27781;28463;29168;29860;30539;21320;21822;22307;23755;24440;25118;25790;26458;27108;27779;28438;29085;0;0;0;0;0;0;0;0;0;0;0;0;0;0;0;0;0;0;0;0;0;0;0;0
420213;Norte Catarinense;Bela Vista do Toldo;6004;6026;6047;6191;6219;6248;6276;6304;6311;6337;6362;6386;847;850;853;873;877;881;885;889;890;894;898;901;0;0;0;0;0;0;0;0;0;0;0;0;0;0;0;0;0;0;0;0;0;0;0;0
420215;Oeste Catarinense ;Belmonte;2635;2639;2643;2692;2696;2700;2705;2709;2703;2706;2709;2712;1273;1275;1277;1301;1302;1304;1307;1309;1306;1307;1309;1310;0;0;0;0;0;0;0;0;0;0;0;0;0;0;0;0;0;0;0;0;0;0;0;0
420220;Vale do Itajai ;Benedito Novo;10336;10434;10528;10906;11037;11168;11297;11425;11526;11652;11775;11896;5804;5859;5912;6124;6198;6271;6344;6416;6472;6543;6612;6680;0;0;0;0;0;0;0;0;0;0;0;0;0;0;0;0;0;0;0;0;0;0;0;0
420230;Grande Florianopolis;Biguacu;58206;58984;59736;62383;63440;64488;65528;66558;67458;68481;69486;70471;52758;53463;54145;56544;57502;58452;59395;60328;61144;62071;62982;63875;0;0;0;0;0;0;0;0;0;0;0;0;0;0;0;0;0;0;0;0;0;0;0;0
420240;Vale do Itajai ;Blumenau;309011;312635;316139;329082;334002;338876;343715;348513;352460;357199;361855;366418;294773;298230;301573;313919;318613;323262;327878;332455;336220;340741;345182;349535;10166;15450;22818;87139;97496;106676;131151;139631;144575;149926;162048;168821;10166;15450;22818;87139;97496;106676;131151;139631;144575;149926;162048;168821
420243;Serrana;Bocaina do Sul;3290;3303;3314;3393;3408;3424;3440;3456;3460;3474;3488;3501;967;971;974;997;1002;1006;1011;1016;1017;1021;1025;1029;0;0;0;0;0;0;0;0;0;0;0;0;0;0;0;0;0;0;0;0;0;0;0;0
420250;Serrana;Bom Jardim da Serra;4395;4420;15136;16311;4598;4631;4663;4694;4712;4743;4772;4801;2397;2411;15136;16311;2508;2526;2543;2560;2570;2587;2603;2618;0;0;0;2889;0;0;0;2560;2570;2580;2580;0;0;0;2836;2889;0;0;0;2560;2570;2580;2580;0
420253;Oeste Catarinense ;Bom Jesus;2526;2563;4443;4566;2771;2821;2870;2919;2961;3010;3057;3104;1495;1517;2423;2490;1640;1670;1699;1728;1752;1781;1809;1837;0;0;0;0;0;0;0;0;0;0;0;0;0;0;0;0;0;0;0;0;0;0;0;0
420257;Oeste Catarinense ;Bom Jesus do Oeste;2132;2131;2599;2721;2158;2156;2153;2151;2146;2142;2139;2136;647;647;1538;1610;655;654;653;653;651;650;649;648;0;0;0;0;0;0;0;0;0;0;0;0;0;0;0;0;0;0;0;0;0;0;0;0
420260;Serrana;Bom Retiro;8942;9017;2130;2160;9498;9598;9698;9796;9870;9966;10060;10153;6417;6471;646;655;6816;6888;6960;7030;7083;7152;7219;7286;0;0;0;0;0;0;0;0;0;0;0;0;0;0;0;0;0;0;0;0;0;0;0;0
420245;Vale do Itajai ;Bombinhas;14293;14722;9090;9397;16897;17477;18052;18623;19193;19769;20335;20889;14293;14722;6523;6744;16897;17477;18052;18623;19193;19769;20335;20889;2558;2689;2836;0;2955;3060;3085;3427;3532;3638;3604;3428;2558;2689;0;0;2955;3060;3085;3427;3532;3638;3604;3428
420270;Vale do Itajai ;Botuvera;4468;4527;4584;4785;4864;4943;5022;5100;5169;5246;5322;5396;1310;1327;1344;1403;1426;1449;1472;1495;1516;1538;1560;1582;0;0;0;0;0;0;0;0;0;0;0;0;0;0;0;0;0;0;0;0;0;0;0;0
420280;Sul Catarinense ;Braco do Norte;29018;29351;29672;30868;31319;31765;32209;32648;33016;33450;33876;34294;23383;23651;23910;24874;25237;25597;25954;26308;26605;26954;27298;27634;0;0;0;0;0;0;0;0;6658;6723;6879;7109;0;0;0;0;0;0;0;0;6658;6723;6879;7109
420285;Vale do Itajai ;Braco do Trombudo;3457;3478;3498;3599;3627;3654;3682;3709;3718;3743;3769;3794;1898;1910;1921;1976;1991;2006;2022;2036;2041;2055;2069;2083;0;0;0;0;0;0;0;0;0;0;0;0;0;0;0;0;0;0;0;0;0;0;0;0
420287;Serrana;Brunopolis;2850;2814;2778;2741;2690;2639;2589;2539;2473;2420;2368;2318;705;696;687;678;665;653;640;628;612;599;586;573;0;0;0;0;0;0;0;0;0;0;0;0;0;0;0;0;0;0;0;0;0;0;0;0
420290;Vale do Itajai ;Brusque;105503;107764;109950;116634;119719;122775;125810;128818;131703;134723;137689;140597;102025;104211;106325;112789;115772;118728;121663;124571;127361;130282;133150;135962;0;0;0;0;0;0;0;0;0;0;0;0;0;0;0;0;0;0;0;0;0;0;0;0
420300;Oeste Catarinense ;Cacador;70762;71334;71886;74276;75048;75812;76571;77323;77863;78595;79313;80017;64457;64978;65481;67658;68361;69057;69748;70433;70925;71592;72246;72887;0;0;0;5524;3120;3339;3479;3538;3546;0;0;0;0;0;0;3016;3120;3339;3479;3538;3546;0;0;0
420310;Oeste Catarinense ;Caibi;6219;6209;6199;6274;6259;6243;6228;6213;6167;6148;6130;6112;3578;3572;3566;3610;3601;3592;3583;3575;3548;3537;3527;3516;0;0;0;0;0;0;0;0;0;0;0;0;0;0;0;0;0;0;0;0;0;0;0;0
420315;Oeste Catarinense ;Calmon;3387;3381;3375;3416;3407;3398;3389;3380;3357;3346;3335;3325;2115;2111;2108;2133;2127;2122;2116;2111;2096;2089;2083;2076;0;0;0;0;0;0;0;0;0;0;0;0;0;0;0;0;0;0;0;0;0;0;0;0
420320;Vale do Itajai ;Camboriu;62361;63967;65520;70068;72261;74434;76592;78731;80834;82989;85105;87179;59231;60756;62231;66551;68634;70698;72748;74779;76777;78824;80833;82803;0;0;0;0;0;0;0;0;1630;0;0;0;0;0;0;0;0;0;0;0;1630;0;0;0
420330;Norte Catarinense;Campo Alegre;11748;11757;11766;11972;11982;11992;12002;12012;11974;11978;11981;11985;7237;7243;7248;7375;7381;7387;7393;7400;7376;7379;7381;7383;0;0;0;0;0;0;0;0;0;0;0;0;0;0;0;0;0;0;0;0;0;0;0;0
420340;Serrana;Campo Belo do Sul;7483;7440;7398;7419;7358;7297;7237;7177;7081;7016;6952;6889;4406;4381;4356;4368;4332;4296;4261;4226;4169;4131;4093;4056;0;0;0;0;0;0;0;0;0;0;0;0;0;0;0;0;0;0;0;0;0;0;0;0
420350;Oeste Catarinense ;Campo Ere;9370;9295;9222;9203;9098;8993;8890;8787;8636;8526;8418;8312;6252;6202;6153;6141;6071;6000;5932;5863;5762;5689;5617;5546;0;0;0;0;0;0;0;0;0;0;0;0;0;0;0;0;0;0;0;0;0;0;0;0
420360;Serrana;Campos Novos;32824;33073;33313;34386;34721;35054;35383;35710;35930;36244;36556;36861;27064;27269;27467;28352;28628;28903;29174;29444;29625;29884;30141;30393;16507;17013;17137;18842;24317;25067;25300;25674;25833;28080;28557;32069;16507;17013;17137;18842;24317;25067;25300;25532;25546;27871;28484;28484
420370;Grande Florianopolis;Canelinha;10603;10726;10845;11286;11452;11617;11781;11944;12080;12240;12398;12553;6726;6804;6880;7159;7265;7369;7473;7577;7663;7764;7865;7963;0;0;0;0;0;0;0;0;0;0;0;0;0;0;0;0;0;0;0;0;0;0;0;0
420380;Norte Catarinense;Canoinhas;52765;52853;52937;53969;54079;54188;54296;54403;54319;54401;54480;54558;39273;39338;39401;40169;40251;40332;40413;40492;40430;40491;40549;40608;880;880;774;0;0;0;0;0;7940;7975;8048;8922;880;880;774;0;0;0;0;0;7940;7975;8048;8922
420325;Serrana;Capao Alto;2753;2733;2713;2711;2682;2654;2625;2597;2556;2525;2496;2467;962;955;948;947;937;927;917;907;893;882;872;862;0;0;0;0;0;0;0;2597;0;2525;1496;1496;0;0;0;0;0;0;0;907;0;882;872;715
420390;Oeste Catarinense ;Capinzal;20769;20919;21064;21726;21928;22129;22327;22524;22658;22848;23035;23218;17754;17882;18006;18572;18745;18917;19086;19254;19369;19531;19691;19847;0;0;0;0;1107;1281;1372;1453;1071;915;1701;2223;0;0;0;0;1107;1281;1372;1453;1071;915;1701;2223
420395;Sul Catarinense ;Capivari de Baixo;21674;21913;22145;23018;23342;23663;23982;24298;24559;24871;25177;25477;19816;20035;20247;21045;21341;21634;21926;22215;22454;22739;23019;23293;0;0;0;0;0;0;0;0;0;0;0;0;0;0;0;0;0;0;0;0;0;0;0;0
420400;Oeste Catarinense ;Catanduvas;9555;9653;9746;10112;10244;10374;10503;10632;10735;10861;10984;11106;8094;8177;8256;8566;8678;8788;8897;9006;9094;9200;9304;9408;5112;5351;4960;5066;5192;5332;5814;5963;5985;6071;6210;6350;5112;5351;4960;5066;5192;5332;5814;5963;5985;6071;6210;6350
420410;Oeste Catarinense ;Caxambu do Sul;4411;4346;4283;4208;4118;4028;3939;3850;3735;3642;3551;3462;2155;2123;2092;2056;2012;1968;1924;1881;1825;1779;1735;1691;0;0;0;0;0;0;0;0;0;0;0;0;0;0;0;0;0;0;0;0;0;0;0;0
420415;Serrana;Celso Ramos;2771;2766;2760;2792;2784;2776;2768;2760;2738;2728;2719;2709;872;870;869;879;876;874;871;869;862;858;856;852;0;0;0;0;0;0;0;0;0;0;0;0;0;0;0;0;0;0;0;0;0;0;0;0
420417;Serrana;Cerro Negro;3581;3542;3503;3472;3417;3362;3308;3254;3181;3124;3068;3013;764;756;747;741;729;717;706;694;679;666;655;643;0;0;0;0;0;0;0;2000;0;2300;0;0;0;0;0;0;0;0;0;694;0;666;0;0
420419;Vale do Itajai ;Chapadao do Lageado;2762;2778;2793;2871;2892;2912;2933;2953;2969;2988;3006;3025;513;516;519;533;537;541;545;548;551;555;558;562;0;0;0;0;0;0;0;0;0;0;0;0;0;0;0;0;0;0;0;0;0;0;0;0
420420;Oeste Catarinense ;Chapeco;183530;186337;189052;198188;202009;205795;209553;213279;216654;220367;224013;227587;168113;170684;173171;181540;185040;188508;191950;195363;198454;201856;205195;208469;53625;58903;54907;56333;60402;67304;70076;72432;73889;76458;78478;91608;53625;58903;54907;56333;60402;67304;70076;72432;73889;76458;78478;91608
420425;Sul Catarinense ;Cocal do Sul;15159;15269;15376;15860;16009;16156;16301;16446;16544;16684;16821;16956;12696;12788;12878;13283;13408;13531;13652;13774;13856;13973;14088;14201;0;0;0;0;0;0;0;0;0;0;0;0;0;0;0;0;0;0;0;0;0;0;0;0
420430;Oeste Catarinense ;Concordia;68621;69048;69462;71499;72073;72642;73206;73766;74106;74641;75167;75683;54865;55206;55537;57166;57625;58080;58531;58979;59250;59678;60099;60511;3851;3851;3448;3434;3723;3741;3811;3825;3840;3878;3904;18691;3851;3851;3448;3434;3723;3741;3811;3825;3840;3878;3904;18691
420435;Oeste Catarinense ;Cordilheira Alta;3767;3819;3869;4043;4114;4184;4253;4321;4385;4453;4520;4585;1448;1468;1487;1554;1581;1608;1635;1661;1686;1712;1737;1762;0;500;500;850;920;930;970;1005;1115;1115;1115;1118;0;500;500;650;650;660;680;710;740;740;740;743
420440;Oeste Catarinense ;Coronel Freitas;10213;10189;10165;10272;10236;10201;10165;10130;10022;9981;9940;9900;6067;6053;6038;6102;6081;6060;6038;6018;5954;5929;5905;5881;0;0;0;0;0;0;0;0;0;0;0;0;0;0;0;0;0;0;0;0;0;0;0;0
420445;Oeste Catarinense ;Coronel Martins;2458;2464;2469;2520;2527;2534;2541;2548;2544;2549;2555;2560;685;687;688;702;704;706;708;710;709;710;712;713;250;0;70;0;0;200;0;120;0;0;0;0;250;0;70;0;0;200;0;120;0;0;0;0
420455;Serrana;Correia Pinto;14785;14613;14447;14301;14063;13826;13591;13358;13040;12795;12553;12315;12022;11882;11747;11628;11435;11242;11051;10862;10603;10404;10207;10014;0;0;0;0;0;0;0;13358;13040;0;12100;0;0;0;0;0;0;0;0;10862;10603;0;10000;0
420450;Norte Catarinense;CorupA;13852;14006;14155;14716;14925;15132;15337;15541;15709;15909;16107;16300;10669;10788;10902;11334;11495;11655;11813;11970;12099;12253;12406;12554;0;0;0;0;0;0;0;0;0;0;0;0;0;0;0;0;0;0;0;0;0;0;0;0
420460;Sul Catarinense ;Criciuma;192308;193989;195614;202395;204667;206918;209153;211369;213023;215186;217311;219393;189630;191288;192890;199577;201817;204037;206240;208426;210057;212189;214285;216338;0;53503;49355;52122;54029;55577;58209;62937;63508;65727;70961;75132;0;53503;49355;52122;54029;55577;58209;62937;63508;65727;70961;75132
420470;Oeste Catarinense ;Cunha Pora;10613;10643;10671;10905;10944;10982;11020;11057;11053;11086;11118;11150;6519;6537;6555;6698;6722;6746;6769;6792;6789;6810;6829;6849;0;0;0;0;0;0;0;0;0;0;0;0;0;0;0;0;0;0;0;0;0;0;0;0
420475;Oeste Catarinense ;Cunhatai;1882;1887;1892;1931;1937;1943;1949;1955;1957;1962;1967;1972;569;571;572;584;586;587;589;591;592;593;595;596;0;0;0;0;0;0;0;0;0;0;0;0;0;0;0;0;0;0;0;0;0;0;0;0
420480;Serrana;Curitibanos;37748;37878;38003;38890;39061;39231;39399;39566;39595;39745;39893;40037;34769;34889;35004;35821;35978;36135;36290;36444;36470;36608;36745;36877;0;0;0;0;0;0;0;0;0;0;0;7613;0;0;0;0;0;0;0;0;0;0;0;7613
420490;Oeste Catarinense ;Descanso;8634;8597;8560;8612;8558;8505;8452;8399;8308;8250;8192;8136;4297;4279;4260;4286;4259;4233;4206;4180;4135;4106;4077;4049;0;0;0;0;0;0;0;0;0;0;0;0;0;0;0;0;0;0;0;0;0;0;0;0
420500;Oeste Catarinense ;Dionisio Cerqueira;14811;14855;14896;15227;15283;15339;15395;15450;15450;15498;15545;15592;10191;10221;10249;10477;10516;10554;10593;10631;10631;10664;10696;10728;322;322;281;278;278;5107;4692;5045;5432;5564;5746;5803;322;322;281;278;278;5107;4692;5045;5432;5564;5746;5803
420510;Vale do Itajai ;Dona Emma;3721;3753;3784;3912;3955;3997;4039;4081;4105;4146;4186;4224;1868;1884;1900;1964;1985;2007;2028;2049;2061;2081;2101;2121;0;0;0;0;0;0;0;0;0;0;0;0;0;0;0;0;0;0;0;0;0;0;0;0
420515;Vale do Itajai ;Doutor Pedrinho;3604;3645;3683;3828;3883;3937;3990;4043;4013;4064;4115;4164;2019;2042;2063;2144;2175;2206;2235;2265;2248;2277;2305;2333;0;0;0;0;0;0;0;0;0;0;0;0;0;0;0;0;0;0;0;0;0;0;0;0
420517;Oeste Catarinense ;Entre Rios;3018;3031;3043;3118;3135;3151;3167;3183;3189;3203;3218;3232;928;932;936;959;964;969;974;979;981;985;989;994;450;0;120;0;300;0;110;115;120;120;120;127;450;0;120;0;300;0;110;115;120;120;120;127
420519;Sul Catarinense ;Ermo;2050;2050;2049;2081;2079;2078;2077;2076;2066;2063;2061;2059;619;619;619;628;628;627;627;627;624;623;622;622;0;0;0;0;0;0;0;0;0;0;0;0;0;0;0;0;0;0;0;0;0;0;0;0
420520;Oeste Catarinense ;Erval Velho;4352;4359;4365;4448;4456;4464;4472;4480;4407;4412;4418;4423;2842;2847;2850;2905;2910;2915;2920;2926;2878;2881;2885;2888;0;0;0;0;0;0;0;0;0;2300;2658;2697;0;0;0;0;0;0;0;0;0;0;2658;2697
420530;Oeste Catarinense ;Faxinal dos Guedes;10661;10653;10645;10797;10784;10771;10758;10745;10686;10667;10649;10630;7718;7712;7706;7816;7807;7798;7788;7779;7736;7722;7709;7696;7718;0;0;7816;0;7798;0;0;7736;7736;7500;7696;7718;0;0;7816;0;7798;0;0;7736;7000;7500;7696
420535;Oeste Catarinense ;Flor do Sertao;1588;1587;1585;1605;1603;1600;1597;1594;1586;1582;1579;1575;328;328;327;332;331;330;330;329;328;327;326;325;0;0;0;0;0;0;0;0;0;0;0;0;0;0;0;0;0;0;0;0;0;0;0;0
420540;Grande Florianopolis;Florianopolis;421240;427298;433158;453285;461524;469690;477798;485838;492977;500973;508826;516524;405286;411115;416753;436117;444044;451901;459702;467437;474306;481999;489555;496961;227075;241227;230035;249740;257793;270045;287873;306004;316143;324821;332206;339430;227075;241227;230035;249740;257793;270045;287873;306004;316143;324821;332206;339430
420543;Oeste Catarinense ;Formosa do Sul;2601;2592;2583;2603;2589;2576;2562;2549;2525;2510;2495;2481;1084;1080;1076;1085;1079;1074;1068;1062;1052;1046;1040;1034;0;0;0;0;0;0;0;0;0;0;0;0;0;0;0;0;0;0;0;0;0;0;0;0
420545;Sul Catarinense ;Forquilhinha;22548;22871;23183;24256;24694;25129;25560;25988;26368;26793;27211;27621;18426;18690;18945;19822;20180;20535;20887;21237;21548;21895;22237;22572;0;0;0;0;0;0;0;0;5427;5414;5631;5702;0;0;0;0;0;0;0;0;5427;5414;5631;5702
420550;Oeste Catarinense ;Fraiburgo;34553;34677;34796;35618;35781;35942;36102;36261;36299;36443;36584;36723;30291;30400;30504;31225;31368;31509;31649;31788;31822;31948;32071;32193;2536;2858;2858;4719;4946;4968;5000;5088;5196;5216;5237;4529;2536;2858;2858;4719;4946;4968;5000;5088;5196;5216;5237;4529
420555;Serrana;Frei Rogerio;2474;2436;2399;2354;2301;2249;2197;2146;2077;2023;1970;1918;706;695;685;672;657;642;627;612;593;577;562;547;0;0;0;0;0;0;0;0;0;0;0;0;0;0;0;0;0;0;0;0;0;0;0;0
420560;Oeste Catarinense ;Galvao;3472;3414;3452;3379;3297;3217;3137;3058;2956;2873;2791;2711;2347;2308;2333;2284;2229;2175;2121;2067;1998;1942;1887;1833;210;210;215;215;0;0;317;317;317;317;330;350;210;210;215;215;0;0;317;317;317;317;330;350
420570;Sul Catarinense ;Garopaba;18138;18520;18890;20024;20545;21061;21573;22082;22568;23078;23579;24070;15320;15643;15955;16913;17353;17789;18221;18651;19062;19492;19916;20330;0;0;0;0;0;0;0;0;0;0;0;0;0;0;0;0;0;0;0;0;0;0;0;0
420580;Norte Catarinense;Garuva;14761;15021;15272;16081;16435;16786;17134;17479;17800;18145;18484;18816;11451;11653;11847;12475;12750;13022;13292;13560;13809;14076;14339;14597;0;0;0;0;0;0;0;0;0;0;0;0;0;0;0;0;0;0;0;0;0;0;0;0
420590;Vale do Itajai ;Gaspar;57981;58869;59728;62618;63826;65024;66213;67392;68465;69639;70793;71925;47126;47848;48546;50895;51877;52850;53817;54775;55647;56601;57539;58459;0;0;0;0;0;0;0;0;1124;1124;1656;1683;0;0;0;0;0;0;0;0;1124;1124;1656;1683
420600;Grande Florianopolis;Governador Celso Ramos;12999;13107;13211;13655;13801;13944;14087;14229;14333;14471;14606;14739;12252;12354;12452;12870;13008;13143;13277;13411;13509;13639;13767;13892;0;0;0;0;0;0;0;0;0;0;0;0;0;0;0;0;0;0;0;0;0;0;0;0
420610;Sul Catarinense ;Grao Para;6223;6246;6268;6418;6448;6478;6507;6537;6542;6569;6595;6621;3019;3030;3041;3114;3128;3143;3157;3171;3174;3187;3199;3212;0;0;0;0;0;0;0;0;0;0;0;0;0;0;0;0;0;0;0;0;0;0;0;0
420620;Sul Catarinense ;Gravatal;10635;10698;10758;11064;11148;11231;11313;11394;11423;11501;11577;11652;4443;4469;4494;4622;4657;4692;4726;4760;4772;4805;4837;4868;1554;1754;1716;1758;1855;1890;0;0;2663;3545;5671;6090;1554;1754;1716;1758;1855;1890;0;0;2663;3545;4837;4868
420630;Vale do Itajai ;Guabiruba;18430;18849;19254;20474;21046;21612;22174;22732;23272;23832;24382;24922;17066;17454;17829;18959;19488;20013;20533;21050;21550;22068;22577;23078;0;0;0;0;0;0;0;0;0;0;0;0;0;0;0;0;0;0;0;0;0;0;0;0
420640;Oeste Catarinense ;Guaraciaba;10498;10457;10417;10492;10433;10374;10316;10259;10154;10090;10026;9964;4924;4905;4886;4921;4894;4866;4839;4812;4763;4733;4703;4674;0;0;0;0;0;0;0;0;0;0;0;0;0;0;0;0;0;0;0;0;0;0;0;0
420650;Norte Catarinense;Guaramirim;35172;35918;36640;38851;39869;40878;41879;42872;43822;44819;45797;46757;28046;28641;29217;30980;31791;32596;33394;34186;34943;35738;36518;37284;0;0;0;0;0;0;0;0;0;0;0;0;0;0;0;0;0;0;0;0;0;0;0;0
420660;Oeste Catarinense ;Guaruja do Sul;4908;4925;4941;5054;5076;5097;5118;5139;5141;5160;5178;5196;2655;2664;2673;2734;2746;2757;2769;2780;2781;2791;2801;2811;0;0;0;0;0;0;0;0;0;0;0;0;0;0;0;0;0;0;0;0;0;0;0;0
420665;Oeste Catarinense ;Guatambu;4679;4678;4676;4746;4743;4739;4736;4733;4710;4704;4698;4692;1749;1749;1748;1774;1773;1771;1770;1769;1761;1758;1756;1754;0;0;0;0;0;0;0;0;0;0;0;0;0;0;0;0;0;0;0;0;0;0;0;0
420670;Oeste Catarinense ;Herval D Oeste;21239;21331;21420;21961;22083;22204;22324;22443;22495;22606;22714;22820;18851;18933;19012;19492;19600;19708;19814;19920;19966;20064;20160;20254;5025;5916;6889;11073;12507;13533;15169;16010;16750;16996;17413;17745;5025;5916;6889;11073;12507;13533;15169;16010;16750;16996;17413;17745
420675;Oeste Catarinense ;Ibiam;1945;1945;1944;1973;1971;1970;1968;1967;1959;1957;1954;1952;695;695;695;705;704;704;703;703;700;699;698;698;695;0;0;0;0;0;0;1967;1959;1957;699;725;695;0;0;0;0;0;0;703;700;699;697;697
420680;Oeste Catarinense ;Ibicare;3373;3357;3341;3359;3336;3313;3290;3268;3227;3202;3178;3154;1557;1550;1542;1551;1540;1529;1519;1509;1490;1478;1467;1456;0;0;0;0;0;0;0;0;0;0;0;0;0;0;0;0;0;0;0;0;0;0;0;0
420690;Vale do Itajai ;Ibirama;17330;17448;17561;18097;18255;18412;18567;18721;18802;18950;19096;19238;14813;14914;15010;15469;15604;15738;15870;16002;16071;16198;16323;16444;0;0;0;0;0;0;0;0;0;0;0;3094;0;0;0;0;0;0;0;0;0;0;0;3094
420700;Sul Catarinense ;Icara;58833;59616;49238;51416;52284;53145;53998;54845;55581;56421;57247;58055;53913;54631;45120;47116;47912;48701;49482;50259;50933;51703;52460;53200;315;315;315;320;340;0;0;12081;12172;12163;12163;12163;315;315;315;300;320;0;0;12081;12172;12163;12163;12163
420710;Vale do Itajai ;Ilhota;12355;12492;12624;13124;13309;13493;13676;13857;14005;14184;14359;14531;7898;7986;8070;8390;8508;8625;8742;8858;8953;9067;9179;9289;0;0;0;1103;1500;0;972;972;1352;3038;3038;3038;0;0;0;1103;1500;0;972;972;1352;3038;3038;3038
420720;Sul Catarinense ;Imarui;11672;11540;11411;11301;11117;10933;10752;10571;10326;10135;9948;9764;4005;3960;3915;3878;3815;3751;3689;3627;3543;3478;3413;3350;0;0;0;0;0;0;0;0;0;0;0;0;0;0;0;0;0;0;0;0;0;0;0;0
420730;Sul Catarinense ;Imbituba;40170;40514;40845;42244;42708;43168;43624;44076;44412;44853;45286;45711;40170;40514;40845;42244;42708;43168;43624;44076;44412;44853;45286;45711;0;1371;1640;1646;0;1923;1941;1941;2508;3140;3140;3140;0;1371;1640;1646;0;1923;1941;1941;2508;3140;3140;3140
420740;Vale do Itajai ;Imbuia;5707;5743;5777;5946;5993;6040;6087;6133;6153;6197;6241;6284;2515;2531;2546;2620;2641;2662;2682;2703;2712;2731;2750;2769;0;0;0;0;0;0;0;0;0;0;0;0;0;0;0;0;0;0;0;0;0;0;0;0
420750;Vale do Itajai ;Indaial;54854;55980;57068;60433;61968;63489;65000;66497;67923;69425;70900;72346;52927;54013;55063;58310;59791;61259;62717;64161;65537;66986;68409;69805;0;0;0;0;0;0;9196;11076;12280;13184;13588;14271;0;0;0;0;0;0;9196;11076;12280;13184;13588;14271
420757;Oeste Catarinense ;Iomere;2739;2754;2768;2842;2861;2880;2899;2917;2927;2945;2962;2979;907;912;917;941;947;954;960;966;969;975;981;986;0;0;0;0;0;0;0;0;0;0;0;0;0;0;0;0;0;0;0;0;0;0;0;0
420760;Oeste Catarinense ;Ipira;4752;4725;4699;4713;4675;4637;4599;4562;4486;4446;4406;4367;2521;2507;2493;2500;2480;2460;2440;2420;2380;2359;2337;2317;0;0;0;0;0;0;0;0;0;0;0;0;0;0;0;0;0;0;0;0;0;0;0;0
420765;Oeste Catarinense ;Ipora do Oeste;8409;8450;8490;8714;8769;8823;8876;8930;8945;8996;9045;9093;4122;4142;4162;4272;4298;4325;4351;4377;4385;4410;4434;4457;0;0;0;0;0;0;0;0;0;0;0;0;0;0;0;0;0;0;0;0;0;0;0;0
420768;Oeste Catarinense ;Ipuacu;6798;6850;6901;7123;7193;7262;7331;7400;7448;7514;7579;7643;1377;1388;1398;1443;1457;1471;1485;1499;1509;1522;1535;1548;0;0;0;0;0;0;0;0;0;0;0;0;0;0;0;0;0;0;0;0;0;0;0;0
420770;Oeste Catarinense ;Ipumirim;7220;7245;7268;7435;7467;7499;7530;7561;7565;7593;7620;7647;3148;3159;3169;3242;3256;3270;3283;3297;3298;3311;3322;3334;0;0;0;0;0;0;0;0;0;0;0;0;0;0;0;0;0;0;0;0;0;0;0;0
420775;Oeste Catarinense ;Iraceminha;4253;4227;4202;4212;4175;4139;4103;4067;4015;3976;3938;3901;1468;1459;1450;1454;1441;1429;1416;1404;1386;1372;1359;1347;0;0;0;0;0;0;0;0;0;0;0;0;0;0;0;0;0;0;0;0;0;0;0;0
420780;Oeste Catarinense ;Irani;9531;9595;9656;9948;10033;10118;10202;10285;10339;10419;10498;10575;6520;6564;6606;6805;6863;6922;6979;7036;7073;7127;7182;7234;0;0;0;0;0;0;0;0;0;0;0;0;0;0;0;0;0;0;0;0;0;0;0;0
420785;Oeste Catarinense ;Irati;2096;2081;2067;2067;2046;2025;2004;1984;1952;1930;1909;1887;449;446;443;443;438;434;429;425;418;413;409;404;0;0;0;0;0;0;0;0;0;0;0;0;0;0;0;0;0;0;0;0;0;0;0;0
420790;Norte Catarinense;Irineopolis;10448;10503;10556;10843;10916;10989;11061;11133;11155;11222;11289;11354;3519;3538;3555;3652;3677;3701;3725;3750;3757;3780;3802;3824;0;0;0;0;0;0;0;0;0;0;0;0;0;0;0;0;0;0;0;0;0;0;0;0
420800;Oeste Catarinense ;Ita;6426;6401;6375;6420;6383;6347;6311;6275;6209;6169;6129;6091;4057;4041;4025;4053;4030;4007;3984;3962;3920;3895;3869;3846;4100;4100;0;0;0;0;3984;3962;4530;4530;4530;4530;3600;3600;0;0;0;0;3984;3962;3920;3895;3869;3846
420810;Norte Catarinense;Itaiopolis;20301;20395;20485;21015;21139;21263;21385;21506;21556;21669;21780;21889;10737;10787;10834;11115;11180;11246;11310;11374;11401;11461;11519;11577;0;0;0;0;0;0;0;0;0;0;0;0;0;0;0;0;0;0;0;0;0;0;0;0
420820;Vale do Itajai ;Itajai;183373;186127;188791;197809;201557;205271;208958;212615;215895;219536;223112;226617;173452;176057;178577;187107;190652;194165;197653;201112;204214;207658;211041;214356;0;0;0;0;2555;42619;42619;43364;63806;63806;63806;63806;0;0;0;0;2555;42619;42619;43364;63806;63806;63806;63806
420830;Vale do Itajai ;Itapema;45797;47327;48807;52923;55016;57089;59147;61187;63250;65312;67338;69323;44659;46151;47594;51608;53649;55670;57677;59667;61678;63689;65665;67600;27381;27381;28715;30965;32190;33474;36452;46540;48108;51427;52863;53069;27381;27381;28715;30965;32190;33474;36452;46540;48108;51427;52863;53069
420840;Oeste Catarinense ;Itapiranga;15409;15518;15623;16107;16253;16398;16541;16683;16736;16872;17007;17139;7616;7670;7722;7961;8033;8105;8175;8246;8272;8339;8406;8471;6710;6710;6801;7210;7350;7410;7531;8350;7112;7171;7225;7283;6710;6710;6801;7210;7350;7410;7531;8246;7112;7171;7225;7283
420845;Norte Catarinense;Itapoa;14763;15218;15658;16899;17521;18137;18749;19355;19963;20576;21177;21766;14172;14609;15031;16222;16820;17411;17998;18580;19164;19752;20329;20895;0;0;0;0;0;0;0;0;0;0;0;0;0;0;0;0;0;0;0;0;0;0;0;0
420850;Vale do Itajai ;Ituporanga;22250;22462;22667;23490;23777;24061;24343;24622;24812;25086;25355;25619;14832;14973;15110;15659;15850;16039;16227;16413;16540;16722;16902;17078;0;0;0;0;0;0;0;0;0;0;3164;3148;0;0;0;0;0;0;0;0;0;0;3164;3148
420860;Oeste Catarinense ;Jabora;4041;4030;4018;4057;4040;4023;4006;3990;3955;3936;3918;3899;1605;1601;1596;1611;1605;1598;1591;1585;1571;1563;1556;1549;0;0;0;0;0;0;0;0;0;0;0;0;0;0;0;0;0;0;0;0;0;0;0;0
420870;Sul Catarinense ;Jacinto Machado;10609;10585;10562;10677;10642;10608;10573;10539;10457;10416;10376;10337;5133;5121;5110;5166;5149;5133;5116;5099;5059;5040;5020;5001;0;0;0;0;0;0;0;0;0;0;0;0;0;0;0;0;0;0;0;0;0;0;0;0
420880;Sul Catarinense ;Jaguaruna;17290;17496;17695;18425;18704;18980;19254;19527;19755;20024;20288;20547;13198;13355;13507;14064;14277;14488;14697;14906;15080;15285;15486;15684;0;0;0;0;0;0;0;0;0;0;0;0;0;0;0;0;0;0;0;0;0;0;0;0
420890;Norte Catarinense;Jaragua do Sul;143123;145782;148353;156519;160143;163735;167300;170835;174158;177697;181173;184579;132800;135267;137653;145230;148592;151925;155233;158513;161597;164880;168106;171266;62862;68081;74715;77476;89406;91691;119117;137433;140631;144842;148637;156839;62853;68075;74709;71888;82223;86597;110160;128476;133674;139757;146491;154693
420895;Oeste Catarinense ;Jardinopolis;1766;1749;1732;1721;1697;1672;1649;1625;1595;1570;1546;1520;799;791;784;779;768;756;746;735;722;710;699;688;0;0;0;0;0;0;0;0;0;0;0;0;0;0;0;0;0;0;0;0;0;0;0;0
420900;Oeste Catarinense ;Joacaba;27020;27247;27467;28398;28705;29008;29310;29608;29827;30118;30404;30684;24924;25133;25336;26195;26478;26758;27036;27311;27513;27782;28045;28304;10388;10662;10930;11348;11850;12967;13558;17369;17811;18470;19064;19400;10388;10662;10930;11348;11850;12967;13558;17369;17811;18470;19064;19400
420910;Norte Catarinense;Joinville;515288;520905;526338;546981;554601;562151;569645;577077;583144;590466;597658;604708;497850;503277;508526;528470;535833;543127;550367;557548;563410;570484;577432;584244;85278;93487;101931;102112;121155;165639;171062;172280;185297;223524;227432;241123;85278;93487;101931;102112;121155;164860;170293;171538;184530;222736;226632;240279
420915;Vale do Itajai ;Jose Boiteux;4721;4731;4741;4837;4850;4862;4874;4887;4985;4997;5007;5019;1611;1614;1618;1651;1655;1659;1663;1668;1701;1705;1709;1713;0;0;0;0;0;0;0;0;0;0;0;0;0;0;0;0;0;0;0;0;0;0;0;0
420917;Oeste Catarinense ;Jupia;2148;2143;2138;2158;2150;2142;2134;2127;2110;2101;2092;2083;1044;1042;1039;1049;1045;1041;1037;1034;1026;1021;1017;1012;0;0;0;0;0;0;0;0;0;0;0;0;0;0;0;0;0;0;0;0;0;0;0;0
420920;Oeste Catarinense ;Lacerdopolis;2199;2201;2203;2242;2244;2246;2249;2251;2245;2246;2247;2248;1160;1161;1162;1183;1184;1185;1186;1187;1184;1185;1185;1186;0;0;0;0;0;0;0;0;0;0;0;0;0;0;0;0;0;0;0;0;0;0;0;0
420930;Serrana;Lages;156727;156665;156604;158961;158846;158732;158620;158508;157743;157544;157349;157158;153937;153876;153816;156131;156018;155906;155796;155686;154935;154739;154548;154360;21551;31511;33900;33884;34032;48088;35816;40115;40225;66537;66537;66456;21551;31511;33900;33884;34032;42088;35816;40115;40225;66537;66537;66456
420940;Sul Catarinense ;Laguna;51562;51869;42750;43979;44316;44650;44982;45311;45500;45814;46122;46424;40655;40897;33707;34676;34942;35205;35467;35726;35875;36123;36366;36604;11708;11878;11060;11637;11816;12101;20538;28504;29220;30447;10677;31086;11708;11878;11060;11637;11816;12101;20538;28504;29220;30447;10677;31086
420945;Oeste Catarinense ;Lajeado Grande;1490;1484;1478;1488;1479;1470;1461;1453;1437;1427;1418;1408;648;645;643;647;643;639;635;632;625;621;617;612;0;0;0;0;0;0;0;0;0;0;0;0;0;0;0;0;0;0;0;0;0;0;0;0
420950;Vale do Itajai ;Laurentino;6004;6077;6147;6402;6500;6598;6694;6790;6875;6970;7063;7154;4374;4427;4478;4664;4735;4807;4877;4947;5009;5078;5145;5212;0;0;0;0;0;0;0;0;0;0;0;0;0;0;0;0;0;0;0;0;0;0;0;0
420960;Sul Catarinense ;Lauro Muller;14367;14426;14483;14841;14919;14996;15073;15149;15174;15244;15313;15380;11106;11152;11196;11472;11533;11592;11652;11711;11730;11784;11837;11889;0;0;0;0;0;0;0;0;0;0;6019;6100;0;0;0;0;0;0;0;0;0;0;6019;6100
420970;Oeste Catarinense ;Lebon Regis;11838;11850;11862;12077;12091;12105;12119;12133;12099;12107;12115;12122;7522;7530;7537;7674;7683;7692;7701;7709;7688;7693;7698;7702;0;0;0;0;0;0;0;0;0;0;0;0;0;0;0;0;0;0;0;0;0;0;0;0
420980;Grande Florianopolis;Leoberto Leal;3365;3337;3309;3298;3258;3218;3179;3140;3083;3041;3000;2960;820;813;806;804;794;784;775;765;751;741;731;721;0;0;0;0;0;0;0;0;0;0;0;0;0;0;0;0;0;0;0;0;0;0;0;0
420985;Oeste Catarinense ;Lindoia do Sul;4642;4632;4622;4674;4659;4644;4630;4615;4580;4563;4546;4530;1930;1926;1922;1943;1937;1931;1925;1919;1904;1897;1890;1883;0;0;0;0;0;0;0;0;0;0;0;0;0;0;0;0;0;0;0;0;0;0;0;0
420990;Vale do Itajai ;Lontras;10244;10387;10526;11005;11200;11393;11584;11774;11942;12130;12315;12497;7014;7112;7207;7535;7669;7801;7931;8062;8177;8305;8432;8557;0;0;0;0;0;0;0;0;0;0;0;0;0;0;0;0;0;0;0;0;0;0;0;0
421000;Vale do Itajai ;Luiz Alves;10438;10628;10811;11395;11653;11908;12162;12413;12609;12859;13107;13347;3256;3315;3372;3555;3635;3715;3794;3872;3933;4011;4089;4163;0;0;0;0;0;0;0;0;0;0;0;0;0;0;0;0;0;0;0;0;0;0;0;0
421003;Oeste Catarinense ;Luzerna;5600;5603;5605;5698;5700;5701;5703;5705;5686;5685;5684;5683;4259;4261;4263;4334;4335;4336;4337;4339;4324;4324;4323;4322;1925;2529;3218;3273;3621;3884;4047;4152;4427;4506;4510;4322;1925;2529;3218;3273;3621;3884;4047;4152;4324;4324;4323;4322
421005;Oeste Catarinense ;Macieira;1826;1821;1815;1831;1823;1815;1807;1799;1784;1775;1766;1757;501;500;498;502;500;498;496;494;489;487;485;482;0;0;0;0;120;0;0;0;0;0;0;0;0;0;0;0;120;0;0;0;0;0;0;0
421010;Norte Catarinense;Mafra;52912;53141;53361;54708;55012;55313;55611;55907;56017;56292;56561;56825;41318;41497;41669;42720;42958;43193;43426;43657;43743;43957;44167;44374;0;0;0;0;0;0;0;0;0;0;0;0;0;0;0;0;0;0;0;0;0;0;0;0
421020;Grande Florianopolis;Major Gercino;3279;3290;3300;3375;3389;3402;3416;3429;3430;3442;3454;3465;1249;1253;1257;1286;1291;1296;1301;1306;1307;1311;1316;1320;0;0;0;0;0;0;0;0;0;0;0;0;0;0;0;0;0;0;0;0;0;0;0;0
421030;Norte Catarinense;Major Vieira;7479;7523;7566;7782;7841;7899;7957;8015;8048;8103;8156;8209;2961;2978;2995;3081;3104;3127;3150;3173;3186;3208;3229;3250;0;0;0;0;0;0;0;0;0;0;0;0;0;0;0;0;0;0;0;0;0;0;0;0
421040;Sul Catarinense ;Maracaja;6404;6471;6535;6784;6873;6963;7051;7139;7207;7293;7378;7461;4256;4301;4343;4509;4568;4628;4686;4744;4790;4847;4903;4958;0;0;0;0;0;0;0;0;0;0;0;0;0;0;0;0;0;0;0;0;0;0;0;0
421050;Oeste Catarinense ;Maravilha;22101;22376;22642;23602;23975;24345;24712;25076;25403;25762;26116;26463;18087;18312;18530;19315;19621;19923;20224;20522;20789;21083;21373;21657;0;0;0;0;0;0;0;0;0;0;0;1761;0;0;0;0;0;0;0;0;0;0;0;1761
421055;Oeste Catarinense ;Marema;2203;2169;2136;2094;2046;1999;1952;1906;1846;1797;1750;1703;760;748;737;722;706;690;673;658;637;620;604;588;0;0;0;0;0;0;0;0;0;0;0;0;0;0;0;0;0;0;0;0;0;0;0;0
421060;Norte Catarinense;Massaranduba;14674;14837;14993;15586;15806;16024;16240;16455;16704;16916;17125;17330;7606;7690;7771;8079;8193;8306;8418;8529;8658;8768;8876;8983;0;0;0;0;0;0;0;0;0;0;0;0;0;0;0;0;0;0;0;0;0;0;0;0
421070;Oeste Catarinense ;Matos Costa;2839;2811;2784;2767;2729;2690;2652;2614;2560;2520;2480;2442;1465;1451;1437;1428;1408;1388;1369;1349;1321;1300;1280;1260;0;0;0;0;0;0;0;0;0;0;0;0;0;0;0;0;0;0;0;0;0;0;0;0
421080;Sul Catarinense ;Meleiro;7000;6994;6988;7085;7076;7066;7056;7047;7028;7015;7001;6989;3649;3646;3643;3693;3689;3683;3678;3674;3664;3657;3650;3643;0;0;0;0;0;0;0;0;0;0;0;0;0;0;0;0;0;0;0;0;0;0;0;0
421085;Vale do Itajai ;Mirim Doce;2513;2495;2477;2476;2450;2424;2399;2374;2336;2309;2283;2257;1202;1193;1185;1184;1172;1159;1147;1136;1117;1104;1092;1080;0;0;0;0;0;1159;0;0;0;0;0;0;0;0;0;0;0;1159;0;0;0;0;0;0
421090;Oeste Catarinense ;Modelo;4045;4054;4063;4147;4158;4169;4181;4192;4200;4209;4218;4227;2692;2698;2704;2760;2767;2775;2783;2790;2795;2801;2807;2813;0;0;0;0;0;0;0;0;0;230;230;0;0;0;0;0;0;0;0;0;0;230;230;0
421100;Oeste Catarinense ;Mondai;10231;10347;10458;10877;11034;11189;11343;11496;11592;11742;11889;12034;6305;6376;6445;6703;6800;6895;6990;7085;7144;7236;7327;7416;0;0;0;0;0;0;0;0;0;0;0;0;0;0;0;0;0;0;0;0;0;0;0;0
421105;Serrana;Monte Carlo;9312;9347;9381;9604;9650;9695;9740;9785;9824;9866;9906;9945;8076;8106;8136;8329;8369;8408;8447;8486;8520;8556;8591;8625;0;460;460;460;471;471;0;0;0;0;0;0;0;460;460;460;471;471;0;0;0;0;0;0
421110;Norte Catarinense;Monte Castelo;8346;8346;8346;8478;8476;8475;8473;8471;8280;8275;8269;8263;4849;4849;4849;4926;4925;4924;4923;4922;4811;4808;4804;4801;0;0;0;0;0;0;0;0;0;0;0;0;0;0;0;0;0;0;0;0;0;0;0;0
421120;Sul Catarinense ;Morro da Fumaca;16126;16247;16364;16888;17052;17213;17373;17532;17642;17796;17947;18095;13863;13967;14068;14518;14659;14797;14935;15072;15166;15299;15428;15556;0;0;0;0;0;0;0;0;0;0;0;0;0;0;0;0;0;0;0;0;0;0;0;0
421125;Sul Catarinense ;Morro Grande;2890;2888;2886;2928;2925;2921;2918;2915;2898;2893;2888;2884;756;755;755;766;765;764;763;763;758;757;755;754;0;0;0;0;0;0;0;0;0;0;0;0;0;0;0;0;0;0;0;0;0;0;0;0
421130;Vale do Itajai ;Navegantes;60556;62187;63764;68337;70565;72772;74964;77137;79285;81475;83626;85734;57402;58948;60443;64778;66890;68982;71060;73119;75156;77231;79270;81269;0;0;0;0;0;0;0;0;0;0;0;0;0;0;0;0;0;0;0;0;0;0;0;0
421140;Oeste Catarinense ;Nova Erechim;4275;4332;4386;4577;4654;4729;4804;4879;4945;5019;5092;5163;3211;3254;3294;3438;3496;3552;3608;3665;3714;3770;3825;3878;0;0;0;0;0;0;0;0;0;0;0;0;0;0;0;0;0;0;0;0;0;0;0;0
421145;Oeste Catarinense ;Nova Itaberaba;4267;4268;4269;4338;4338;4339;4339;4339;4333;4331;4329;4327;1530;1530;1531;1555;1555;1556;1556;1556;1554;1553;1552;1552;0;0;0;0;0;0;0;0;0;0;0;0;0;0;0;0;0;0;0;0;0;0;0;0
421150;Grande Florianopolis;Nova Trento;12190;12370;12544;13135;13379;13621;13861;14099;14312;14549;14782;15010;9129;9264;9394;9837;10019;10201;10380;10559;10718;10896;11070;11241;0;0;0;0;0;0;0;0;0;0;0;0;0;0;0;0;0;0;0;0;0;0;0;0
421160;Sul Catarinense ;Nova Veneza;13309;13448;13581;14098;14285;14470;14654;14837;14987;15166;15342;15515;8927;9020;9109;9456;9582;9706;9829;9952;10053;10173;10291;10407;0;0;0;0;0;0;0;0;0;0;0;0;0;0;0;0;0;0;0;0;0;0;0;0
421165;Oeste Catarinense ;Novo Horizonte;2750;2724;2697;2681;2643;2606;2569;2532;2481;2442;2404;2366;921;912;903;898;885;873;860;848;831;818;805;792;0;0;0;0;0;0;0;0;0;0;0;0;0;0;0;0;0;0;0;0;0;0;0;0
421170;Sul Catarinense ;Orleans;21393;21498;21599;22171;22311;22449;22587;22723;22785;22912;23038;23161;16084;16163;16239;16669;16774;16878;16982;17084;17131;17226;17321;17413;16141;14498;15834;16539;17774;17774;17774;14491;14600;15650;18520;18570;15840;14464;15834;16539;16774;16774;16774;13491;13600;14550;16430;16550
421175;Serrana;Otacilio Costa;16337;16517;16691;17349;17593;17835;18075;18313;18510;18744;18975;19201;14891;15055;15214;15813;16036;16256;16475;16692;16872;17085;17296;17502;0;0;0;0;0;0;0;0;2601;4550;4614;4683;0;0;0;0;0;0;0;0;2601;4550;4614;4683
421180;Oeste Catarinense ;Ouro;7372;7360;7348;7436;7418;7399;7381;7363;7317;7295;7272;7251;4844;4836;4828;4886;4874;4862;4850;4838;4808;4793;4778;4764;0;0;0;0;0;0;0;0;0;1137;1683;1773;0;0;0;0;0;0;0;0;0;1137;1569;1656
421185;Oeste Catarinense ;Ouro Verde;2271;2265;2259;2281;2272;2263;2254;2245;2227;2217;2207;2197;715;713;711;718;715;712;710;707;701;698;695;692;0;0;0;0;0;0;0;0;0;0;0;0;0;0;0;0;0;0;0;0;0;0;0;0
421187;Oeste Catarinense ;Paial;1763;1741;1720;1698;1668;1637;1607;1577;1537;1505;1474;1444;336;332;328;324;318;312;306;301;293;287;281;275;0;0;0;0;0;0;0;0;0;0;0;0;0;0;0;0;0;0;0;0;0;0;0;0
421189;Serrana;Painel;2353;2352;2351;2385;2383;2381;2378;2376;2363;2359;2356;2352;945;945;944;958;957;956;955;954;949;947;946;945;0;0;0;0;0;0;0;0;0;0;0;0;0;0;0;0;0;0;0;0;0;0;0;0
421190;Grande Florianopolis;Palhoca;137334;139990;142558;150623;154244;157833;161395;164926;168259;171797;175272;178679;135311;137928;140458;148404;151972;155508;159018;162497;165780;169266;172690;176047;5589;6230;8075;12302;16200;16300;16300;16300;16950;17926;23162;27946;5589;6230;8075;12302;16200;16300;16300;16300;16950;17926;23162;27946
421200;Oeste Catarinense ;Palma Sola;7765;7732;7699;7747;7699;7652;7604;7558;7475;7423;7372;7321;4468;4449;4430;4458;4430;4403;4375;4349;4301;4271;4242;4213;0;4449;0;0;0;0;0;0;0;0;0;0;0;4449;0;0;0;0;0;0;0;0;0;0
421205;Serrana;Palmeira;2373;2392;2410;2488;2512;2537;2562;2586;2603;2627;2650;2673;925;932;939;970;979;989;999;1008;1015;1024;1033;1042;0;0;0;0;0;0;0;0;0;0;0;0;0;0;0;0;0;0;0;0;0;0;0;0
421210;Oeste Catarinense ;Palmitos;16020;16019;16018;16270;16266;16262;16257;16253;16182;16169;16157;16144;9871;9870;9870;10025;10023;10020;10017;10015;9971;9963;9955;9947;0;0;0;0;0;0;0;0;0;0;0;0;0;0;0;0;0;0;0;0;0;0;0;0
421220;Norte Catarinense;Papanduva;17928;18013;18096;18568;18681;18793;18905;19015;19218;19320;19422;19521;9184;9228;9270;9512;9570;9627;9684;9741;9845;9897;9949;10000;0;0;0;0;0;0;0;0;0;0;0;0;0;0;0;0;0;0;0;0;0;0;0;0
421223;Oeste Catarinense ;Paraiso;4080;4026;3972;3915;3838;3763;3688;3613;3515;3437;3360;3284;1451;1432;1413;1392;1365;1338;1312;1285;1250;1222;1195;1168;0;0;0;0;0;0;0;0;0;0;0;0;0;0;0;0;0;0;0;0;0;0;0;0
421225;Sul Catarinense ;Passo de Torres;6627;6798;6964;7447;7681;7912;8142;8370;8594;8823;9048;9269;5873;6025;6172;6600;6807;7012;7216;7418;7616;7819;8019;8214;0;0;0;0;0;0;0;0;0;0;0;0;0;0;0;0;0;0;0;0;0;0;0;0
421227;Oeste Catarinense ;Passos Maia;4425;4400;4374;4387;4351;4314;4279;4243;4186;4147;4109;4072;1099;1093;1086;1090;1081;1071;1063;1054;1040;1030;1021;1011;0;0;0;0;0;0;0;0;0;0;0;0;0;0;0;0;0;0;0;0;0;0;0;0
421230;Grande Florianopolis;Paulo Lopes;6692;6751;6808;7045;7124;7203;7282;7360;7418;7494;7569;7642;4820;4862;4904;5074;5131;5188;5245;5301;5343;5398;5452;5504;0;0;0;0;0;0;0;0;0;0;0;0;0;0;0;0;0;0;0;0;0;0;0;0
421240;Sul Catarinense ;Pedras Grandes;4107;4093;4078;4110;4089;4068;4047;4026;4000;3976;3953;3931;1261;1257;1252;1262;1255;1249;1243;1236;1228;1221;1214;1207;0;0;0;0;0;0;0;0;0;0;0;0;0;0;0;0;0;0;0;0;0;0;0;0
421250;Vale do Itajai ;Penha;25141;25714;26268;27936;28718;29493;30262;31025;31764;32531;33284;34022;23064;23590;24098;25628;26345;27056;27762;28462;29140;29843;30534;31211;0;0;0;0;0;0;0;0;0;0;0;0;0;0;0;0;0;0;0;0;0;0;0;0
421260;Oeste Catarinense ;Peritiba;2988;2970;2952;2958;2931;2906;2880;2855;2814;2787;2760;2733;1481;1472;1463;1466;1453;1440;1427;1415;1395;1381;1368;1355;0;0;0;0;0;0;0;0;0;0;0;0;0;0;0;0;0;0;0;0;0;0;0;0
421265;Sul Catarinense ;Pescaria Brava;;;9416;9687;9761;9835;9908;9980;10022;10091;10159;10225;;;7424;7638;7696;7755;7812;7869;7902;7956;8010;8062;0;0;0;0;0;0;0;0;0;0;0;0;0;0;0;0;0;0;0;0;0;0;0;0
421270;Vale do Itajai ;Petrolandia;6131;6110;6090;6140;6110;6080;6051;6021;5971;5937;5905;5873;2225;2217;2210;2228;2217;2206;2196;2185;2167;2155;2143;2131;2000;0;0;0;0;0;0;0;0;0;0;0;2000;0;0;0;0;0;0;0;0;0;0;0
421290;Oeste Catarinense ;Pinhalzinho;16332;16638;16933;17868;18284;18696;19105;19511;19906;20313;20712;21103;13615;13870;14116;14895;15242;15586;15927;16265;16594;16934;17266;17592;0;0;0;0;0;0;0;0;0;0;0;0;0;0;0;0;0;0;0;0;0;0;0;0
421300;Oeste Catarinense ;Pinheiro Preto;3147;3180;3190;3310;3353;3396;3438;3480;3513;3555;3596;3635;1700;1718;1723;1788;1811;1835;1857;1880;1898;1920;1943;1964;495;615;615;695;759;854;593;639;1228;1292;1295;1295;495;615;615;695;759;854;593;639;1228;1292;1295;1295
421310;Oeste Catarinense ;Piratuba;4786;4708;4632;4533;4424;4316;4209;4102;3965;3854;3745;3637;2855;2808;2763;2704;2639;2575;2511;2447;2365;2299;2234;2170;0;0;0;0;0;0;0;0;0;0;0;0;0;0;0;0;0;0;0;0;0;0;0;0
421315;Oeste Catarinense ;Planalto Alegre;2654;2670;2685;2761;2782;2803;2823;2844;2850;2870;2888;2907;1067;1073;1079;1110;1118;1127;1135;1143;1146;1154;1161;1169;0;0;0;0;0;0;0;0;0;1800;1800;1800;0;0;0;0;0;0;0;0;0;0;0;0
421320;Vale do Itajai ;Pomerode;27759;28192;28610;30009;30598;31181;31760;32334;32874;33447;34010;34561;23823;24195;24553;25754;26259;26760;27257;27749;28213;28704;29188;29661;0;0;0;1248;1248;205;205;205;588;588;588;588;0;0;0;1248;1248;205;205;205;588;588;588;588
421330;Serrana;Ponte Alta;4894;4873;4853;4885;4855;4825;4796;4767;4714;4682;4650;4619;3578;3563;3548;3571;3549;3528;3506;3485;3446;3423;3400;3377;0;0;0;0;0;0;0;0;0;0;0;0;0;0;0;0;0;0;0;0;0;0;0;0
421335;Serrana;Ponte Alta do Norte;3303;3310;3316;3381;3389;3397;3405;3413;3408;3414;3420;3426;3007;3013;3019;3078;3085;3093;3100;3107;3103;3108;3114;3119;2496;0;0;0;0;0;0;3390;0;0;3114;0;2496;0;0;0;0;0;0;3080;0;0;2950;0
421340;Oeste Catarinense ;Ponte Serrada;11031;11068;11102;11358;11405;11452;11499;11545;11552;11593;11634;11674;7624;7650;7673;7850;7882;7915;7947;7979;7984;8012;8041;8068;0;0;0;0;0;0;0;380;390;415;425;0;0;0;0;0;0;0;0;320;330;345;350;0
421350;Vale do Itajai ;Porto Belo;16083;16496;16896;18066;18630;19189;19744;20294;20834;21388;21932;22466;15167;15556;15934;17037;17569;18096;18619;19138;19647;20170;20683;21186;0;0;1050;1050;0;0;0;0;0;0;0;0;0;0;1050;1050;0;0;0;0;0;0;0;0
421360;Norte Catarinense;Porto Uniao;33493;33619;33740;34551;34717;34882;35045;35207;35250;35398;35543;35685;28266;28372;28474;29159;29299;29438;29576;29713;29749;29874;29996;30116;3818;3850;3990;4044;4040;4022;4108;4249;4309;4395;4357;4456;3818;3850;3990;4044;4040;4022;4108;4249;4309;4395;3503;4456
421370;Vale do Itajai ;Pouso Redondo;14810;15011;15204;15882;16154;16424;16692;16957;17189;17453;17712;17965;9024;9146;9264;9677;9843;10007;10171;10332;10474;10634;10792;10946;0;0;9264;0;0;0;0;0;0;0;0;0;0;0;9264;0;0;0;0;0;0;0;0;0
421380;Sul Catarinense ;Praia Grande;7267;7266;7265;7377;7374;7370;7367;7364;7326;7319;7312;7305;4297;4296;4296;4362;4360;4358;4356;4354;4332;4328;4324;4319;0;0;0;1500;1500;1500;1500;1500;1500;1500;1500;1500;0;0;0;1500;1500;1500;1500;1500;1500;1500;1500;1500
421390;Oeste Catarinense ;Presidente Castello Branco;1725;1711;1697;1691;1670;1650;1630;1610;1590;1568;1547;1526;553;549;544;542;535;529;523;516;510;503;496;489;0;0;0;0;0;0;0;0;0;0;0;0;0;0;0;0;0;0;0;0;0;0;0;0
421400;Vale do Itajai ;Presidente Getulio;14887;15084;15273;15943;16210;16474;16736;16996;17215;17471;17726;17973;10535;10674;10808;11282;11471;11658;11843;12027;12182;12364;12544;12719;0;0;0;0;0;0;0;0;0;0;0;0;0;0;0;0;0;0;0;0;0;0;0;0
421410;Vale do Itajai ;Presidente Nereu;2284;2283;2281;2314;2312;2309;2306;2304;2290;2287;2283;2279;808;808;807;819;818;817;816;815;810;809;808;806;0;0;0;0;2300;2300;0;0;0;0;0;0;0;0;0;0;800;800;0;0;0;0;0;0
421415;Oeste Catarinense ;Princesa;2758;2770;2780;2848;2862;2877;2891;2906;2911;2924;2937;2950;1004;1008;1012;1037;1042;1047;1052;1058;1060;1064;1069;1074;0;0;0;0;0;0;0;0;0;0;0;0;0;0;0;0;0;0;0;0;0;0;0;0
421420;Oeste Catarinense ;Quilombo;10248;10211;10175;10255;10201;10149;10096;10044;9946;9887;9829;9773;5746;5725;5705;5750;5720;5690;5661;5632;5577;5544;5511;5480;0;10211;0;0;700;700;0;0;0;0;0;0;0;5725;0;0;700;700;0;0;0;0;0;0
421430;Grande Florianopolis;Rancho Queimado;2748;2757;2765;2827;2838;2849;2860;2871;2868;2878;2887;2897;1290;1294;1298;1327;1332;1337;1343;1348;1346;1351;1355;1360;0;832;730;764;778;798;851;859;850;836;842;842;0;832;730;764;778;798;851;859;850;836;842;842
421440;Oeste Catarinense ;Rio das Antas;6143;6145;6146;6245;6245;6246;6246;6246;6208;6205;6202;6199;2740;2741;2741;2785;2785;2786;2786;2786;2769;2768;2766;2765;0;0;0;0;0;0;0;0;0;0;0;0;0;0;0;0;0;0;0;0;0;0;0;0
421450;Vale do Itajai ;Rio do Campo;6192;6167;6143;6185;6149;6113;6078;6043;5979;5940;5902;5864;2632;2621;2611;2629;2614;2598;2584;2569;2541;2525;2509;2493;0;0;0;0;0;0;0;0;0;0;0;0;0;0;0;0;0;0;0;0;0;0;0;0
421460;Vale do Itajai ;Rio do Oeste;7090;7118;7145;7319;7355;7392;7428;7463;7456;7489;7520;7552;3390;3403;3416;3499;3517;3534;3552;3568;3565;3581;3596;3611;0;0;0;0;0;0;0;0;0;0;0;0;0;0;0;0;0;0;0;0;0;0;0;0
421480;Vale do Itajai ;Rio do Sul;61198;61931;10488;10879;66251;67237;68217;69188;70100;71061;72006;72931;56785;57465;5211;5406;61474;62389;63298;64199;65045;65937;66814;67672;0;0;0;0;0;0;0;0;0;0;0;0;0;0;0;0;0;0;0;0;0;0;0;0
421470;Vale do Itajai ;Rio dos Cedros;10284;10388;62658;65256;11019;11157;11295;11431;11542;11676;11808;11937;5110;5162;58140;60550;5475;5544;5612;5680;5735;5802;5867;5931;0;0;0;0;0;0;0;0;0;0;0;0;0;0;0;0;0;0;0;0;0;0;0;0
421490;Sul Catarinense ;Rio Fortuna;4446;4456;4466;4557;4569;4582;4594;4606;4601;4611;4620;4630;1523;1526;1530;1561;1565;1570;1574;1578;1576;1580;1583;1586;0;0;0;0;0;0;0;0;0;0;0;0;0;0;0;0;0;0;0;0;0;0;0;0
421500;Norte Catarinense;Rio Negrinho;39846;40011;40169;41167;41386;41602;41817;42029;42106;42302;42495;42684;36348;36499;36643;37553;37753;37950;38146;38339;38410;38588;38764;38937;3666;3666;4000;6000;7000;7100;7200;8000;10206;27971;33656;33700;3666;3666;4000;6000;7000;7100;7200;8000;10206;27971;33656;33700
421505;Serrana;Rio Rufino;2436;2438;2440;2482;2484;2485;2487;2489;2482;2483;2483;2484;688;689;689;701;702;702;702;703;701;701;701;702;0;689;0;0;0;0;0;0;0;0;0;0;0;689;0;0;0;0;0;0;0;0;0;0
421507;Oeste Catarinense ;Riqueza;4838;4813;4789;4810;4775;4740;4705;4670;4636;4598;4561;4525;2154;2143;2132;2142;2126;2110;2095;2079;2064;2047;2031;2015;0;0;0;0;0;0;0;0;0;0;0;0;0;0;0;0;0;0;0;0;0;0;0;0
421510;Vale do Itajai ;Rodeio;10922;10964;11004;11270;11325;11380;11434;11488;11502;11551;11600;11647;9424;9460;9495;9724;9772;9819;9866;9912;9924;9967;10009;10050;0;0;0;0;0;0;0;0;0;0;0;0;0;0;0;0;0;0;0;0;0;0;0;0
421520;Oeste Catarinense ;Romelandia;5551;5479;5494;5421;5320;5220;5120;5022;4890;4786;4684;4584;2008;1982;1987;1961;1924;1888;1852;1817;1769;1731;1694;1658;0;0;0;0;0;0;0;0;0;0;0;0;0;0;0;0;0;0;0;0;0;0;0;0
421530;Vale do Itajai ;Salete;7370;7386;7402;7553;7573;7594;7614;7634;7626;7642;7659;7674;4987;4998;5009;5111;5124;5139;5152;5166;5160;5171;5183;5193;0;0;0;0;0;0;0;0;0;0;7642;0;0;0;0;0;0;0;0;0;0;0;5183;0
421535;Oeste Catarinense ;Saltinho;3961;3943;3926;3948;3923;3897;3872;3847;3808;3781;3754;3727;1255;1249;1244;1251;1243;1235;1227;1219;1207;1198;1189;1181;0;0;0;0;0;0;0;0;0;0;0;0;0;0;0;0;0;0;0;0;0;0;0;0
421540;Oeste Catarinense ;Salto Veloso;4301;4332;4361;4495;4536;4576;4616;4655;4680;4718;4756;4792;3402;3427;3449;3555;3588;3620;3651;3682;3702;3732;3762;3790;0;0;0;0;0;0;0;0;0;0;0;0;0;0;0;0;0;0;0;0;0;0;0;0
421545;Sul Catarinense ;Sangao;10400;10575;10744;11294;11532;11767;12001;12233;12446;12678;12905;13128;4856;4938;5017;5273;5385;5494;5604;5712;5811;5920;6026;6130;0;0;0;0;0;0;0;0;0;0;0;0;0;0;0;0;0;0;0;0;0;0;0;0
421550;Serrana;Santa Cecilia;15757;15831;15902;16315;16413;16510;16606;16701;16741;16830;16918;17004;13663;13727;13789;14147;14232;14316;14399;14482;14516;14593;14670;14744;0;0;0;0;0;0;13699;0;0;0;0;0;0;0;0;0;0;0;5152;0;0;0;0;0
421555;Oeste Catarinense ;Santa Helena;2382;2367;2351;2354;2331;2309;2288;2266;2247;2223;2200;2178;882;876;871;872;863;855;847;839;832;823;815;806;0;0;0;0;0;0;0;0;0;0;0;0;0;0;0;0;0;0;0;0;0;0;0;0
421560;Sul Catarinense ;Santa Rosa de Lima;2065;2070;2074;2116;2122;2128;2133;2139;2137;2142;2147;2151;518;519;520;531;532;534;535;537;536;537;539;540;0;0;0;0;0;0;0;0;0;0;0;0;0;0;0;0;0;0;0;0;0;0;0;0
421565;Sul Catarinense ;Santa Rosa do Sul;8054;8073;8091;8261;8285;8309;8333;8356;8338;8358;8378;8397;3746;3755;3763;3842;3853;3865;3876;3886;3878;3887;3897;3906;0;0;0;0;0;0;0;0;0;0;0;0;0;0;0;0;0;0;0;0;0;0;0;0
421567;Norte Catarinense;Santa Terezinha;8767;8762;8756;8883;8873;8864;8855;8846;8801;8787;8773;8760;1513;1512;1511;1533;1531;1530;1528;1527;1519;1516;1514;1512;0;0;0;0;0;0;0;0;0;0;0;0;0;0;0;0;0;0;0;0;0;0;0;0
421568;Oeste Catarinense ;Santa Terezinha do Progresso;2896;2857;2818;2776;2720;2666;2611;2557;2484;2428;2372;2317;539;532;524;517;506;496;486;476;462;452;441;431;0;0;0;0;0;0;0;0;0;0;0;0;0;0;0;0;0;0;0;0;0;0;0;0
421569;Oeste Catarinense ;Santiago do Sul;1465;1448;1431;1414;1389;1365;1341;1317;1286;1260;1235;1211;650;642;635;627;616;606;595;584;571;559;548;537;0;0;0;0;0;0;0;0;0;0;0;0;0;0;0;0;0;0;0;0;0;0;0;0
421570;Grande Florianopolis;Santo Amaro da Imperatriz;19823;20082;20332;21221;21572;21920;22266;22609;22905;23245;23579;23907;14970;15166;15354;16026;16291;16554;16815;17074;17297;17554;17806;18054;0;0;0;0;0;0;6947;6947;6947;6947;6947;7328;0;0;0;0;0;0;6947;6947;6947;6947;6947;7328
421580;Norte Catarinense;Sao Bento do Sul;74801;75520;76215;78998;79971;80936;81893;82842;83576;84507;85421;86317;71234;71919;72581;75231;76157;77076;77988;78892;79591;80477;81348;82201;12495;13383;14480;14480;14871;18365;18409;18899;19680;19995;26526;28034;12495;13383;14480;14454;14845;18365;18409;18899;19680;19995;26526;28034
421575;Oeste Catarinense ;Sao Bernardino;2677;2642;2676;2641;2593;2545;2496;2449;2386;2336;2287;2239;719;710;719;709;696;684;670;658;641;627;614;601;0;0;0;0;0;0;0;0;0;0;0;0;0;0;0;0;0;0;0;0;0;0;0;0
421590;Grande Florianopolis;Sao Bonifacio;3008;2992;2977;2989;2966;2944;2922;2899;2862;2838;2814;2791;685;681;678;681;675;670;665;660;652;646;641;636;0;0;0;0;0;0;0;0;0;0;0;0;0;0;0;0;0;0;0;0;0;0;0;0
421600;Oeste Catarinense ;Sao Carlos;10291;10363;10431;10753;10849;10944;11038;11132;11191;11281;11369;11456;6902;6950;6996;7212;7276;7340;7403;7466;7506;7566;7625;7683;0;0;0;0;0;0;0;0;0;0;0;0;0;0;0;0;0;0;0;0;0;0;0;0
421605;Serrana;Sao Cristovao do Sul;5012;5051;5089;5255;5308;5360;5412;5464;5499;5549;5598;5646;3800;3830;3858;3984;4024;4064;4103;4143;4169;4207;4244;4281;0;0;0;0;0;0;0;0;0;0;0;0;0;0;0;0;0;0;0;0;0;0;0;0
421610;Oeste Catarinense ;Sao Domingos;9491;9488;9389;9530;9523;9516;9509;9502;9457;9445;9434;9422;6313;6311;6245;6339;6334;6330;6325;6320;6290;6282;6275;6267;0;0;0;0;0;0;0;0;0;0;2615;2667;0;0;0;0;0;0;0;0;0;0;2615;2667
421620;Norte Catarinense;Sao Francisco do Sul;42520;43305;44064;46477;47547;48606;49658;50701;51677;52721;53746;54751;39490;40219;40924;43165;44159;45142;46119;47088;47994;48964;49916;50849;0;0;0;0;0;0;0;0;0;0;0;3483;0;0;0;0;0;0;0;0;0;0;0;3483
421630;Grande Florianopolis;Sao Joao Batista;26260;27135;27982;30337;31534;32720;33897;35065;36244;37424;38583;39719;23551;24336;25095;27207;28281;29345;30400;31448;32505;33563;34603;35622;0;0;0;0;0;0;0;0;0;0;0;0;0;0;0;0;0;0;0;0;0;0;0;0
421635;Vale do Itajai ;Sao Joao do Itaperiu;3435;3457;3477;3578;3606;3634;3662;3690;3707;3733;3759;3784;1925;1937;1949;2005;2021;2037;2052;2068;2077;2092;2107;2121;0;0;0;0;0;0;0;0;0;0;0;0;0;0;0;0;0;0;0;0;0;0;0;0
421625;Oeste Catarinense ;Sao Joao do Oeste;6036;6055;6074;6211;6235;6260;6285;6309;6359;6381;6402;6423;2119;2126;2132;2180;2189;2198;2206;2215;2232;2240;2247;2255;0;0;0;0;0;0;0;0;0;0;0;0;0;0;0;0;0;0;0;0;0;0;0;0
421640;Sul Catarinense ;Sao Joao do Sul;7002;7019;7035;7183;7205;7226;7247;7268;7280;7297;7315;7332;1572;1576;1579;1613;1618;1622;1627;1632;1634;1638;1642;1646;0;0;0;0;0;0;0;0;0;0;0;0;0;0;0;0;0;0;0;0;0;0;0;0
421650;Serrana;Sao Joaquim;24812;24964;25111;25841;26045;26247;26447;26646;26763;26952;27139;27322;17573;17681;17785;18302;18446;18589;18731;18872;18955;19089;19221;19351;5745;6017;5558;6022;6536;6661;7282;7544;7731;7850;8661;8883;5745;6017;5558;6022;6536;6661;7282;7544;7731;7850;8661;8883
421660;Grande Florianopolis;Sao Jose;209804;212587;215278;224779;228561;232309;236029;239718;242927;246586;250181;253705;207312;210062;212721;222109;225846;229550;233226;236871;240042;243657;247209;250692;62424;72098;65496;67629;80187;85353;87741;91386;93156;100107;117939;122031;62424;72098;65496;67629;80187;85353;87741;91386;93156;100107;117939;122031
421670;Oeste Catarinense ;Sao Jose do Cedro;13684;13685;13685;13904;13902;13901;13899;13897;13838;13829;13820;13811;8447;8448;8448;8583;8582;8581;8580;8578;8542;8537;8531;8525;0;0;0;0;0;0;0;0;39;66;75;103;0;0;0;0;0;0;0;0;39;66;75;103
421680;Serrana;Sao Jose do Cerrito;9273;9188;9104;9061;8941;8823;8705;8588;8421;8295;8173;8054;2492;2469;2447;2435;2403;2371;2339;2308;2263;2229;2196;2164;0;0;0;0;0;0;0;0;0;0;0;0;0;0;0;0;0;0;0;0;0;0;0;0
421690;Oeste Catarinense ;Sao Lourenco do Oeste;21792;21964;22062;22786;23017;23245;23473;23698;23857;24076;24291;24501;16880;17013;17089;17650;17829;18005;18182;18356;18480;18649;18816;18978;602;602;602;0;0;0;0;288;288;288;288;288;602;602;602;0;0;0;0;288;288;288;288;288
421700;Sul Catarinense ;Sao Ludgero;10993;11178;11357;11940;12192;12441;12688;12934;13165;13410;13650;13886;9863;10029;10190;10713;10939;11162;11384;11604;11812;12032;12247;12459;9248;9365;10130;10350;10860;10970;12030;12730;13165;13410;13650;13886;9248;9365;10130;10350;10860;10970;11360;11604;11812;12032;12247;12459
421710;Sul Catarinense ;Sao Martinho;3209;3205;3200;3239;3232;3224;3217;3210;3189;3180;3171;3162;1231;1229;1228;1243;1240;1237;1234;1231;1223;1220;1216;1213;0;0;0;0;0;0;0;0;0;0;0;0;0;0;0;0;0;0;0;0;0;0;0;0
421715;Oeste Catarinense ;Sao Miguel da Boa Vista;1904;1896;1887;1897;1885;1872;1860;1848;1833;1820;1807;1794;439;437;435;437;435;432;429;426;423;420;417;414;0;0;0;0;0;0;0;0;0;0;0;0;0;0;0;0;0;0;0;0;0;0;0;0
421720;Oeste Catarinense ;Sao Miguel do Oeste;36306;36612;36908;38162;38575;38984;39390;39793;40090;40482;40868;41246;32065;32335;32597;33704;34069;34430;34789;35145;35407;35753;36094;36428;0;0;0;0;0;0;0;28000;0;0;0;1000;0;0;0;0;0;0;0;28000;0;0;0;1000
421725;Grande Florianopolis;Sao Pedro de Alcantara;4704;4790;4874;5139;5256;5373;5488;5602;5709;5823;5935;6046;3729;3797;3864;4074;4167;4259;4351;4441;4526;4616;4705;4793;0;0;0;0;0;0;0;0;0;0;0;0;0;0;0;0;0;0;0;0;0;0;0;0
421730;Oeste Catarinense ;Saudades;9016;9070;9121;9382;9454;9524;9594;9664;9679;9745;9810;9874;5123;5154;5183;5331;5372;5412;5451;5491;5500;5537;5574;5611;0;0;0;0;0;0;0;0;0;0;0;0;0;0;0;0;0;0;0;0;0;0;0;0
421740;Norte Catarinense;Schroeder;15316;15790;16248;17538;18186;18827;19463;20095;20728;21365;21991;22605;13703;14127;14537;15691;16271;16844;17413;17979;18545;19115;19675;20224;0;0;0;0;0;0;0;0;0;0;0;0;0;0;0;0;0;0;0;0;0;0;0;0
421750;Oeste Catarinense ;Seara;16936;16971;17005;17351;17395;17439;17483;17526;17506;17541;17576;17610;11586;11610;11633;11870;11900;11930;11960;11990;11976;12000;12024;12047;0;0;0;0;0;0;0;0;0;0;0;0;0;0;0;0;0;0;0;0;0;0;0;0
421755;Oeste Catarinense ;Serra Alta;3285;3282;3279;3323;3317;3312;3307;3301;3270;3263;3256;3249;1835;1833;1832;1856;1853;1850;1847;1844;1827;1823;1819;1815;89;89;89;89;89;120;120;120;120;100;90;90;89;89;89;89;89;120;120;120;120;90;90;90
421760;Sul Catarinense ;Sideropolis;12998;13069;13137;13499;13593;13686;13778;13870;13920;14007;14092;14176;10051;10106;10158;10438;10511;10583;10654;10725;10764;10831;10897;10962;0;0;0;0;0;0;0;0;0;0;0;0;0;0;0;0;0;0;0;0;0;0;0;0
421770;Sul Catarinense ;Sombrio;26613;26894;27165;28209;28589;28966;29340;29710;30010;30374;30733;31084;19638;19845;20045;20816;21096;21374;21650;21923;22145;22413;22678;22937;0;0;11000;12100;13000;14000;14180;14420;14420;10376;10402;11686;0;0;11000;12100;13000;14000;14180;14420;14420;10376;10402;11686
421775;Oeste Catarinense ;Sul Brasil;2766;2740;2714;2698;2661;2624;2587;2551;2500;2461;2423;2386;1011;1001;992;986;973;959;946;932;914;900;886;872;0;0;0;0;0;0;760;805;850;850;850;872;0;0;0;0;0;0;760;805;850;850;850;872
421780;Vale do Itajai ;Taio;17260;17337;17412;17856;17959;18060;18161;18261;18302;18395;18486;18576;9964;10008;10052;10308;10368;10426;10484;10542;10566;10619;10672;10724;0;0;0;0;0;0;0;0;0;0;0;0;0;0;0;0;0;0;0;0;0;0;0;0
421790;Oeste Catarinense ;TangarA;8674;8668;8653;8777;8767;8757;8748;8738;8691;8676;8662;8648;4984;4981;4972;5043;5037;5032;5027;5021;4994;4985;4977;4969;0;0;0;0;0;0;0;0;0;0;0;0;0;0;0;0;0;0;0;0;0;0;0;0
421795;Oeste Catarinense ;Tigrinhos;1757;1748;1739;1746;1733;1720;1707;1695;1646;1633;1619;1606;343;341;339;341;338;336;333;331;321;319;316;314;0;0;0;0;0;0;0;0;0;0;0;0;0;0;0;0;0;0;0;0;0;0;0;0
421800;Grande Florianopolis;Tijucas;30960;31533;32087;33847;34628;35402;36170;36931;37645;38407;39155;39889;26002;26483;26949;28427;29083;29733;30378;31017;31616;32256;32885;33501;0;0;0;0;0;0;0;15000;18300;19000;23100;23600;0;0;0;0;0;0;0;15000;18300;19000;23100;23600
421810;Sul Catarinense ;Timbe do Sul;5308;5307;5306;5387;5385;5382;5379;5377;5354;5348;5343;5338;1845;1845;1844;1872;1872;1871;1870;1869;1861;1859;1857;1855;0;0;0;0;0;0;0;0;0;0;0;0;0;0;0;0;0;0;0;0;0;0;0;0
421820;Vale do Itajai ;Timbo;36774;37344;37894;39740;40515;41283;42045;42801;43484;44238;44977;45703;34296;34828;35341;37062;37785;38501;39212;39917;40554;41257;41946;42623;0;0;0;0;0;0;0;0;0;0;0;0;0;0;0;0;0;0;0;0;0;0;0;0
421825;Norte Catarinense;Timbo Grande;7167;7219;7268;7495;7563;7632;7699;7767;7812;7877;7941;8003;4083;4113;4141;4270;4309;4348;4386;4425;4450;4487;4524;4559;0;0;0;0;0;0;0;0;0;0;0;0;0;0;0;0;0;0;0;0;0;0;0;0
421830;Norte Catarinense;Tres Barras;18129;18207;18281;18740;18843;18945;19046;19146;19183;19275;19366;19455;15365;15431;15494;15883;15970;16057;16142;16227;16258;16336;16413;16489;359;0;314;314;314;0;314;314;314;314;314;314;359;0;314;314;314;0;314;314;314;314;314;314
421835;Sul Catarinense ;Treviso;3527;3557;3585;3706;3746;3785;3824;3863;3891;3929;3966;4002;1833;1849;1863;1926;1947;1967;1987;2008;2022;2042;2061;2080;0;0;0;0;0;0;0;0;0;0;0;0;0;0;0;0;0;0;0;0;0;0;0;0
421840;Sul Catarinense ;Treze de Maio;6876;6889;6901;7036;7052;7067;7082;7098;7070;7081;7093;7104;3401;3407;3413;3480;3488;3495;3503;3511;3497;3502;3508;3514;0;0;0;0;0;0;0;0;0;0;0;0;0;0;0;0;0;0;0;0;0;0;0;0
421850;Oeste Catarinense ;Treze Tilias;6341;6457;6568;6925;7082;7237;7392;7545;7687;7840;7991;8138;4715;4801;4884;5149;5266;5381;5496;5610;5716;5830;5942;6051;1349;1428;1356;1502;1817;2009;2139;2354;2696;3086;3195;3413;1349;1428;1356;1502;1817;2009;2139;2354;2696;3086;3195;3413
421860;Vale do Itajai ;Trombudo Central;6553;6612;6668;6901;6979;7057;7135;7211;7284;7360;7434;7506;4101;4138;4173;4319;4368;4416;4465;4513;4558;4606;4652;4697;0;0;0;0;0;0;0;0;0;0;0;0;0;0;0;0;0;0;0;0;0;0;0;0
421870;Sul Catarinense ;Tubarao;97235;97833;98412;101284;102087;102883;103674;104457;104937;105686;106422;107143;88094;88636;89160;91762;92490;93211;93928;94637;95072;95751;96417;97071;0;0;0;0;0;0;0;0;0;0;0;28444;0;0;0;0;0;0;0;0;0;0;0;28444
421875;Oeste Catarinense ;TunApolis;4633;4622;4612;4660;4644;4628;4612;4597;4561;4543;4525;4507;1418;1415;1412;1426;1421;1416;1412;1407;1396;1390;1385;1379;195;195;195;195;0;70;0;0;234;237;237;237;195;195;195;195;0;70;0;0;234;237;237;237
421880;Sul Catarinense ;Turvo;11854;11929;12001;12353;12452;12551;12649;12746;12806;12899;12990;13080;7915;7965;8013;8248;8314;8380;8446;8511;8551;8613;8674;8734;0;0;0;0;0;0;0;0;1219;1210;1359;1400;0;0;0;0;0;0;0;0;1219;1210;1359;1400
421885;Oeste Catarinense ;Uniao do Oeste;2910;2874;2838;2802;2751;2700;2650;2600;2517;2464;2412;2364;1107;1093;1080;1066;1047;1027;1008;989;957;937;918;899;0;0;0;0;0;0;0;0;0;0;0;0;0;0;0;0;0;0;0;0;0;0;0;0
421890;Serrana;Urubici;10699;10734;10767;11012;11058;11102;11147;11191;11195;11235;11273;11311;7066;7089;7111;7273;7303;7332;7362;7391;7394;7420;7445;7470;0;0;0;0;0;0;0;0;0;0;0;0;0;0;0;0;0;0;0;0;0;0;0;0
421895;Serrana;Urupema;2482;2479;2476;2507;2502;2497;2492;2487;2472;2465;2459;2453;1232;1231;1229;1244;1242;1239;1237;1234;1227;1224;1221;1218;0;0;0;0;0;0;0;0;0;0;0;0;0;0;0;0;0;0;0;0;0;0;0;0
421900;Sul Catarinense ;Urussanga;20223;20291;20356;20826;20915;21003;21090;21177;21190;21268;21344;21419;11405;11443;11480;11745;11795;11845;11894;11943;11950;11994;12037;12079;2800;3020;3240;3240;3240;3240;3240;3240;3240;0;3240;3240;2800;3020;3240;3240;3240;3240;3240;3240;3240;0;3240;3240
421910;Oeste Catarinense ;Vargeao;3532;3533;3533;3590;3590;3590;3590;3590;3575;3573;3571;3569;1820;1821;1821;1850;1850;1850;1850;1850;1842;1841;1840;1839;0;0;0;0;0;0;0;0;0;0;0;0;0;0;0;0;0;0;0;0;0;0;0;0
421915;Serrana;Vargem;2808;2776;2746;2718;2674;2630;2586;2543;2522;2477;2432;2387;896;886;876;867;853;839;825;811;805;790;776;762;0;0;0;0;0;0;0;0;0;0;0;0;0;0;0;0;0;0;0;0;0;0;0;0
421917;Oeste Catarinense ;Vargem Bonita;4793;4765;4738;4752;4713;4674;4635;4597;4534;4492;4451;4411;2677;2661;2646;2654;2632;2611;2589;2568;2532;2509;2486;2464;0;0;0;0;0;0;0;0;0;0;0;2464;0;0;0;0;0;0;0;0;0;0;0;2464
421920;Vale do Itajai ;Vidal Ramos;6290;6287;6284;6377;6372;6366;6361;6356;6347;6338;6329;6321;1792;1791;1790;1817;1815;1814;1812;1811;1808;1806;1803;1801;0;0;0;0;0;0;0;0;0;0;0;0;0;0;0;0;0;0;0;0;0;0;0;0
421930;Oeste Catarinense ;Videira;47188;47618;48064;49768;50349;50926;51499;52066;52510;53065;53610;54145;42856;43247;43652;45199;45727;46251;46771;47286;47689;48193;48688;49174;0;0;0;0;0;0;0;0;0;234;234;234;0;0;0;0;0;0;0;0;0;234;234;234
421935;Vale do Itajai ;Vitor Meireles;5207;5184;5160;5190;5156;5123;5089;5056;5014;4979;4943;4907;1445;1439;1432;1440;1431;1422;1412;1403;1391;1382;1372;1362;0;0;0;0;0;0;0;0;0;0;0;0;0;0;0;0;0;0;0;0;0;0;0;0
421940;Vale do Itajai ;Witmarsum;3600;3627;3653;3769;3805;3841;3876;3912;3932;3965;3998;4032;845;851;857;885;893;902;910;918;923;931;938;946;0;0;0;0;0;0;0;0;0;0;0;0;0;0;0;0;0;0;0;0;0;0;0;0
421950;Oeste Catarinense ;Xanxere;44128;44643;45140;46981;47679;48370;49057;49738;50309;50982;51642;52290;39143;39600;40041;41674;42293;42906;43515;44119;44626;45223;45808;46383;0;0;0;0;0;0;0;0;0;0;0;0;0;0;0;0;0;0;0;0;0;0;0;0
421960;Oeste Catarinense ;Xavantina;4142;4122;4103;4124;4095;4067;4039;4012;3963;3933;3903;3873;1118;1113;1107;1113;1105;1098;1090;1083;1070;1062;1053;1045;0;0;0;0;0;0;0;0;0;0;0;0;0;0;0;0;0;0;0;0;0;0;0;0
421970;Oeste Catarinense ;Xaxim;25713;25933;26145;27039;27336;27630;27921;28210;28424;28706;28983;29254;20967;21146;21319;22048;22290;22530;22767;23003;23178;23408;23633;23854;0;0;0;0;0;0;0;0;0;0;0;0;0;0;0;0;0;0;0;0;0;0;0;0
421985;Serrana;Zortea;2991;3019;3046;3153;3190;3227;3264;3300;3328;3363;3398;3432;2336;2358;2379;2463;2491;2520;2549;2577;2599;2627;2654;2680;0;0;0;0;0;0;0;0;0;0;0;0;0;0;0;0;0;0;0;0;0;0;0;0
