TimeIndex,Decibel
0,55.93132287
40,57.77925953
80,62.95695178
140,65.15810045
180,60.32524167
220,45.41172522
262,55.95880703
300,62.02180694
340,62.22256252
380,56.15668438
420,55.58381956
460,67.1467731
500,66.5497727
540,63.48579568
580,61.0350715
620,62.12820438
660,61.45571162
700,60.37599746
740,54.2114558
780,48.49788876
820,46.93548087
860,39.85136382
900,50.58873621
940,60.94854615
980,50.45393838
1020,49.60913106
1060,35.87847024
1100,29.9272976
1140,26.29833792
1181,34.10536886
1240,24.25486184
1280,23.77569668
1320,23.49578872
1360,17.38379697
1400,20.48466515
1440,16.63557909
1480,16.78988602
1520,24.05013058
1559,30.02408587
1600,23.21448856
1640,23.24123921
1680,15.05710056
1720,17.20297768
1759,20.09741526
1800,22.03375628
1840,19.91974742
1880,21.71839047
1920,17.7815529
1960,18.35308301
2000,28.15897431
2040,22.98789744
2080,20.97804823
2120,17.20689845
2160,51.3047571
2201,59.25319201
2240,57.16557068
2280,57.22879834
2320,61.27722745
2380,63.7260104
2420,59.93014538
2460,58.35931107
2500,55.84066314
2540,46.09242916
2580,44.24317283
2620,41.3688553
2660,35.9312418
2700,30.26583191
2720,55.37548887
2760,63.44805302
2800,63.51500617
2840,60.31078461
2880,58.28141614
2940,58.24691154
2980,55.5380437
3020,49.5368554
3060,41.54512074
3100,48.4369979
3140,48.22741505
3180,51.28921396
3220,56.23101315
3260,54.02331307
3300,56.42999444
3340,57.44918547
3380,54.37995342
3420,61.14019566
3460,57.98495029
3501,49.74555147
3540,57.49429234
3580,64.69759371
3621,66.13903102
3660,67.11366121
3700,64.11346463
3740,60.52222518
3781,54.97567762
3820,49.72882674
3860,45.01870001
3900,43.6249192
3941,45.70057385
3980,46.63362011
4040,42.04992935
4080,43.34965115
4120,59.64533152
4160,65.86463373
4200,65.78376482
4241,64.36490496
4280,60.44479755
4320,49.33259157
4360,54.45141538
4400,48.90652704
4440,46.13821608
4480,44.35224728
4520,59.46335391
4560,56.04695779
4600,53.96592662
4640,46.28164511
4680,51.29393903
4720,58.89470165
4760,50.77059683
4800,44.07075382
4841,52.81462319
4880,58.85614662
4920,46.7860771
4960,52.76035505
5000,58.69102132
5040,60.61161437
5080,61.71746873
5120,59.01735147
5179,59.84728444
5219,61.78731019
5259,63.04161576
5299,63.72418689
5339,65.47698216
5379,67.16985716
5419,66.74497149
5459,63.2230705
5500,60.52126414
5540,56.11158789
5580,48.86705868
5620,41.2041709
5660,47.65744018
5700,54.17558746
5740,54.49339661
5780,56.24633608
5820,60.51539112
5860,60.24798641
5900,61.19655718
5940,66.39285621
5980,63.05133861
6020,66.59816959
6060,63.31599639
6100,54.42434741
6140,60.37373415
6180,64.00070399
6220,58.12584551
6280,59.91668784
6320,57.58604568
6360,60.28690744
6400,52.35168467
6439,60.90214719
6480,59.80423108
6520,54.07539798
6559,55.59308885
6600,51.50714157
6640,49.33935326
6680,54.70419481
6720,60.73993179
6760,58.4053306
6800,48.4714345
6840,51.25733491
6880,53.18934795
6920,45.79680712
6960,36.5615785
7000,29.48678162
7040,15.27634216
7080,12.09254633
7120,22.33447982
7160,40.71382784
7200,57.22098881
7240,59.08368897
7280,59.93062247
7320,60.59785294
7360,60.95398544
7400,62.70473719
7440,61.436445
7480,58.98226383
7520,53.3580208
7560,46.87573632
7600,54.91543632
7640,45.38436036
7680,46.43677427
7720,59.352982
7760,62.48160417
7800,62.93155007
7840,67.08994945
7880,66.11406877
7940,67.75795048
7980,68.60209675
8020,66.55239233
8060,64.57199226
8101,64.08260704
8140,63.56104188
8180,59.37140832
8220,53.98248193
8260,46.93941216
8300,40.07569977
8340,33.82510918
8380,55.41969629
8420,62.84000316
8460,63.74427836
8500,61.62993049
8540,62.40082008
8580,59.43301422
8620,58.79052938
8660,55.19244141
8700,52.9287215
8740,45.30269167
8780,48.1777574
8820,48.01961397
8860,39.0305545
8901,37.403344
8940,37.69281117
8980,43.4811557
9020,55.38600101
9079,60.75178141
9122,61.93402706
9160,60.57987357
9199,56.62857544
9240,51.02414158
9280,55.34669246
9320,63.75007705
9359,61.75248916
9399,56.13387936
9439,49.73833205
9479,53.79487643
9519,52.11732696
9559,46.77028492
9599,37.69204637
9639,31.91124013
9679,38.68466655
9719,48.77061214
9759,54.64931334
9799,52.22732192
9839,47.43802627
9879,56.04179562
9919,54.94052153
9959,49.11329422
9999,46.19399908
10039,37.98210375
10079,39.61185856
10119,42.25589079
10179,39.52645251
10219,33.91200628
10259,22.5479427
10299,43.86059992
10339,52.73592024
10379,51.75198023
10419,43.21072705
10459,61.51534658
10499,62.66120271
10539,61.47903761
10579,63.65652433
10619,60.19912151
10659,57.35112329
10699,53.67498234
10739,46.40379898
10779,40.24512422
10819,24.64473912
10859,19.28685549
10899,16.908929
10939,14.38309205
10979,13.45124195
11019,14.44684204
11059,13.53376478
11099,13.14758067
11139,13.70211052
11179,20.53151357
11219,15.17403578
11259,16.18981462
11319,13.14370456
11359,12.06807812
11399,14.06378582
11439,20.05794579
11479,15.33321155
11500,46.98114717
11540,50.63388139
11580,52.25138848
11620,52.66139105
11660,55.74518372
11700,57.57149683
11740,56.81397366
11780,50.16740787
11820,48.57616635
11880,47.47575267
11919,55.0281905
11959,50.58995049
11999,56.31204313
12039,63.58958547
12082,64.66179445
12120,65.30171576
12160,61.27687585
12201,59.19163758
12241,56.49630658
12281,65.10829413
12321,65.71510006
12363,62.38741907
12404,57.12033565
12441,57.77184834
12482,56.1551016
12522,56.92850266
12562,62.23045641
12602,59.98541556
12643,62.01283304
12680,58.24272129
12720,57.71644652
12760,51.12610294
12800,50.10753937
12840,58.64801366
12880,61.49743725
12920,51.4728474
12979,43.48531017
13019,35.27134703
13059,48.41376665
13099,51.24689954
13139,46.8899149
13179,39.57053132
13220,36.15998402
13260,38.28783176
13300,49.10187264
13340,56.06540377
13380,60.79940439
13420,57.44778198
13459,49.66138041
13500,49.85517463
13540,59.03377594
13580,57.68856085
13620,60.68601244
13660,59.95533165
13700,64.6422933
13740,57.70854881
13780,57.75378619
13820,60.08570162
13860,55.12477445
13900,58.00501859
13940,62.42831204
13980,61.18405378
14020,64.2415562
14060,64.87590704
14120,62.77762569
14159,59.35759742
14199,61.37279849
14239,58.6629345
14279,60.99743868
14319,65.57868368
14360,66.39870929
14399,61.52304559
14439,56.00846608
14480,51.11886006
14520,56.3805734
14560,58.27061921
14599,63.15051606
14640,63.10503401
14680,64.26262355
14720,63.45459179
14760,60.02672901
14800,70.64919006
14840,63.5011336
14880,63.04136071
14920,64.93368751
14960,61.26316857
15000,56.70453996
15040,52.2389063
15080,52.1864915
15120,59.29506397
15160,56.06074812
15219,47.93486259
15260,56.18948666
15300,59.21465128
15340,57.63639709
15379,53.2788199
15419,59.56466357
15460,56.63815884
15499,50.5872982
15541,41.07411567
15579,35.96320174
15619,39.64465225
15659,48.45909568
15700,58.03574401
15739,62.07784795
15780,61.64485208
15820,52.5801041
15860,40.09286744
15900,41.20314464
15940,53.97020361
15979,59.07916926
16019,49.56101618
16059,39.85046339
16100,29.39218855
16140,43.24127977
16180,55.25088595
16220,59.10607639
16260,60.74853864
16300,55.14083032
16340,57.456812
16380,61.5769324
16421,61.96714137
16462,58.0171109
16503,63.44940157
16541,61.21215653
16582,60.78471671
16623,64.19874869
16661,62.76456049
16701,64.49667713
16741,60.66508725
16783,61.00050181
16821,64.04270419
16881,64.00523554
16920,65.92444778
16960,61.34038507
17001,61.34644576
17041,63.5901023
17082,57.91660189
17123,55.90624373
17162,60.46516927
17201,64.32234865
17240,58.29306454
17282,50.00549541
17322,51.31194207
17362,62.10318195
17402,64.55307158
17443,66.07832874
17483,65.07171682
17523,64.25100067
17563,62.09661024
17603,66.19829996
17643,62.40351317
17682,61.31263204
17720,57.0848208
17762,52.06523578
17802,42.5680558
17842,58.28809127
17882,60.41395878
17922,50.14437895
17962,46.84480694
18022,58.77325547
18063,54.09643074
18102,50.98607831
18142,44.24667868
18182,46.21296513
18222,54.65250816
18262,56.72698495
18302,52.36739754
18342,44.35378913
18382,58.8748443
18422,62.4484033
18460,63.98613976
18502,62.40580565
18542,64.25950302
18582,65.78262816
18621,64.78655844
18662,65.08641252
18702,64.43159976
18740,65.70160255
18782,66.83829092
18822,65.41504093
18862,65.62229979
18902,63.31166961
18942,61.04054815
18980,61.15472215
19020,61.53362215
19062,63.07499855
19120,56.9059778
19160,54.30735076
19199,45.49603141
19239,45.40247396
19279,51.29778458
19320,47.20093642
19360,44.683088
19402,61.63437335
19443,65.90834208
19481,61.8927253
19520,65.45594099
19562,66.74544959
19600,62.62939038
19642,58.09710705
19682,59.50294029
19721,62.32116619
19760,60.36076733
19800,53.5032373
19840,54.64246011
19881,57.57487384
19920,53.98034879
19962,47.87067936
20000,48.12226417
20041,45.72527761
20081,44.35482722
20120,40.03204497
20160,39.16417491
20200,29.91598347
20260,28.35045472
20300,42.71825056
20321,51.69940826
20360,51.70055595
20402,47.11865032
20443,39.47019803
20481,50.8947115
20521,52.04392175
20560,52.40553595
20600,57.30703452
20640,62.82148588
20680,65.97982674
20720,66.33472058
20760,67.28100523
20819,62.03881315
20859,60.92499658
20899,62.46146642
20939,66.52297772
20979,68.60975645
21019,65.09922431
21059,63.47653332
21099,61.18588882
21139,59.3358472
21179,63.9667856
21219,67.22621392
21259,65.70485566
21299,66.46886044
21340,62.47810617
21380,62.97468743
21420,68.59458321
21460,68.42697679
21500,64.38175219
21540,63.78993091
21580,61.15750059
21619,64.42909627
21660,66.38134693
21700,61.659569
21739,59.77258922
21779,58.01448069
21819,62.38605831
21859,59.70546655
21919,56.24939567
21959,50.41670862
21999,48.43196027
22039,56.18929961
22079,65.18878447
22119,62.1625859
22159,59.73932914
22199,53.4129826
22239,52.91316904
22279,48.88426716
22319,49.69259302
22359,56.97367607
22399,55.22996899
22439,52.49530055
22479,60.31431125
22519,53.42497253
22560,43.05306964
22599,32.35961646
22639,39.41003722
22679,60.62833745
22719,58.80937042
22760,64.11717007
22800,62.60934816
22840,60.87591263
22880,60.03681199
22920,60.72352368
22960,48.40848838
23000,51.10777954
23059,62.38046628
23099,64.27989458
23139,52.5393438
23179,49.77996107
23219,46.78007758
23259,49.10807577
23299,48.30762826
23339,46.85398963
23379,38.28602469
23419,30.8279939
23459,15.14522553
23499,15.12978156
23539,7.676444376
23579,10.44137988
23620,12.50983309
23660,10.57779837
23700,11.56814744
23740,18.32334242
23780,50.92935468
23820,59.87421007
23860,57.56156319
23900,59.84297949
23940,60.56032317
23980,64.30394419
24020,58.67606679
24060,56.8614783
24100,62.92886175
24160,61.60463341
24200,59.28973975
24240,60.51954473
24281,60.24049616
24319,63.29577973
24360,58.45498555
24400,58.62792694
24440,58.2528007
24480,50.82338689
24519,56.78419201
24560,57.60911811
24600,61.75671465
24640,64.81093792
24680,64.44074005
24720,63.15404907
24760,60.75932878
24800,59.99083211
24840,57.33548508
24880,55.39466384
24920,57.12284538
24960,55.16429558
25000,51.77226964
25040,50.88915663
25080,45.38087517
25119,38.37099338
25160,37.89878671
25200,27.78996236
25240,9.972771417
25280,8.96004294
25320,7.375777492
25360,11.36147035
25400,9.591425824
25440,12.88016545
25480,10.83021649
25520,11.12673812
25560,9.819378714
25601,12.3170164
25640,29.25912663
25680,48.82957671
25720,50.64907484
25760,55.21056763
25820,36.63822347
25860,48.07483901
25900,54.3735752
25940,56.56663061
25980,58.91290448
26020,58.00297487
26060,53.09066705
26100,50.3452787
26140,52.87250735
26180,61.87538489
26220,63.33780557
26260,60.62085722
26300,59.15814414
26340,59.92187483
26380,53.4055261
26421,47.14016185
26460,57.78072862
26501,58.64739974
26540,57.71238329
26580,55.52188454
26620,55.91148406
26660,55.39943012
26701,47.15091615
26740,54.84038195
26780,52.78222426
26820,53.35629214
26860,48.19395246
26900,42.08942133
26960,34.32830475
27000,13.95402457
27040,30.92424749
27080,39.95085614
27119,47.18516109
27160,44.85849664
27200,38.78836675
27241,35.22598132
27280,48.20710207
27320,50.69204615
27360,45.50678369
27400,45.14714306
27440,46.10829747
27479,40.43116808
27520,24.94221391
27560,48.41175635
27600,48.27308807
27641,44.34274365
27680,53.03360757
27720,49.5273368
27760,44.36190992
27800,38.09262666
27840,19.48119206
27880,46.69136143
27920,49.22400799
27960,48.28901721
28000,50.88844466
28060,43.4760401
28100,30.42621871
28140,11.11025349
28180,9.538114479
28220,26.64452039
28260,34.80036714
28299,19.38191253
28340,14.94050495
28380,10.06279761
28420,9.434183257
28460,8.616397395
28500,9.736483402
28540,10.10747509
28580,11.8284055
28620,11.46992717
28660,9.458684738
28700,42.23542844
28740,39.14215291
28780,17.2179038
28820,39.37293421
28860,47.14329343
28900,43.85351779
28940,33.22258877
28980,43.51895446
29020,45.7761101
29060,38.013601
29100,20.35842768
29140,38.33749264
29180,31.38317151
29220,9.174808927
29260,10.10747509
29300,46.83653445
29340,65.85385523
29380,61.66119034
29420,59.45728754
29460,55.76657884
29500,60.14432222
29540,58.31229507
29580,53.11465781
29620,51.19995923
29660,43.47508328
29700,50.33425546
29760,56.77522064
29799,58.61848867
29840,58.57799854
29880,59.27725666
29920,54.46039747
29959,55.43728437
30000,50.30084101
30039,45.80767565
30080,47.56023349
30120,52.56401708
30159,57.0272103
30200,54.86788573
30240,57.75478813
30280,57.33495393
30320,59.86334138
30360,58.20160559
30400,55.25147142
30440,53.26388557
30480,55.17317185
30520,50.2063953
30560,49.6627274
30600,53.65141667
30640,51.51906486
30680,51.83548467
30720,49.65822953
30760,48.0369881
30800,46.54375601
30859,47.23545104
30900,43.76563047
30939,39.36450653
30979,35.78813042
31019,34.92722983
31059,23.7012321
31100,19.82167716
31140,21.91197048
31180,15.9175383
31220,11.29183319
31260,18.076543
31300,22.15874098
31339,28.70962719
31379,40.10714691
31420,48.38830236
31460,51.88136025
31500,48.53860197
31540,48.75274984
31580,44.63112481
31620,38.46538956
31660,28.22656159
31702,15.66975134
31740,34.50378773
31780,37.21548778
31821,26.57152463
31860,20.13528436
31900,33.09117838
31940,34.63058447
32000,51.9989632
32040,61.57698731
32080,64.932985
32119,66.04873435
32160,66.45567849
32200,64.10320363
32239,63.82800156
32280,63.94034353
32320,60.85429336
32360,60.74749296
32400,52.26491112
32440,59.35475359
32479,60.88134867
32521,64.29054452
32560,62.02546793
32600,59.06204328
32640,55.40762146
32680,53.56293445
32721,48.36233433
32760,54.09369137
32800,58.25690849
32840,64.73489547
32880,65.36968887
32920,64.51250596
32960,59.73801497
33000,57.66894244
33040,51.41536751
33100,59.59544991
33140,62.49407106
33180,57.43977764
33220,60.6504534
33260,58.69865375
33300,62.86583203
33340,62.15619212
33380,55.77714779
33420,58.78824008
33460,59.67903872
33500,55.92376823
33520,53.73633474
33560,46.86821185
33600,38.180026
33662,54.40097069
33700,60.8918249
33740,58.03845086
33780,61.06666783
33820,59.15860987
33860,60.42063193
33900,57.20054649
33940,55.5064655
33980,56.58781782
34020,58.86749223
34060,57.89671372
34100,55.09130299
34140,60.11480218
34180,59.77742453
34220,64.02744653
34261,61.85006558
34300,60.37468109
34340,56.37648103
34380,48.09408739
34420,37.97507739
34460,28.31931875
34500,23.31932044
34540,16.91134796
34580,28.62383978
34620,20.75774997
34660,24.37792132
34700,17.66952823
34760,23.39635523
34800,36.25838816
34840,51.34542947
34880,46.47018236
34920,55.70104307
34960,60.07552084
35000,59.84959734
35040,57.63146383
35080,53.75029435
35120,53.94586118
35160,58.30048593
35200,58.98995239
35240,56.63826966
35280,60.80269243
35320,58.50298815
35360,56.06651862
35401,56.33956265
35441,49.92439104
35480,38.63338961
35520,30.26677329
35560,32.12794546
35600,37.37584135
35641,42.7118836
35680,42.50395685
35720,54.94795216
35760,50.19663452
35800,48.5147727
35840,51.83599619
35900,53.12231729
35940,43.04470343
35980,38.86450121
36020,46.61720371
36060,53.41328973
36100,59.23715465
36140,58.14764988
36180,59.50652592
36220,59.8949208
36260,60.81704864
36300,60.84832816
36340,62.44548107
36380,60.50046846
36420,58.33017355
36460,59.36377357
36500,55.20490195
36540,48.58899587
36580,37.36262766
36620,29.64659682
36660,16.06922121
36700,14.20548783
36740,17.48603289
36780,28.66990744
36820,35.83301144
36860,28.29900804
36900,46.74979523
36940,33.62513714
36999,27.7437479
37040,26.66970066
37080,13.74989608
37120,18.75361676
37160,37.43469867
37200,45.12792235
37240,31.73694909
37280,34.19564861
37320,32.62454136
37359,44.00347487
37399,57.1471849
37440,55.52863809
37480,59.60738427
37520,53.24122861
37560,55.18251663
37600,52.39871511
37640,53.38585003
37680,46.2653798
37720,36.02089981
37760,32.38866942
37800,50.6779902
37840,55.52336445
37880,55.64054733
37920,52.7409962
37960,53.50244662
38000,60.93979441
38040,61.18883304
38080,61.76093667
38120,60.61743522
38160,58.5711779
38200,53.6072066
38240,51.48573685
38280,62.53232728
38320,62.7805156
38360,59.04983193
38400,60.18991208
38440,62.78466116
38480,63.7789024
38520,62.22841349
38560,59.07690099
38600,58.10122879
38640,58.11121859
38700,61.65144675
38740,60.95068252
38780,62.9561765
38820,61.70186712
38860,62.05022737
38900,61.53322673
38940,54.66560707
38980,46.47355153
39020,50.21448125
39060,55.99262796
39100,59.80972756
39140,60.27777269
39180,63.63712701
39220,61.77790616
39260,60.22619701
39300,66.65413285
39340,66.46181191
39380,62.69117162
39420,63.89727825
39460,63.19687986
39500,63.29802754
39540,62.13074268
39580,61.84077299
39620,61.3546625
39660,61.26984657
39700,58.14062994
39741,53.5199169
39800,52.1289864
39840,55.85133794
39879,63.53181233
39920,64.54578132
39959,65.33387223
39999,62.67740044
40039,58.80197946
40079,61.68830013
40119,62.75243572
40159,61.72126376
40199,58.85006878
40239,58.08940524
40279,61.1936568
40319,61.42625391
40360,57.32030989
40400,62.21647323
40440,63.06249947
40480,63.10508732
40520,65.50644196
40560,66.62817117
40600,64.16709802
40640,64.67822426
40680,64.26129251
40720,60.23931886
40760,66.08918484
40800,66.28928129
40840,68.78420252
40880,67.7015525
40940,60.90266232
40980,62.64790074
41020,62.30792583
41060,60.76056053
41100,59.23059034
41139,55.85973516
41180,55.71840743
41220,42.90260996
41260,42.72445239
41300,46.98851483
41340,63.36473414
41380,67.41265568
41420,67.49098679
41460,66.01127179
41500,59.37478417
41540,65.16461321
41580,69.92494093
41620,61.85854959
41660,60.13188357
41700,55.16294155
41740,49.31815683
41780,46.38115049
41820,63.0921661
41860,63.70056183
41900,66.4088895
41940,66.11088133
41980,64.47578523
42040,65.76371052
42080,69.89506297
42120,68.80431534
42160,67.95184075
42200,66.48553649
42240,61.69688808
42280,63.84283639
42300,65.85353061
42340,60.44511062
42380,60.29008665
42420,53.85408878
42460,52.50402276
42500,65.07093179
42540,60.66826592
42600,41.60300527
42640,31.86661884
42680,42.59172785
42720,57.9691908
42760,57.81108364
42800,57.10603122
42840,62.97979564
42880,49.06559003
42920,42.72799407
42960,33.86085427
43000,53.88679991
43040,62.01642025
43080,59.20934131
43120,56.05705534
43160,60.1364134
43201,61.58097943
43240,57.71001312
43280,53.08950037
43320,35.92487922
43360,28.54041917
43400,53.28359049
43440,61.43838863
43480,58.11802876
43520,64.60241136
43560,65.4542688
43601,61.97822814
43640,56.744272
43700,53.48656621
43740,58.93949596
43780,69.57045974
43820,66.59366066
43860,63.85489671
43900,63.20408481
43940,63.01044847
43980,60.08686913
44020,56.68302038
44060,60.49358635
44100,61.85483271
44140,66.75022397
44180,63.39296532
44220,61.06822263
44260,68.64827152
44300,64.9835621
44340,64.59246743
44380,58.07377068
44421,56.98168606
44460,55.88102563
44500,64.77960184
44540,67.81327879
44580,66.50974208
44620,66.67542755
44660,61.15206368
44700,61.41104324
44740,63.09227881
44780,64.48934626
44839,57.81596968
44880,55.49308207
44920,50.05337563
44960,39.53053845
45000,37.79112605
45040,53.55949122
45080,54.1035602
45120,53.35895179
45160,59.76841437
45200,58.2564619
45240,55.17641299
45280,49.24905841
45320,40.07987183
45360,50.84343091
45400,59.2878008
45440,61.0195112
45480,56.7797634
45520,54.6701185
45560,46.46503052
45600,48.2416446
45640,49.96309239
45680,61.17888507
45720,63.93551219
45760,72.47265835
45800,68.07326654
45840,67.72870174
45880,68.10083022
45939,63.67984103
45980,62.57293926
46020,60.69411517
46059,56.67642929
46100,56.80696684
46140,57.62335792
46180,58.09574292
46219,63.55108108
46260,63.28836595
46300,66.07339599
46340,63.98662078
46380,61.28215598
46420,62.04607059
46460,62.18721974
46500,61.1716364
46540,58.81607445
46580,53.77875259
46620,50.14592863
46660,44.86317353
46700,50.86313632
46740,50.90773244
46780,51.96737067
46820,54.82930576
46861,62.38998776
46900,54.22052138
46940,48.40981171
46980,59.248753
47020,60.15500347
47061,58.80030334
47100,52.26065129
47145,52.08134937
47180,45.23878543
47220,38.92989047
47260,36.37060376
47300,41.0028883
47340,42.75245445
47380,29.03467589
47420,13.55711861
47460,18.60528503
47500,17.82131758
47540,15.91114317
47580,21.13954538
47640,32.55458538
47680,45.12830386
47720,46.38226039
47760,39.58362143
47800,41.66459139
47840,48.94644365
47880,54.8417253
47920,57.4018222
47960,56.51161834
48000,46.66647029
48040,37.72337222
48080,36.79810218
48120,36.36544199
48160,39.12982707
48200,55.80507386
48240,59.23766412
48280,61.98103673
48320,58.6489615
48360,53.08765358
48400,53.48941971
48440,53.87493504
48480,57.14234654
48520,59.08434163
48560,58.72854858
48600,65.02684218
48640,59.33495386
48680,61.50583973
48740,70.82682056
48780,68.83307243
48820,64.40089987
48860,64.46590981
48900,61.60652312
48940,56.92525306
48980,57.46206786
49020,54.96158391
49060,53.18319785
49099,59.9207068
49139,59.38530232
49179,54.69007922
49219,55.64324986
49259,58.3002767
49300,49.22608714
49340,47.65538555
49380,48.7787155
49420,54.87247565
49460,62.94848202
49500,48.71025892
49540,52.03227575
49580,54.1669171
49620,61.68912398
49660,59.81445779
49700,51.7108377
49740,44.778222
49780,34.20604177
49820,41.29472836
49879,43.74752518
49919,47.98552769
49959,46.30623761
50000,40.09156156
50039,42.12670761
50080,33.82517146
50119,8.428417794
50160,9.945125616
50200,7.617282087
50239,18.13245066
50280,9.738800394
50319,7.393480338
50360,11.46526003
50400,15.30658423
50440,9.74240215
50480,35.36599936
50520,62.60913911
50560,68.90042324
50600,64.5670696
50640,61.77135951
50680,63.70759782
50720,64.97873339
50760,65.49735643
50800,64.28076929
50840,62.6289638
50880,62.52408617
50920,64.39110531
50980,64.02705136
51020,64.94367127
51060,64.70718507
51100,64.46694613
51120,67.45513181
51160,68.23244545
51201,65.44038492
51241,60.99091119
51280,63.7986899
51320,65.42818336
51360,71.62458221
51400,70.54472767
51440,68.002885
51480,66.15163415
51540,65.80439907
51580,67.97549693
51620,68.39061175
51660,66.48896657
51700,64.83988882
51740,67.23039302
51780,67.97995049
51820,57.46540378
51860,58.64667112
51900,58.62940071
51940,63.48493625
51980,62.8862734
52020,60.67262376
52061,58.59370556
52100,61.85175807
52140,64.10889353
52180,59.32890035
52220,57.47825886
52260,55.95522501
52300,65.34711042
52340,66.15938403
52380,66.99050106
52420,61.31596167
52460,62.12655757
52500,65.01804528
52540,65.23114912
52580,60.56011677
52640,62.1624084
52680,64.35419567
52720,66.94830995
52760,57.18246864
52800,55.25468302
52840,65.22874114
52880,63.06528817
52920,63.74232984
52960,62.50051859
53000,61.63419718
53040,60.72004114
53080,58.80834414
53120,51.62991318
53160,41.96884074
53200,36.57697398
53240,30.25634973
53280,15.69999263
53320,13.96930653
53360,13.37280943
53400,18.68871318
53440,15.39487762
53480,32.98463434
53520,54.06446979
53560,64.33450441
53600,55.85395932
53640,36.02067868
53680,35.21129835
53720,38.99523718
53781,36.12496782
53820,24.30236713
53860,35.01037855
53900,60.71075921
53940,64.19585971
53980,57.9333097
54020,56.1564174
54060,66.10312022
54100,60.01898019
54140,63.79524917
54179,66.37815595
54220,63.7772106
54260,62.86585565
54300,67.63152019
54340,65.65149987
54380,63.5017297
54420,65.42633465
54460,63.71591128
54500,61.98810024
54540,67.11528681
54580,68.41499702
54620,67.24848581
54660,67.42560684
54700,67.00339947
54740,67.05901346
54780,66.32136663
54820,64.87667625
54879,63.97585833
54919,67.06510143
54960,69.0145075
54999,66.30661926
55040,65.91833076
55080,65.46819929
55119,62.2971412
55160,62.15953841
55200,68.02339423
55240,65.6205187
55280,64.41344382
55320,65.71347123
55360,66.44157566
55400,63.67180691
55440,62.23354985
55480,63.90910368
55520,70.82283816
55560,74.00474461
55600,70.03116649
55640,63.57859444
55680,69.34191143
55720,70.25578987
55760,72.81135644
55800,67.47746667
55840,65.41656897
55880,66.7095093
55920,67.44727486
55960,67.28419949
56001,68.55444963
56040,68.23120088
56080,64.32111963
56120,67.79026185
56161,69.23720901
56200,59.13403169
56240,51.11013069
56280,70.73867618
56320,65.29366734
56360,59.9239509
56400,70.11521028
56440,68.49640504
56480,66.53339006
56520,74.63883163
56580,74.03063019
56620,67.24487745
56660,70.58819605
56700,69.23713546
56740,65.183101
56780,47.08371289
56820,47.42841418
56860,66.874409
56900,66.1087847
56940,65.94878475
56980,64.4536215
57020,62.65936847
57060,65.67563253
57100,71.0165904
57140,71.42225768
57180,69.85222625
57220,64.11257728
57260,57.28431813
57300,69.58233274
57340,76.75329153
57380,76.22466128
57420,72.30170691
57460,64.82690862
57500,66.47641819
57540,68.0840614
57580,63.5464023
57620,59.40375293
57679,49.90877629
57720,58.73467297
57760,63.21578842
57800,62.62202053
57839,52.41443605
57879,52.09052046
57919,62.93961544
57959,59.83350354
57999,67.72238515
58040,68.96679134
58079,60.33567413
58119,65.29029374
58159,63.53945689
58199,58.89869111
58240,62.86831417
58280,64.68523473
58320,71.03176581
58360,68.28102374
58400,61.17577503
58440,54.36093127
58480,61.6520404
58520,66.57799939
58560,68.28212333
58600,64.86821448
58640,59.93816914
58680,62.9215
58720,62.34030352
58760,61.67498747
58820,62.50522276
58859,62.88088804
58899,59.36174829
58939,68.19187312
58980,71.56201139
59019,67.68386108
59059,55.38031443
59099,65.26427145
59139,68.4215978
59179,66.95105418
59219,64.45225367
59259,65.16520992
59299,68.878279
59340,69.61086811
59380,67.2430692
59420,62.85940981
59460,63.44314424
59500,64.69636442
59540,65.26047255
59580,66.13099682
59620,59.77185307
59659,61.68132079
59700,62.78183889
59740,59.87023739
59780,64.71613467
59820,58.11548215
59860,51.82582448
59900,52.82338433
59940,61.27029854
59980,67.7269353
60020,68.87449755
60060,69.84323604
60100,74.34483941
60140,73.58335432
60180,74.00834862
60220,72.83634405
60260,73.50125043
60300,76.0691012
60340,72.49516905
60380,68.81251382
60420,66.53238026
60480,70.08916377
60520,69.82163676
60560,69.37955967
60600,68.62241417
60640,67.12983709
60680,67.69630159
60720,70.0391251
60760,69.85122776
60800,68.78091279
60840,67.63192496
60880,67.92308105
60920,66.879205
60960,66.39152141
61000,64.91819742
61040,69.7557828
61080,71.12492783
61120,67.22026903
61160,65.70918246
61200,61.11473896
61240,63.20366074
61280,65.72250511
61320,58.30988134
61360,64.64288322
61400,60.75445004
61440,59.47700082
61480,61.95270261
61520,59.10089055
61580,64.08762376
61619,62.71749727
61660,65.62636961
61699,57.15602093
61740,51.3059429
61780,65.20179935
61820,61.70014841
61860,53.47077389
61900,63.38600699
61940,63.38756855
61980,70.63392995
62020,68.57572278
62060,60.25549556
62100,67.19191808
62140,69.33128544
62180,65.34914686
62220,66.00744696
62260,63.83789507
62300,66.27045991
62340,68.05171674
62380,68.7691071
62420,65.03373317
62460,67.46985714
62500,66.71223273
62540,67.85107125
62580,66.62764747
62620,67.66136802
62660,64.35126093
62720,62.18625478
62760,65.52259827
62799,58.21208875
62840,59.83803247
62880,55.36179658
62919,46.60818037
62959,38.79927083
63000,36.01676846
63041,30.65130621
63080,50.23088537
63120,59.48835428
63159,64.80846583
63200,61.61395958
63240,49.2355706
63280,56.1067358
63320,54.71732981
63360,47.9266818
63400,36.79698202
63440,44.11129691
63480,41.26483029
63520,37.60648367
63560,40.51997712
63600,38.36247765
63640,39.98932073
63680,35.61241712
63720,58.31414849
63760,66.13862734
63820,61.83319576
63860,61.5112197
63900,58.68222132
63940,57.76408821
63980,60.80566751
64020,63.80649313
64060,59.18917726
64100,56.33369526
64140,53.25625167
64180,49.02365593
64220,38.67141259
64260,30.34407755
64300,47.76458979
64320,58.9092028
64380,65.98299812
64420,57.89843616
64460,45.6167859
64500,45.10640676
64540,49.47772557
64580,58.95963877
64620,65.64236088
64660,63.46045511
64700,57.06098073
64740,54.23903831
64780,59.16116144
64820,62.52919281
64860,59.37212737
64900,62.86854438
64940,63.2201216
64980,64.56222329
65020,64.36456589
65060,61.73559291
65101,59.79450473
65140,59.8440057
65180,57.05752055
65220,56.19402342
65261,56.18668747
65300,52.26548013
65340,51.36921653
65380,53.56095807
65420,49.90713902
65460,54.74674264
65520,61.04616624
65560,63.17361434
65600,63.55403511
65640,53.27120986
65680,44.24463242
65720,38.94938899
65760,30.46314179
65800,52.52463114
65840,48.07380413
65880,65.53851262
65920,60.54139714
65960,61.5462455
66000,54.12710433
66040,58.0002297
66080,57.72164696
66120,60.54206201
66160,66.66903192
66201,66.47771244
66240,69.28189136
66280,67.43812908
66320,63.43485932
66360,64.50982815
66401,64.28965926
66440,63.19507418
66480,58.5890552
66520,57.4099027
66560,52.2354439
66619,52.83769916
66660,54.8003582
66700,58.27202683
66740,58.72479628
66780,65.18534805
66819,57.26205949
66860,47.89985581
66900,57.22662664
66940,63.15873442
66980,64.13361002
67020,64.91588455
67060,64.10331271
67100,57.71074216
67140,53.387529
67180,50.59063573
67220,50.39621288
67261,47.31479923
67300,52.2176226
67340,60.25667437
67380,64.66754433
67422,60.70342487
67460,61.31610895
67500,57.65290889
67540,62.56170789
67580,62.67846493
67620,60.32954525
67660,59.01784123
67700,57.46689505
67759,56.33816769
67799,58.10705583
67840,63.19773828
67879,62.87556442
67919,63.84181303
67959,64.49796281
67999,64.85681541
68040,55.29826436
68079,58.00966084
68119,57.27625956
68159,58.49794581
68199,55.40176108
68239,58.20919366
68280,65.61189296
68320,66.29729324
68360,60.94836617
68400,57.23775845
68440,49.05167539
68480,53.75460951
68519,64.78490836
68560,69.30394189
68600,67.20494314
68640,63.70760581
68680,60.15239506
68719,53.56809799
68759,45.9044879
68799,42.12159443
68840,53.52970761
68880,59.32386212
68920,55.91234697
68960,57.58740948
69000,64.86120603
69040,69.36031198
69080,69.04526125
69120,68.97882891
69160,68.91205854
69200,64.04366078
69240,64.84214189
69280,64.55741688
69320,59.57726497
69360,57.15366762
69419,58.51120093
69459,58.24639395
69500,56.79002076
69540,58.51602612
69580,59.29874709
69620,64.31276181
69661,65.68380962
69702,63.92038304
69742,63.30610734
69781,62.53378642
69820,52.89942945
69860,45.92483283
69900,57.26486146
69942,59.23802678
69980,57.38826866
70022,51.98502657
70060,49.02859928
70100,44.87734609
70142,41.96080067
70182,35.28537304
70222,17.14560821
70262,9.94831508
70302,37.79781235
70342,39.07659491
70382,52.75169293
70422,58.19875292
70463,65.68736459
70522,72.18432121
70562,74.3699292
70603,72.87302235
70643,68.13755033
70683,69.81793204
70721,71.5276338
70760,64.49393797
70801,62.78596888
70842,66.10239673
70881,66.52285312
70920,66.17969237
70962,65.6008012
71002,65.3620709
71042,64.96495125
71081,63.97327659
71123,60.66285359
71163,56.30875228
71201,53.37639328
71241,51.29997866
71280,54.48592894
71322,56.20287058
71360,60.27395837
71400,60.41149372
71440,55.4258307
71480,52.53262503
71520,43.31022499
71560,34.50883486
71600,37.52650693
71659,15.54866213
71699,17.51082256
71740,8.820808997
71782,6.271325875
71822,5.962656528
71860,42.38570569
71902,54.20007894
71942,58.49388629
71980,56.83909162
72020,59.76572395
72062,58.93377519
72102,58.3821927
72142,64.64233834
72182,67.14003833
72223,60.03903398
72263,60.02546979
72303,63.2582406
72341,63.90663312
72382,62.43380045
72422,60.68414563
72462,58.97056099
72501,56.81320457
72542,55.24340846
72582,55.88541323
72623,58.85015088
72660,61.66539126
72702,64.46795339
72762,65.21544992
72801,66.38799341
72840,60.59321632
72882,59.46891203
72923,59.00655496
72963,59.79963801
73002,59.86722286
73042,58.79261666
73082,56.80691845
73103,54.69360483
73142,51.96597794
73183,46.35212918
73222,53.79757405
73262,61.32347326
73322,63.28475152
73360,68.30818228
73400,71.45854979
73440,67.76964214
73480,63.56048385
73520,59.51254069
73560,61.89979714
73600,58.57140037
73641,58.22089433
73682,58.51313609
73720,55.15082903
73761,50.16666047
73802,42.13348181
73840,55.94675434
73880,62.77364087
73921,60.6815304
73962,65.06625116
74002,58.15077542
74041,42.82372471
74082,60.38311292
74122,63.82668164
74162,57.720228
74202,52.89087563
74242,46.95715
74281,56.83730761
74323,57.37001
74361,54.62643005
74401,53.35096545
74461,58.35573653
74501,61.4887625
74542,65.66809529
74582,68.39782838
74623,64.30040358
74663,65.36184559
74703,66.18249061
74742,60.49961185
74783,59.13244461
74823,56.48502727
74862,52.08579817
74903,53.54608629
74942,53.85657154
74983,53.16481256
75023,49.82560646
75063,50.2912828
75103,60.61036863
75143,63.33895847
75182,64.94766213
75223,49.53879579
75262,45.63461233
75303,52.29898884
75342,61.76058189
75382,62.21519743
75422,61.19530503
75463,64.345952
75502,58.91138924
75562,55.79212527
75600,59.3187842
75640,63.11500651
75682,59.5780513
75720,61.05717123
75762,64.04284814
75802,63.10522411
75842,55.87587708
75882,43.13532199
75922,44.52249098
75960,41.04419869
76000,43.69712922
76040,54.18185623
76079,50.05507387
76120,41.81897875
76160,49.60452846
76200,48.43073096
76241,40.49097155
76280,34.2063178
76320,58.6389809
76360,64.75660765
76400,59.25691891
76440,58.15212675
76480,55.48801231
76520,50.70011613
76560,40.13137472
76600,53.65996762
76640,61.78922189
76699,42.11865142
76739,34.84643049
76779,25.67428786
76819,9.143337109
76859,10.64495594
76899,43.19379
76939,59.64101593
76979,64.34617105
77019,63.49057055
77059,65.54865664
77099,65.98794595
77139,66.69492611
77179,64.74787923
77220,64.28147346
77260,64.36633111
77300,64.70202769
77340,55.01272623
77380,63.56082463
77420,71.16889835
77460,68.83534058
77500,66.79583483
77540,67.20217311
77580,66.16363246
77620,55.16908919
77660,53.85496306
77700,59.91644178
77740,62.29631058
77780,62.22902038
77820,65.18001482
77860,61.46952298
77900,56.41652883
77940,57.80047486
77980,63.17447609
78020,62.27645747
78060,66.87961481
78100,62.11668913
78140,64.45644031
78180,64.34638616
78220,63.49030674
78260,65.84187189
78300,66.41921906
78359,64.95931389
78400,63.21972959
78440,64.20372463
78479,59.14183732
78519,59.05932025
78559,59.22509139
78599,59.02722342
78640,54.69682496
78680,42.85466298
78720,57.32896643
78760,64.88619956
78800,60.59259776
78840,39.6951331
78880,44.23112734
78920,47.80195183
78960,46.94443826
79000,39.03741031
79040,38.35800907
79080,30.77693691
79122,23.15911802
79160,19.02143785
79202,13.10083746
79241,29.39455178
79280,36.70439329
79322,58.74420391
79361,64.98619873
79401,58.91657527
79461,39.32653764
79501,42.02844477
79543,43.44584018
79583,48.31938955
79621,41.31910498
79661,38.64575008
79703,40.90520112
79743,44.83727305
79782,40.65741766
79822,42.16479815
79861,47.59511873
79902,56.94804863
79942,60.6090671
79982,64.64675213
80022,53.43269077
80062,57.92944017
80102,62.44105878
80142,62.08692451
80182,55.50780345
80222,50.70518892
80262,38.17022893
80302,25.3194911
80342,19.36707805
80382,26.20853219
80422,39.02071643
80462,36.37055401
80502,58.15038434
80542,62.9057821
80602,64.69983583
80640,50.08110193
80682,50.00218934
80722,49.76602325
80762,45.50091324
80802,45.35866068
80842,44.49704076
80882,43.03148875
80922,31.76968655
80962,27.32304888
81002,34.24472635
81042,37.78626242
81082,27.12562803
81122,57.2839202
81163,63.74861287
81203,61.18751546
81243,46.47054929
81283,46.54245996
81323,46.10616425
81363,53.68079841
81403,54.10307659
81443,51.45177333
81481,55.54396027
81523,55.95910703
81563,52.80641591
81602,58.55819825
81642,62.73387793
81702,58.3776466
81742,62.96059811
81782,66.66591442
81822,61.27340723
81862,57.73387755
81902,58.32148096
81921,58.39013174
81962,55.59378921
82002,56.01184717
82042,59.58039434
82082,59.14025407
82122,63.43549911
82162,64.2132051
82202,65.76491057
82262,64.08587713
82300,63.96053164
82343,65.585424
82383,67.36876444
82420,63.97769341
82460,61.82201659
82500,62.91838856
82542,62.94101562
82582,61.16473856
82623,55.08142026
82663,56.35141584
82703,49.48987344
82743,38.50831292
82783,35.75822781
82823,35.74448236
82863,38.69621306
82903,54.36751724
82941,58.67132768
82983,62.72962227
83023,45.92881194
83063,40.76932732
83103,39.72185786
83143,44.09518362
83183,48.44706018
83223,49.62456109
83263,50.3231125
83303,52.46622506
83343,46.61074284
83402,43.05300629
83443,45.42863875
83483,36.62455788
83523,55.35015591
83560,62.73294996
83600,61.31318985
83639,40.98284027
83679,43.83522893
83719,44.75699881
83760,41.01666174
83800,38.22530689
83840,37.43480104
83880,42.98402044
83920,38.82107766
83960,50.95330883
84000,54.12341117
84040,45.09972563
84081,50.21961127
84120,56.63161153
84161,63.33358204
84200,57.84558812
84240,42.77129643
84283,38.0907775
84323,46.92798166
84360,47.73279916
84400,36.83128384
84441,24.02399573
84501,26.92855276
84540,44.52892403
84582,51.17635058
84620,53.62178786
84661,54.7769539
84700,49.14683883
84740,57.41935452
84782,64.56770236
84820,53.79161386
84860,36.78777522
84900,42.18351211
84940,45.37764566
84982,50.62029322
85022,55.56427153
85062,55.46522141
85100,53.72445517
85141,52.96235572
85181,45.85598729
85222,47.08002815
85260,41.20025337
85300,52.44952845
85340,60.93298288
85380,63.70802254
85422,52.94728144
85461,39.55653261
85500,31.55152964
85542,33.63698735
85582,19.07055486
85642,8.084159625
85682,9.967646997
85722,10.39161734
85761,10.42317044
85802,20.56645415
85843,17.64888005
85882,40.74284982
85922,54.94275686
85962,63.2772704
86001,63.66530805
86042,53.07805466
86082,59.1860268
86122,59.97061695
86162,54.73996866
86203,50.78781867
86242,57.90474835
86282,54.70809852
86322,49.70692484
86362,43.4968283
86402,40.24357715
86442,34.65657485
86482,11.23238952
86522,10.59685105
86562,14.17797796
86602,12.14551154
86642,40.98448719
86682,60.19498853
86721,57.34776167
86762,51.68161634
86802,42.95324558
86842,40.95141397
86882,32.99374976
86922,14.3370913
86962,23.38805429
87002,28.37336855
87042,36.65656778
87082,46.65370937
87122,56.09643322
87162,59.91402769
87202,58.50704868
87242,49.74220747
87301,46.1285041
87342,40.55548009
87382,41.19235226
87422,39.53446004
87462,55.17791501
87500,60.29857609
87542,60.89533849
87582,57.80858344
87622,58.48862489
87662,57.03239266
87701,58.91447489
87742,60.19782983
87782,55.36649617
87822,56.39470984
87860,52.07164329
87900,41.50473318
87940,33.31235745
87980,18.40689168
88022,12.03316449
88062,9.956890472
88102,7.417704524
88140,8.407486218
88182,6.706826951
88222,8.951103982
88262,10.46082121
88301,9.301596052
88343,32.43689832
88402,19.4248972
88442,7.473996684
88482,7.397012265
88522,10.91878841
88560,14.30591142
88600,8.695329175
88640,9.252073092
88682,19.19562526
88720,41.59702966
88762,40.62454159
88800,38.3316946
88840,42.04050619
88882,53.80871432
88922,55.95126113
88962,52.10583933
89001,46.52626305
89042,43.11041886
89082,42.36463116
89121,40.84583199
89160,32.18870917
89201,21.85302424
89242,27.85601502
89283,13.79412767
89323,15.67454376
89361,16.22012691
89403,32.73089931
89441,48.23076645
89480,52.67883616
89542,45.50589737
89582,43.70371466
89622,42.24872641
89660,37.46142789
89700,36.59520621
89742,23.03080292
89782,10.23973174
89822,24.40419712
89860,58.75253144
89900,63.84327492
89940,58.31628581
89981,55.17013013
90022,55.14098151
90063,53.61779724
90101,49.36927633
90143,42.79885375
90183,38.2445098
90223,46.08645754
90263,47.16757763
90301,40.65128347
90343,43.32417087
90383,50.34056555
90422,51.69924419
90462,49.10963244
90501,51.75666651
90542,64.11611081
90582,64.28908425
90642,66.74229777
90682,64.82057039
90700,65.20545592
90742,62.81467133
90782,63.34138392
90822,62.49700574
90861,62.14173691
90902,63.58677969
90941,61.26966161
90982,59.73073882
91021,59.08109404
91062,58.75181825
91102,55.61413198
91142,54.31027478
91202,40.28479817
91243,40.71316816
91282,58.82134732
91321,64.56196798
91361,67.57825487
91400,65.64099786
91440,63.424117
91480,63.08722319
91520,65.18868762
91562,64.4184236
91602,61.00283816
91640,60.01447026
91683,60.86572788
91721,62.18183564
91760,62.65920425
91802,64.40529875
91842,63.15046251
91882,62.54058488
91922,68.18138928
91962,68.69966284
92000,63.96895774
92042,56.98615819
92082,55.82612253
92122,60.65536275
92163,55.9591785
92203,62.74326183
92243,59.08892423
92283,63.18481832
92341,63.47068373
92381,61.55979542
92422,62.56715667
92461,60.39086057
92501,63.9330684
92542,63.61414155
92582,66.56077814
92622,60.24925373
92662,57.58330071
92702,58.91671724
92742,58.41657841
92782,55.56589667
92822,47.98296587
92862,49.09322637
92903,53.29293754
92943,40.80390371
92983,51.36223279
93022,48.78784453
93063,39.75416703
93103,50.86814461
93143,58.38096919
93183,61.83987958
93223,49.4880046
93263,42.54836929
93303,44.21861148
93343,37.80988827
93383,25.46130056
93440,12.44351684
93480,14.55227352
93520,29.45717735
93560,42.60662736
93600,43.73217998
93642,48.45738263
93683,52.73305791
93722,50.23210116
93761,62.11701408
93800,62.87465616
93842,63.38480224
93882,59.27461281
93920,56.84998458
93960,49.06701347
94002,54.08584614
94043,60.65524745
94081,58.94988024
94123,58.61456478
94162,55.28963417
94201,47.81550834
94241,41.45889548
94281,41.06560758
94320,52.92751721
94361,63.53732846
94400,58.11646139
94440,45.66002857
94483,43.3011823
94521,50.14705308
94582,53.28330838
94622,58.70914919
94660,56.01039808
94702,58.62709586
94740,52.21754647
94780,43.29445723
94820,56.71579793
94860,57.72645416
94899,50.78242399
94939,59.99228625
94979,65.12070094
95019,59.46091712
95059,53.64119649
95100,56.96192318
95140,57.16077229
95180,62.05667391
95220,61.32279109
95260,63.46387155
95300,64.53566517
95340,63.14873981
95380,67.39571183
95419,63.33254708
95460,63.966956
95500,62.349341
95540,60.97163801
95579,65.70826107
95620,63.02329231
95660,61.25600383
95700,54.21414111
95742,52.30614799
95782,47.53411643
95820,47.29068128
95863,52.5112975
95901,54.50133405
95943,51.38425124
95983,59.85377057
96023,66.69679287
96060,66.44962808
96102,66.68349226
96142,65.39846994
96182,62.12515743
96242,50.21770151
96280,51.80129331
96322,50.25629145
96362,52.21098249
96402,56.90712387
96442,55.58874083
96480,57.79063893
96522,58.20492034
96562,59.71559731
96602,63.11124885
96642,65.7177512
96680,60.35622857
96720,59.7549961
96760,62.51443272
96800,59.98709204
96842,41.85277068
96882,36.13416643
96923,29.60871681
96963,37.49458212
97003,47.80170019
97043,57.13478429
97082,55.09179642
97122,52.76217277
97162,44.07183855
97202,39.19542867
97243,28.13899912
97282,55.56980933
97342,63.02979508
97382,66.81188528
97422,63.35090061
97460,57.47242344
97500,50.98972119
97542,44.068801
97582,37.35925907
97623,52.23865511
97661,57.81549386
97703,57.0771806
97743,53.4353881
97783,45.16286931
97823,39.52347931
97863,31.57352023
97903,45.84782061
97943,56.54538243
97983,62.26617271
98023,55.21489721
98064,49.94656494
98104,36.74293575
98144,33.43321976
98184,52.42426569
98224,60.46558232
98263,59.55395758
98303,59.35212137
98343,57.28719856
98383,57.24452583
98423,61.71936415
98481,59.01232203
98523,60.15934095
98563,62.15172788
98603,61.10625836
98643,56.65021675
98683,59.02303265
98721,59.45137854
98763,61.74384341
98801,60.52454691
98843,63.13294778
98880,62.28087255
98921,58.40810799
98963,60.02862115
99002,60.38026359
99043,60.90182129
99083,59.34726423
99121,58.93559628
99161,54.39024961
99204,56.64703958
99244,58.285699
99283,63.16511716
99324,62.57077287
99364,61.40187909
99403,61.82975433
99444,59.83420557
99484,59.71535218
99523,60.40143263
99564,56.09306867
99602,51.10895548
99643,46.98557466
99684,48.52460418
99724,48.41221105
99764,47.58515682
99804,42.43862494
99844,41.01435433
99884,42.44648196
99920,38.86300831
99961,34.50309262
100002,25.37946223
100041,25.58392461
100081,38.14246704
100140,40.53804977
100180,49.69108248
100220,45.30190848
100262,34.37225031
100301,39.56505608
100341,65.24858343
100382,72.34903702
100422,67.40760218
100460,64.47646053
100502,61.92996331
100542,60.56925468
100582,57.24987829
100622,54.32599769
100662,52.70489962
100701,48.28916027
100743,55.59023633
100782,56.21769901
100823,50.4677277
100863,37.95280627
100903,57.14083647
100943,65.17778136
100982,67.45777783
101022,62.71774929
101063,68.58684816
101103,66.57925862
101143,65.07181314
101183,64.38605688
101223,67.21673234
101283,67.76562996
101323,67.5921688
101363,70.02314002
101403,71.43042538
101443,70.82874958
101483,70.45530538
101523,71.17907461
101563,66.32698605
101603,66.29867235
101643,71.8942305
101683,69.23115505
101721,68.2176964
101762,63.23831105
101803,62.6492577
101841,63.37673826
101883,63.79597503
101923,64.57890847
101961,65.35364084
102002,65.06620759
102042,64.3994493
102081,64.88727498
102122,66.72152705
102162,69.21306796
102202,60.41368226
102242,44.01889921
102282,44.96308598
102322,42.84704876
102382,52.56180273
102422,53.86644484
102461,46.83621374
102500,37.58473073
102542,30.00804347
102582,18.02391901
102622,24.64143597
102662,30.822637
102702,43.39027379
102742,44.76004217
102782,33.66852515
102822,30.93191585
102862,41.72925101
102902,37.81670243
102942,33.78127072
102982,41.19857043
103022,50.33144676
103061,54.76279538
103100,52.84634898
103142,45.66440537
103180,36.72666291
103220,40.95507131
103261,44.48082804
103300,51.4520113
103341,50.25415129
103380,55.43393452
103422,48.45785864
103462,41.63802418
103520,39.52296676
103560,34.07688549
103600,44.54889663
103642,50.0636254
103683,58.31925772
103720,50.65201976
103760,35.40260256
103802,29.28800346
103842,16.68618845
103882,44.47452285
103902,45.27963097
103943,61.05228731
103981,62.29866899
104040,58.60634816
104080,60.73773294
104120,62.67851033
104159,60.00389312
104200,62.6912155
104240,61.0332428
104280,49.48050477
104319,54.46047315
104359,63.64227642
104400,65.59819662
104440,63.90876063
104480,62.42380755
104520,64.0064368
104559,66.32508317
104600,62.27257504
104640,55.24208776
104680,50.97442473
104720,48.83549112
104760,53.00996132
104800,45.30388834
104840,39.71334983
104880,45.32085791
104920,48.17509813
104960,57.8881556
105000,51.79864133
105040,47.86314506
105080,44.87247089
105120,55.51421622
105180,65.07540151
105220,56.84297004
105260,55.58751294
105300,59.6173145
105340,53.11536067
105379,51.670282
105420,50.76073676
105460,46.63274603
105500,56.98847914
105540,55.03897871
105580,54.32763386
105620,49.19047024
105660,49.31770162
105700,54.65358797
105740,60.36194563
105780,63.18169848
105820,50.81450864
105860,46.82837026
105900,62.54009742
105940,60.33146562
105980,61.34239544
106021,56.89734294
106061,56.12430644
106104,56.62817475
106143,51.17012468
106181,48.51918985
106223,54.53947689
106280,41.59420885
106323,52.61283364
106363,58.85682787
106403,62.31459044
106442,46.24323092
106480,33.40251851
106522,20.45141723
106562,21.20544554
106602,12.6642438
106640,20.96376511
106681,23.66842831
106723,15.03868168
106763,20.76037498
106803,50.03613819
106843,58.3182058
106883,59.19193355
106923,60.22234216
106963,65.48509065
107003,62.61281713
107043,57.59415397
107080,53.52552818
107122,51.13868478
107162,53.19150695
107202,56.43241043
107240,62.60634454
107281,62.34469706
107321,66.87069077
107361,63.96133466
107422,60.72415992
107460,58.94953984
107500,61.18530447
107542,62.92862588
107582,66.10214116
107622,65.32038792
107660,62.13704207
107702,59.79448552
107742,49.61213989
107782,35.52576289
107822,59.32674354
107861,60.650459
107902,56.31995905
107942,58.56284448
107982,58.15774513
108023,53.38879831
108061,51.69762354
108101,61.26505171
108142,65.91478417
108182,69.56158177
108221,65.76044608
108261,62.19382512
108303,60.19637012
108343,58.98534196
108382,59.0883089
108422,58.71534799
108460,56.2498625
108501,58.30314023
108543,59.95054586
108583,61.07726982
108623,55.70041293
108661,55.86661003
108703,73.10917477
108743,71.52370893
108783,67.84313117
108823,62.34924221
108861,60.37176913
108901,57.57435693
108943,53.45522512
108983,46.68777617
109023,45.26498306
109082,36.91094424
109123,40.13142857
109163,39.83386763
109203,42.73348233
109242,53.82009413
109280,49.76449979
109322,54.62500402
109362,65.45457398
109402,63.90221583
109440,63.82518944
109482,61.56078956
109522,66.50462309
109563,65.35189056
109603,64.40265078
109642,61.37974869
109684,59.87894814
109720,55.43735837
109762,49.58359409
109802,42.74036476
109842,50.59886055
109882,44.81653375
109923,47.74388288
109961,62.56643358
110003,57.38816031
110043,39.00985463
110083,36.16824864
110123,22.64463371
110163,28.483266
110221,61.38571542
110263,60.87038198
110303,61.297248
110342,58.66494946
110382,55.75891902
110422,61.37860751
110462,60.42104581
110503,60.39526815
110542,61.87316318
110582,66.99770469
110622,66.27011289
110662,66.01298458
110702,65.663503
110742,63.39858897
110781,62.09124644
110823,62.35556555
110863,66.05333376
110902,71.28988521
110943,68.82830306
110983,66.9761547
111023,67.13929089
111063,67.28502911
111103,68.28959809
111143,64.40883986
111183,67.42812919
111222,61.70299244
111263,62.25926159
111323,64.2131943
111363,62.39333642
111400,62.85251869
111442,62.06626912
111482,59.72736582
111520,59.51450717
111562,55.91365172
111602,55.79052956
111640,58.0805247
111680,50.96223468
111722,51.4210419
111762,62.21839686
111803,61.57880457
111842,55.8678677
111883,59.28853916
111923,56.96887937
111961,53.949479
112001,60.37696896
112040,56.15487219
112080,50.43005872
112120,45.38229101
112160,46.46886881
112202,41.45837289
112241,36.11545389
112280,35.53092498
112321,48.76999681
112363,46.59264596
112402,43.42779562
112460,44.66535091
112500,47.35903808
112542,47.29855783
112582,51.97041144
112622,44.52940414
112662,37.91274419
112700,39.70803705
112721,41.21459027
112763,45.36865937
112803,58.23591822
112843,56.22233953
112883,54.95794558
112923,55.46276044
112983,61.39194214
113023,56.28851614
113063,56.78879208
113103,57.69650442
113143,60.63843428
113183,62.39634358
113223,59.95208073
113261,56.11230135
113301,55.25345748
113342,51.83133797
113383,50.8260148
113422,49.29295015
113460,52.46121099
113502,60.65992641
113543,59.93517925
113582,64.36914751
113622,58.70959999
113662,59.55415562
113702,59.64806065
113742,62.04630744
113781,63.80413858
113821,62.33758147
113861,59.94436656
113901,57.59896703
113940,63.35925723
113980,60.26266345
114020,56.76316403
114060,50.55881543
114120,55.03282797
114160,63.62370237
114200,63.88627414
114240,51.11297184
114280,57.81589907
114320,57.58272303
114360,63.05876422
114400,64.02612037
114440,57.38401148
114480,56.40755218
114520,54.59259021
114560,56.85026022
114600,54.56882929
114640,50.02540032
114680,48.4899961
114720,52.34086583
114760,64.47012443
114800,63.58306607
114840,66.50674964
114880,62.66770858
114920,59.68686161
114960,61.32360271
115000,60.43563403
115040,57.4979224
115080,51.71237236
115120,44.68165149
115160,34.46631636
115219,23.26165495
115260,31.10088937
115299,45.05938352
115339,59.01984833
115379,64.7749609
115419,56.67898099
115459,46.76254277
115499,48.94246619
115539,47.46894623
115579,47.86982977
115619,42.31860591
115660,40.48604201
115699,40.00438266
115740,42.56085265
115783,42.63298613
115823,33.04008321
115862,18.63770814
115902,48.83565963
115940,55.35719594
115982,62.89943986
116022,51.68155299
116062,31.38459538
116102,24.99246638
116142,15.70625019
116182,12.81930791
116222,14.40283434
116262,13.10830762
116300,23.02159098
116360,10.711708
116403,12.60159265
116442,35.21984031
116483,36.90798574
116521,57.20519518
116563,62.81559113
116603,65.29239065
116642,58.7195622
116683,55.41048177
116721,53.42397771
116761,37.55146637
116802,47.29926183
116841,44.53012545
116882,41.95684014
116922,35.66660846
116960,50.15538755
117000,54.16359851
117041,51.09198508
117081,51.41574186
117121,57.15602695
117163,63.40414897
117202,63.24351029
117240,62.09751803
117283,59.38966398
117323,56.61509981
117363,46.73150348
117403,45.27061426
117441,51.52708908
117483,57.94393013
117521,61.16824209
117562,61.44569889
117605,59.34371226
117641,60.94030654
117680,61.41093696
117721,60.79171095
117760,64.52175679
117801,62.5804512
117840,59.14148744
117880,58.86288089
117920,60.44202067
117960,58.95785501
118019,59.86680465
118059,60.70359977
118100,60.30743822
118140,59.09126906
118180,59.21996972
118220,62.57540996
118260,60.07681441
118300,61.95001814
118340,62.9019305
118380,65.39570753
118420,56.92977691
118460,56.14357547
118500,55.39890106
118539,58.93796361
118580,58.57888778
118620,56.56174719
118660,50.30191966
118700,51.98267927
118740,53.96925784
118780,47.81301483
118820,39.60202887
118860,29.02275224
118900,55.94322556
118940,62.61623999
118980,65.68239358
119020,48.01002362
119060,46.87673661
119100,51.32502413
119159,37.50425609
119200,22.22042588
119240,17.85972981
119279,13.10463343
119320,14.02261382
119359,39.08725449
119400,48.83113898
119439,51.36980901
119479,54.51289134
119520,58.41218057
119561,64.49032365
119599,61.79841247
119640,47.79246542
119680,49.00558977
119720,49.60889192
119760,48.2640926
119800,51.57709661
119840,54.01109887
119879,55.09442597
119920,63.6264247
119960,59.87452955
120000,66.34027746
120040,63.97807347
120080,62.5156362
120121,62.06715203
120160,67.24012885
120200,63.31826708
120259,60.52289573
120299,61.50150863
120340,59.38945132
120380,59.70260719
120420,59.89129992
120459,62.23019743
120500,63.93267113
120540,65.901479
120580,66.44075179
120620,68.12513352
120659,68.09935961
120700,69.44832067
120739,66.19138124
120779,66.43892095
120820,63.95657812
120860,62.20450151
120900,63.51316785
120940,64.39400872
120980,63.70965064
121020,64.05056567
121059,63.67101655
121100,63.80668488
121140,63.8528865
121180,60.7450944
121220,52.45912534
121260,46.16172976
121300,47.49535596
121341,43.00887797
121399,47.92583234
121439,44.27777178
121479,55.74275114
121500,58.99983122
121540,59.11548883
121580,53.15836145
121620,45.23930289
121660,36.10104715
121700,31.72733371
121740,33.93446615
121780,39.50567003
121820,33.87756576
121860,44.46394029
121919,51.35987294
121960,49.48075715
122000,46.70100661
122039,40.21499837
122079,32.70938783
122120,20.16060513
122160,35.04495818
122199,34.7575418
122239,26.1878737
122280,35.69247032
122320,41.53612245
122360,31.99719221
122400,43.01482122
122440,42.21635748
122480,36.58824564
122520,44.50943844
122560,60.30352964
122600,60.02749256
122641,59.02721196
122680,59.82212857
122720,56.66480723
122761,55.30777596
122800,54.67265894
122840,47.22176922
122880,40.90003302
122920,35.21021783
122960,38.42859006
123000,39.51358528
123060,46.82109564
123100,46.39265648
123140,53.90101212
123181,64.23364603
123220,52.03368538
123260,38.06302912
123300,35.37457946
123340,27.64315431
123380,18.16670291
123421,13.15989078
123459,19.25966696
123500,17.96124239
123540,43.25849662
123580,41.9847349
123620,37.30033313
123661,32.52446394
123700,49.07442601
123740,61.89892919
123780,63.76659466
123820,47.67507945
123860,39.09806218
123900,44.78948028
123940,39.87882333
123981,40.84764972
124020,47.07018128
124060,46.7215956
124100,50.45661299
124160,55.02216248
124200,53.32840923
124240,48.98286686
124280,44.15299273
124320,57.51205822
124360,65.07718467
124400,63.38011186
124440,46.6924951
124480,42.66453603
124520,51.72975895
124560,58.38094332
124600,54.20260138
124640,51.21639392
124680,47.77489061
124720,41.65107325
124760,37.24191816
124800,44.39758135
124840,58.23541383
124880,57.06140155
124920,56.74250108
124960,63.39508532
125000,59.39294214
125040,51.58390278
125080,57.81569434
125120,55.12688522
125160,58.28879737
125200,59.45528116
125240,58.88041771
125300,60.78129156
125340,63.1631669
125380,64.11955718
125420,60.74142781
125460,61.10395076
125500,61.10636071
125540,58.66839401
125580,63.48442798
125620,54.58019134
125660,34.67840982
125700,30.68454437
125740,26.19434586
125780,35.19553925
125819,31.08746372
125860,20.01632802
125900,17.44249314
125940,15.20133938
125980,14.73275115
126020,14.10918386
126060,21.50506309
126100,50.35434118
126140,60.68714499
126180,64.29680019
126220,53.87762283
126260,39.1261095
126300,45.81523776
126340,40.03287221
126380,30.1367641
126420,20.49728393
126460,32.60325916
126500,27.77924188
126540,17.29304029
126580,31.53257693
126620,41.0170328
126660,55.7284589
126700,60.01006439
126740,64.04284934
126780,65.26692741
126820,59.49483919
126860,56.98199471
126900,54.20174923
126960,48.96551799
127000,45.61401843
127040,49.5966717
127080,41.88235511
127120,37.84419705
127160,35.34963251
127200,36.77824353
127240,42.31527558
127280,47.31776558
127320,60.91806803
127360,64.3735481
127400,63.61965741
127440,61.17245417
127480,59.88871279
127520,63.30945901
127561,59.60344894
127600,58.54821164
127640,53.94981122
127680,53.59267074
127720,53.80197462
127760,45.60140762
127800,42.76182523
127840,44.28780408
127880,51.59034564
127920,61.08645983
127960,63.70787553
128000,55.81866485
128041,40.12547035
128100,44.70826154
128140,41.99124773
128180,43.03075009
128220,52.41687823
128261,56.55474777
128300,56.50914348
128340,52.55859049
128379,51.74664806
128420,42.01868905
128461,45.45130765
128500,49.7401126
128540,61.29456539
128580,66.13904028
128620,56.03378275
128661,59.95644218
128700,63.38415477
128740,65.96016956
128780,61.72896551
128820,64.47929027
128860,62.08350986
128900,62.549595
128940,62.31196942
128980,59.68927374
129020,60.84214388
129060,57.20556619
129100,52.46404394
129140,60.67040637
129199,64.56575531
129239,63.99254906
129280,64.37849714
129320,61.20889084
129359,55.49845423
129400,55.79309105
129439,59.40909273
129479,65.3496303
129519,63.96314654
129559,64.22494403
129600,64.96948726
129640,67.28740104
129681,65.26810706
129720,64.77183147
129760,58.94623606
129800,56.99706385
129840,58.14569987
129880,58.77706337
129920,55.31805648
129960,47.31496756
130000,36.5116721
130040,30.83710329
130080,12.92290692
130120,25.58085507
130160,27.10124451
130200,26.40765844
130240,11.65178722
130280,59.18133689
130320,65.27762739
130361,62.90208052
130400,60.96830987
130440,63.85566067
130480,65.89472496
130520,62.52660679
130560,60.14963588
130601,62.21904366
130640,64.36779812
130680,61.37450377
130720,59.39693742
130760,56.48356903
130801,59.2885903
130859,62.40882268
130900,64.68076566
130939,67.96242923
130979,65.47319599
131020,62.72193347
131060,55.76196585
131100,48.2670151
131140,45.53362254
131180,44.63998312
131221,63.19895474
131260,63.18549883
131300,60.9482116
131340,59.69946947
131380,62.24128757
131420,63.63901065
131460,60.0267347
131500,54.72009363
131541,50.25921761
131580,44.31175317
131620,40.72827833
131660,46.35741113
131700,43.73455619
131740,38.24603734
131780,38.90475287
131820,40.38379517
131860,36.28075927
131900,11.60648708
131940,13.85400774
132000,15.23842236
132039,12.64978483
132080,10.73243613
132120,11.89643186
132160,11.46612469
132200,13.34888869
132240,11.13084952
132280,11.0071278
132320,12.28505766
132360,51.48067618
132400,59.34415314
132440,59.43611696
132480,60.73039135
132520,60.53999587
132560,56.41678637
132600,58.20145851
132640,64.22515834
132680,62.56957157
132720,59.44819764
132760,51.92587497
132800,47.84503691
132840,54.98638093
132880,59.87313095
132920,60.35887563
132960,57.71263738
133000,58.44462351
133040,51.42501171
133100,45.13151937
133140,49.35706331
133180,48.80860966
133220,50.22288784
133260,44.64372889
133300,41.76126463
133339,29.86049075
133379,28.09334964
133420,40.14246506
133460,55.19439236
133500,55.32772873
133539,52.22659718
133579,48.38270767
133620,41.94579625
133660,31.58470864
133700,10.39338862
133740,9.9885945
133780,10.44181772
133820,8.062632744
133860,7.467922635
133900,7.431736668
133940,6.705274699
133980,7.411111317
134020,8.610394245
134061,8.54448379
134100,22.22652613
134140,46.89098086
134180,44.96073937
134240,40.61293764
134280,42.0963052
134319,34.33961798
134360,40.14774887
134400,51.79549464
134440,53.61057691
134480,54.65920075
134520,56.46426662
134561,61.01358194
134600,60.13614485
134640,62.3053688
134680,63.09397964
134700,61.58383399
134740,64.10412878
134800,61.951185
134840,65.8215425
134880,67.38049198
134920,65.67694965
134960,61.4827511
135000,62.75221142
135040,63.77681559
135080,61.98467873
135120,60.71320403
135160,65.03543063
135200,64.26088978
135240,60.19023702
135280,61.93419831
135320,61.80450281
135360,62.43575449
135400,59.33840524
135440,57.53961848
135480,55.48323225
135521,51.43323924
135560,48.46002241
135600,43.86663465
135640,36.86583607
135680,22.03468173
135720,12.98965104
135760,16.66581698
135800,8.827163442
135840,9.994179658
135900,20.29768652
135940,50.89106636
135980,64.07002251
136020,60.39336386
136060,63.27969851
136100,63.12440814
136140,53.1600423
136180,56.89738212
136220,68.86159557
136260,67.69133693
136300,63.94884308
136340,61.67655829
136380,64.95298841
136420,65.68457484
136460,61.76550248
136500,58.0542059
136540,55.36221874
136580,55.99798105
136620,54.30370085
136660,51.89357346
136700,55.49192819
136740,58.11985698
136780,60.76648726
136820,60.88952827
136860,59.38160217
136901,59.11338748
136940,62.87344663
136980,65.68540014
137040,66.03772857
137080,63.86911119
137120,65.71252115
137160,67.41503692
137200,66.05609883
137240,68.29591702
137280,65.64134674
137320,57.96012663
137360,55.80660518
137399,52.16460075
137439,43.20681021
137480,34.90102769
137520,18.02330778
137560,9.049641639
137600,7.234245179
137640,6.57659711
137680,6.599989206
137720,7.163574058
137760,5.800641239
137800,6.934089297
137840,13.59414073
137880,47.42480291
137920,43.3980072
137960,46.45689131
138000,53.37111516
138040,56.71778589
138080,52.6495428
138140,49.56907647
138180,52.45719649
138220,55.81335269
138260,57.7406838
138300,55.62416637
138340,56.51108153
138380,63.38302444
138420,64.06454668
138460,63.4568832
138499,59.25183463
138540,58.16561953
138580,56.64636445
138620,55.06397421
138660,58.25832292
138700,60.58345812
138740,53.63819032
138780,49.83579855
138820,56.94841645
138860,62.73055656
138900,61.50303392
138940,61.51209404
138980,56.46881962
139020,52.46900484
139060,58.35743482
139100,60.43730795
139140,62.57220444
139180,62.9771989
139220,61.46320813
139260,52.82470084
139300,60.67143012
139340,64.93938062
139380,65.95498055
139420,61.08854796
139460,59.19949993
139500,60.0379373
139540,60.02876655
139580,61.51610683
139620,61.69101754
139660,63.3510225
139700,62.16999903
139740,63.13700429
139800,65.2936211
139839,66.61884647
139879,67.84336628
139920,69.72282902
139960,62.01891778
140000,64.77560147
140039,63.69482311
140079,60.15343366
140119,59.25136937
140160,60.78838364
140200,65.59969525
140239,69.84395265
140279,70.56711167
140319,68.47863325
140360,69.1961091
140400,66.57542254
140440,66.74771422
140480,66.87891574
140520,69.28160651
140560,68.58668873
140600,64.00848829
140640,60.65502373
140680,57.70276861
140720,53.10555975
140760,57.98307151
140800,57.55300727
140840,52.65200572
140880,45.81351661
140939,42.7831531
140979,41.93452131
141020,37.17272436
141059,23.20492862
141099,52.04330249
141139,58.44904576
141180,63.60379323
141219,68.58739836
141260,65.95431436
141299,62.41068133
141339,61.34833261
141379,59.10363122
141419,59.54424843
141459,62.76959351
141500,61.5417173
141540,58.9728891
141580,61.27154175
141620,59.01526158
141660,53.79650229
141700,59.4342146
141740,61.91190187
141780,64.60435393
141820,59.01724026
141860,62.41405671
141900,64.03672694
141940,64.02617983
141980,59.46927282
142039,64.76970887
142080,63.08649655
142120,61.29019509
142159,61.89847029
142200,62.52543351
142239,61.4102344
142280,55.93441421
142320,55.61086089
142360,62.7213494
142400,61.69190293
142439,43.82298884
142479,52.52710949
142520,53.44148149
142560,60.74217139
142600,66.09227149
142640,63.48220609
142680,61.15550099
142720,52.6028908
142760,47.88563162
142800,62.56492649
142840,62.55263624
142880,64.13077155
142920,62.19001745
142960,64.66833538
143000,64.66101898
143040,59.85458426
143080,58.52432268
143120,59.41534066
143180,59.91138703
143219,56.9669084
143260,58.73624001
143300,58.36888348
143340,53.29481117
143380,46.30044364
143419,36.41261918
143460,23.1652728
143500,43.14684283
143520,56.43656907
143560,65.96472838
143600,61.82267877
143640,70.27529866
143681,68.05100058
143740,63.17306357
143779,57.66721417
143819,56.25781908
143860,51.66423927
143900,43.49807494
143940,31.76625881
143980,10.8023017
144020,11.66518653
144060,10.48646389
144100,50.98193096
144140,61.15115517
144180,63.43037293
144220,48.17378685
144260,35.06740299
144300,20.52928288
144340,10.5750394
144380,9.724105189
144420,9.355623678
144460,39.9579316
144500,52.87580134
144540,43.60657388
144580,42.53818116
144620,62.96859048
144660,65.84816968
144700,63.85030677
144740,62.31656106
144780,63.58033654
144840,49.07294863
144880,51.35223136
144920,56.49824282
144960,63.17465499
145000,67.00329196
145040,70.24661592
145080,66.58015609
145120,64.5288792
145160,59.82762
145200,55.13206924
145240,62.05997181
145280,65.36130906
145320,68.44491119
145360,68.13620626
145400,62.69080546
145440,55.90178932
145480,50.75154039
145520,40.00508835
145560,28.67778455
145600,33.72839805
145640,40.26604482
145680,47.79284228
145720,43.2404045
145760,35.46032944
145800,19.51275707
145840,14.02213389
145880,38.10817894
145920,57.36127915
145980,61.97884224
146020,56.20703074
146060,39.48902606
146100,35.97201144
146139,24.84831893
146180,19.63595484
146220,53.873737
146260,62.62831204
146300,62.73868194
146340,67.43345786
146380,72.14511559
146420,69.58430055
146460,69.99971119
146500,61.14672914
146540,59.6251944
146581,63.21879409
146620,52.81606613
146660,38.8265354
146700,49.1507907
146740,52.36409059
146780,58.33542266
146820,57.37621946
146860,61.85451731
146900,66.14625597
146940,70.83529678
146980,71.38419905
147020,66.830531
147080,61.76764005
147120,63.38470402
147160,62.1839168
147200,61.85878089
147240,54.65135454
147280,65.01967925
147320,68.43320368
147360,69.87809689
147400,69.14830005
147439,65.42472169
147480,61.80405015
147519,64.73587627
147560,64.68642595
147600,61.62361295
147640,64.11133121
147680,61.56831202
147720,63.86109928
147760,65.74359888
147800,61.81963021
147840,57.00563483
147880,63.50827735
147920,62.64861528
147960,61.50583638
148000,62.48119658
148040,65.8902597
148080,65.33363583
148120,62.59198972
148160,58.98581774
148200,56.40631722
148240,57.48464199
148280,64.70262391
148320,65.55107754
148360,70.65650637
148400,66.152924
148440,63.71854487
148480,60.18141318
148520,57.89558243
148560,58.17579258
148600,56.70026214
148640,44.91182449
148680,36.73520348
148740,39.70435323
148780,42.35543086
148820,37.10927849
148860,32.41559126
148900,54.49974967
148940,62.75031668
148980,68.28205874
149020,61.78535409
149060,65.94167329
149100,70.39694845
149140,70.38191956
149180,67.16328143
149220,64.67722587
149260,62.30901033
149300,62.47283309
149340,59.85684548
149380,61.68887071
149420,68.43667999
149460,68.75453004
149500,69.76683457
149540,68.64235034
149580,69.15719442
149620,67.2492886
149660,65.95310344
149700,65.14235313
149740,62.72010223
149780,62.07325087
149820,62.39012146
149880,63.34201182
149920,65.44190496
149960,64.79818312
150000,64.19027478
150040,67.76469223
150080,65.05738855
150120,68.64075576
150160,67.11205336
150200,67.83420386
150240,67.47637539
150279,65.38735244
150319,62.66987424
150360,58.44136454
150400,65.95484015
150440,71.7771524
150480,68.60671819
150520,63.85201641
150560,61.74531582
150600,56.44198838
150640,50.81165974
150680,47.72746421
150720,55.77034067
150760,55.2511427
150800,59.85254501
150840,59.65848886
150880,51.37009828
150920,40.85805763
150980,47.9297923
151020,59.82942479
151059,59.88073808
151100,59.37641145
151140,57.57602582
151180,55.22203507
151220,56.56427186
151260,58.55679119
151300,55.02510907
151340,53.99634595
151380,65.05067015
151420,63.47957125
151460,59.74304625
151500,50.65311693
151540,46.61353268
151580,42.59967431
151620,53.37437676
151660,64.88749308
151700,63.60755519
151740,59.02784585
151780,64.03597021
151820,70.14999934
151860,67.16932116
151900,61.83142105
151940,59.20130707
151980,62.12558493
152020,62.25548603
152060,56.11590155
152120,49.73481319
152160,58.03865127
152200,60.68659709
152240,60.7235665
152280,57.89205262
152300,60.00038123
152340,51.85115112
152380,41.68004164
152420,34.33493206
152460,37.81748845
152501,59.48094531
152540,64.34401557
152580,64.5020878
152620,62.12199124
152680,55.17312258
152720,50.18348149
152760,47.75008348
152800,55.86993013
152840,59.44649804
152880,56.74360504
152920,49.57645808
152960,45.46988348
153000,53.74503058
153040,57.80255878
153080,59.7226352
153120,59.18852237
153160,65.79377124
153200,65.95970605
153240,66.17927726
153281,62.20084282
153321,60.00473805
153360,51.42362829
153400,40.5798444
153440,34.38472242
153480,43.09349721
153520,61.00491533
153560,67.50440811
153600,66.0440424
153640,67.49379551
153680,67.57284448
153720,67.55766412
153780,66.0356393
153820,62.53216386
153860,60.61719297
153900,61.5719336
153940,61.77556453
153980,58.11425881
154020,52.16329108
154060,54.6840004
154100,49.21602678
154140,45.67089898
154180,33.34749634
154220,73.14760134
154260,67.88981203
154300,63.63539997
154340,59.35859987
154380,64.1499448
154420,56.0315793
154460,59.90141943
154500,63.21927774
154540,65.48681699
154580,66.86864442
154620,66.55703398
154660,63.6876411
154700,65.10227479
154740,58.59871858
154780,47.94966496
154820,59.30620542
154860,67.86963955
154921,65.7030216
154959,66.41787281
155000,67.42984289
155039,55.63351038
155080,64.59477819
155120,67.10255257
155160,71.43082496
155200,67.51438881
155240,68.79161197
155280,65.69304006
155320,61.56864332
155360,56.76876964
155399,55.52986703
155440,55.26846
155480,49.35967673
155520,55.04457055
155560,59.90403382
155600,58.99724554
155640,40.11901068
155680,33.77656016
155720,49.52723563
155760,60.58354658
155800,54.74754271
155840,49.14986975
155880,37.30358088
155920,38.88477425
155960,41.96571266
156020,40.7680563
156060,31.0749691
156100,30.40238439
156140,60.51854994
156180,61.96919839
156220,58.31607183
156259,55.72392609
156299,52.21869018
156340,51.47165769
156380,47.36642551
156420,51.02572812
156460,59.94012969
156500,63.98734068
156540,65.61464834
156580,60.85263178
156620,58.33089094
156660,57.42609877
156700,55.79692024
156740,57.01208809
156780,63.17959596
156820,57.33324364
156860,60.71470627
156900,66.54812446
156940,67.99184318
156980,69.76952347
157020,71.69839672
157060,69.0923042
157100,68.85827066
157140,66.4867822
157180,62.74084108
157220,60.84852522
157260,59.44296977
157300,59.35436936
157340,63.71674437
157380,64.29273907
157420,60.9650626
157460,66.67553607
157500,64.81390161
157540,64.47050171
157580,66.85849986
157620,67.74079292
157680,70.19312708
157720,66.04123404
157760,63.80742006
157800,58.6557178
157840,58.2126686
157880,58.07846059
157920,59.55877151
157960,63.42797473
158000,62.24195546
158039,57.31025617
158080,48.92141523
158120,49.3250019
158160,50.09910855
158200,58.04917505
158240,55.50434416
158280,46.51480871
158320,40.98857599
158360,40.61084651
158400,39.12381143
158440,31.25664579
158480,32.74724814
158520,41.11110379
158560,61.10995099
158600,56.88254342
158640,49.68654242
158680,64.63351269
158720,69.18429265
158760,64.58825082
158819,60.46347137
158859,59.49779616
158899,62.64785811
158939,63.03501098
158979,60.35103543
159019,61.9288716
159059,61.88512139
159099,63.5445846
159139,59.95968445
159179,65.13208141
159219,63.05842422
159259,57.27371324
159299,53.56838143
159339,45.67638946
159380,40.22332179
159420,45.45434985
159460,41.44216092
159500,36.46167985
159540,26.67438359
159580,17.37657567
159620,15.86786917
159660,12.04952269
159700,51.4890046
159740,59.17492367
159780,63.64582827
159820,54.88303941
159860,57.16218154
159919,47.27484773
159959,50.79862161
159999,58.33553759
160039,53.77056272
160079,53.9504009
160120,48.5021357
160159,53.33280083
160199,59.21119712
160239,65.30405918
160280,69.28813532
160319,67.35466081
160359,67.46793536
160399,64.35026636
160440,65.58628281
160480,72.44590096
160520,70.92551651
160560,66.07653399
160600,65.15811407
160640,64.72431631
160680,66.16228183
160720,64.60380439
160760,62.30425775
160800,59.32622115
160840,55.7917837
160880,53.12240831
160920,60.296969
160960,63.7007541
161000,60.89399456
161060,66.10612593
161099,66.18903117
161121,59.09249588
161160,57.19953239
161200,52.24134614
161240,51.65153538
161280,62.21117902
161320,64.96308269
161360,61.65049305
161400,62.36516263
161440,63.76124197
161480,69.14049714
161520,75.87470958
161560,72.45451564
161620,67.04998228
161660,63.6616867
161700,58.96379821
161740,55.03841063
161780,58.19931245
161820,56.15617584
161860,54.95037501
161900,52.01073987
161940,55.63639537
161980,73.85280861
162020,69.87051737
162060,64.8025259
162100,63.14860744
162141,66.16882348
162180,67.66639425
162220,63.19961585
162260,61.78952701
162300,61.28807335
162340,62.56687802
162380,56.41761252
162420,57.05063328
162460,58.20180407
162500,69.59285241
162541,68.97140902
162580,69.50486669
162620,64.33721446
162660,60.58281396
162720,60.07961066
162760,64.72934798
162800,63.99290846
162840,60.22627686
162880,61.28611621
162920,64.23199258
162960,58.22200866
163000,47.78365715
163040,34.37380509
163080,18.43300923
163120,9.82240938
163160,11.29633076
163200,15.91275837
163240,47.27351823
163280,43.69525284
163320,56.49197951
163360,63.33940404
163400,59.00875426
163440,43.9258532
163480,42.45398155
163520,49.27508905
163560,55.19079229
163600,56.58755555
163640,55.43890354
163680,54.64862768
163720,52.33056309
163760,42.95751813
163800,41.40781874
163860,54.47642256
163900,60.57924387
163939,63.16680737
163980,64.7394056
164020,58.30655892
164060,57.365132
164099,63.48162388
164140,60.30663321
164179,59.92357898
164220,61.92665885
164260,60.01590981
164300,64.50484912
164340,64.90662623
164380,63.12194163
164420,65.31074779
164460,61.82851676
164500,64.235933
164540,65.96240826
164580,67.55449309
164620,61.2497466
164660,62.30317751
164700,62.50127587
164740,62.91996911
164780,55.65544543
164820,59.37464279
164860,59.65013174
164900,57.12870337
164960,60.3580442
164999,58.72743415
165039,60.79542179
165079,58.69736815
165119,56.18986482
165160,57.30449722
165199,63.42051648
165239,56.85646916
165280,57.20818562
165319,54.99074546
165359,57.90062755
165400,63.66191793
165440,59.13276983
165479,54.37686251
165520,46.30730221
165560,40.04721622
165607,38.97213976
165639,41.20563741
165680,43.40466634
165719,58.72989542
165761,61.65648291
165800,60.20577443
165839,51.03719752
165879,48.57858875
165919,37.7222799
165960,31.47291841
165999,15.16703549
166039,10.01403371
166080,9.654337506
166120,12.11940722
166162,14.0270267
166203,15.13089715
166242,37.42502224
166283,48.59240593
166321,55.96053088
166363,65.66361502
166402,58.07489527
166443,49.9899644
166482,48.51253928
166522,52.4084578
166562,62.17101514
166622,61.92202928
166662,59.9096773
166701,57.65460316
166742,57.86677604
166780,57.94401604
166822,55.39318894
166862,54.72352871
166902,54.5914441
166942,61.70482543
166982,65.02382602
167020,54.75566726
167060,59.52925683
167099,59.52888023
167142,58.74683465
167182,53.89460806
167222,45.65979288
167262,41.27709858
167302,53.28007262
167342,63.18693022
167382,60.63289839
167423,57.57786624
167462,53.20973103
167502,55.59785034
167542,59.2482825
167583,62.83211429
167622,51.08731399
167663,49.49350725
167701,46.88563506
167760,50.35629227
167799,50.61544134
167839,48.87532717
167879,51.37302238
167919,44.58722913
167959,36.99873908
167999,45.89919309
168039,60.01607441
168079,60.71813417
168119,54.75507781
168159,62.77460566
168199,61.28916671
168239,55.25434817
168279,59.53946909
168320,56.94819845
168360,58.87500976
168400,55.52701545
168440,58.82909889
168480,55.47614939
168520,56.39524226
168560,61.46307771
168600,65.83780614
168640,67.93611062
168680,65.59275177
168720,65.9172843
168761,66.80583882
168800,64.35908054
168859,63.0150298
168899,63.60638075
168940,62.50356581
168980,62.17164432
169020,61.85704861
169060,63.182009
169100,64.95846635
169140,66.83876898
169180,66.70345756
169222,66.26022231
169261,64.91320565
169303,64.51650249
169343,64.63004572
169383,70.01024604
169424,65.5754422
169462,65.32429509
169503,66.31713525
169542,64.3957344
169584,65.77203957
169623,62.52030226
169663,65.08552186
169703,64.91218815
169743,66.11164492
169783,62.04607239
169823,62.77368735
169863,62.25076909
169903,65.92785624
169943,59.97141452
169983,61.32832157
170021,60.62217526
170061,55.75660423
170100,41.46061972
170140,43.48776975
170180,52.56215225
170220,59.76746499
170260,66.53181355
170300,61.08945602
170340,62.46211536
170381,55.64967811
170421,41.5058491
170461,57.69999504
170500,64.53345086
170560,68.34249577
170602,69.12242481
170640,68.41421857
170680,64.40280137
170719,59.21277712
170759,56.35313275
170800,56.14660183
170839,55.96305726
170880,58.2124287
170920,62.77571031
170959,58.87092659
171000,54.47144245
171040,58.18814172
171080,53.27484484
171122,47.98940708
171160,61.96149013
171200,57.50604799
171240,58.15953435
171280,59.24907861
171320,64.39674776
171362,59.35290361
171400,55.69794144
171440,47.40475602
171481,45.83331547
171520,50.16526342
171560,55.93230643
171600,49.15030809
171660,37.78985754
171700,47.51696608
171739,58.25946279
171780,64.29520301
171821,58.32153042
171860,60.29129235
171900,60.9560393
171940,60.66076056
171980,56.29566912
172020,55.81806061
172060,60.05882756
172100,59.2513427
172139,57.06299057
172179,54.7565154
172221,46.80132265
172260,46.37193261
172300,54.90922207
172340,62.85161387
172380,65.21747317
172420,47.90655659
172460,41.11625477
172500,47.86740742
172539,50.18797354
172580,44.62857897
172620,38.63810709
172660,50.90434485
172700,55.04427908
172740,49.41210909
172800,46.14940414
172839,50.72386974
172880,48.48408708
172920,55.22258926
172960,62.9945547
173000,63.02191896
173040,59.28603014
173080,50.8516182
173120,49.98209965
173159,50.78198681
173200,51.71469741
173239,47.25860845
173280,47.56617645
173320,47.52431174
173360,55.28167883
173400,53.34708494
173440,47.54748049
173480,54.06793236
173520,60.3222673
173560,65.10461544
173600,60.62969984
173640,54.29174532
173680,54.85963909
173720,55.09504604
173760,52.83165057
173800,51.38999835
173840,44.87789017
173899,39.41760451
173939,28.82140671
173980,13.20310915
174020,9.954197173
174060,8.812534294
174100,39.62557389
174139,58.88421568
174179,64.36312371
174220,55.87050118
174259,36.05028328
174300,29.77721309
174320,15.04854512
174361,41.04380745
174400,53.07259366
174460,46.4626569
174501,48.80820423
174540,44.05114573
174580,45.71875107
174619,59.13571033
174659,62.36133339
174700,61.7891868
174739,58.04940876
174782,62.78678676
174820,53.21172487
174859,55.56863875
174900,53.04416185
174940,47.58502949
174980,40.37666538
175020,28.91371918
175060,52.59033215
175100,55.89175593
175140,56.97786507
175180,53.9538054
175220,53.6945595
175260,57.23343113
175300,59.30359733
175340,63.19223492
175380,62.87310293
175420,55.85799905
175460,53.49206106
175500,51.52456731
175559,55.25172009
175599,61.40578855
175639,62.6081788
175679,57.75912753
175719,57.02534519
175759,56.66721469
175800,60.29347082
175839,60.70475689
175879,57.04898337
175919,58.57508635
175959,63.0374406
176000,63.0551828
176039,59.31881926
176079,59.52534056
176120,56.26613766
176160,53.40374123
176200,57.70325822
176240,58.35647581
176280,53.28071192
176320,47.49774047
176360,44.18932492
176400,55.10002927
176440,48.60960932
176480,48.48455488
176520,51.53487125
176560,63.54231738
176600,54.78888062
176640,47.77126765
176699,44.96249821
176739,41.82393697
176779,39.29171143
176820,33.44036386
176859,28.61218939
176899,22.45489258
176940,15.86410214
176980,18.31134601
177019,15.8617775
177060,16.0432009
177100,38.75007135
177140,53.90239475
177180,62.44225571
177220,54.92864286
177260,37.63081208
177300,31.55809975
177340,15.95632754
177380,32.0358451
177420,41.75482821
177460,49.35723105
177500,48.26536212
177540,47.02576442
177580,39.74547235
177620,30.06285733
177660,8.905507528
177700,8.817628284
177740,39.97957291
177800,44.08823877
177839,45.97895851
177880,48.63414941
177920,39.44679401
177960,28.08600144
178000,12.47501999
178040,16.66613031
178080,16.58176484
178120,33.85768908
178160,50.50245108
178200,50.28794842
178241,46.94170266
178280,46.36021418
178320,47.14136055
178360,55.11661562
178401,48.75110707
178441,36.97584793
178480,45.37218877
178520,48.27685568
178560,47.41544515
178600,47.01747707
178640,52.22099983
178680,54.33497433
178720,48.50113901
178760,41.14981836
178800,34.71595691
178840,11.60246723
178880,9.927418359
178920,23.96314181
178960,49.3006463
179000,57.51087276
179040,51.22311629
179080,50.97862088
179120,56.66187086
179161,55.27141451
179200,49.67228053
179240,46.67774927
179280,48.05272236
179320,50.03123595
179361,56.58046552
179400,59.40921444
179440,57.21485805
179500,41.83566588
179540,50.89873719
179580,39.71715019
179620,27.52132512
179660,26.15671815
179700,48.63040774
179740,56.90619271
179780,54.109449
179820,55.10502679
179860,56.73972227
179900,54.084765
179940,41.9630049
179980,35.96450126
180020,26.32592288
180060,12.73724494
180100,17.95356222
180140,14.38424026
180180,48.7144028
180220,52.63675062
180261,53.79290678
180300,49.47448892
180340,51.58888903
180381,54.33352299
180420,57.29061561
180460,56.0250044
180500,58.98189802
180540,54.18942718
180599,48.6488703
180640,62.3341268
180679,67.73577191
180720,69.36998877
180759,67.34394192
180799,63.62231972
180839,56.73122863
180881,56.78872142
180920,61.86749047
180959,62.33845132
180999,60.69344167
181039,54.3333154
181079,55.09802659
181119,56.65840547
181159,61.06856501
181199,61.66108061
181240,61.13124216
181280,59.30228291
181319,56.82393588
181359,53.82328158
181400,57.6347268
181439,54.50826063
181479,45.30670663
181519,40.7557645
181559,41.46495857
181599,46.45062529
181639,52.75911782
181680,56.46579162
181739,51.37355943
181779,49.23860418
181819,44.65711122
181859,51.70698886
181899,51.12060438
181939,43.70396586
181979,37.92227915
182019,42.0597502
182059,38.0335094
182099,18.83395242
182139,24.85471875
182179,57.06719638
182219,59.80755984
182259,57.28192808
182299,50.84514297
182339,36.19541334
182379,19.79426928
182419,31.93859266
182459,50.77235843
182499,59.68948384
182539,58.65194939
182579,58.10474717
182619,59.48416388
182659,58.81190837
182699,59.97677677
182739,63.71802642
182780,62.43869294
182839,61.76975507
182879,55.44176087
182919,48.53997902
182959,57.60280603
182999,61.85030185
183039,59.23959086
183079,59.67583807
183100,61.51793029
183140,62.31625132
183180,60.66317506
183220,61.74400535
183260,60.16094252
183300,55.41905523
183340,55.71396961
183399,48.85790217
183439,48.08914516
183479,53.47283295
183519,57.1230159
183559,63.44456165
183599,59.14004546
183639,57.21042098
183682,50.40293757
183720,44.8569491
183760,39.77911885
183800,29.50925542
183841,54.4520232
183880,56.26623325
183921,44.54617092
183962,41.38600451
184000,57.42971703
184040,56.55054593
184080,48.79232468
184120,47.46940887
184160,52.46056232
184200,54.96869631
184240,59.60790137
184280,63.57605304
184320,60.83133585
184360,60.73112914
184400,60.65677234
184440,55.96498366
184500,57.20543298
184540,54.11418851
184580,53.08024473
184620,51.60199137
184659,52.77401774
184700,58.55028992
184740,59.44931538
184780,58.35664101
184820,56.85823509
184860,59.61504319
184900,52.62797169
184940,42.61587817
184982,32.56684733
185021,38.89454092
185061,44.42921954
185100,45.80435614
185142,32.00522558
185182,50.96067959
185222,59.3110211
185261,59.71559253
185300,57.65707013
185342,44.68850537
185382,36.2029004
185422,28.2319467
185460,8.823351891
185500,7.394363589
185540,46.36555733
185580,54.21338771
185640,50.9326569
185680,45.45930431
185720,44.73563237
185762,31.08834472
185800,25.86283317
185840,37.17552375
185880,19.83025403
185920,39.25964138
185960,70.92207682
186002,56.75113005
186040,56.49746662
186082,52.78478128
186120,49.54692854
186160,69.96906818
186203,66.09698434
186241,61.13858227
186281,57.66283956
186321,56.2078676
186361,59.69593242
186400,59.58290683
186443,59.35362031
186482,57.28957979
186522,56.82847151
186562,55.61674315
186600,53.22770647
186640,47.33824883
186680,57.61405338
186742,61.40179062
186780,61.48885238
186820,60.93544375
186861,61.32653018
186902,58.92006058
186942,60.44348989
186982,56.79352272
187022,58.39727242
187062,58.56396872
187102,64.00866481
187142,66.92757929
187182,63.49913922
187222,64.38725519
187262,61.92701607
187302,62.33123118
187342,60.10735865
187382,55.58806312
187422,56.52972319
187462,62.94360848
187502,64.00527714
187540,72.37160372
187581,71.72081625
187621,69.06465718
187661,65.4443602
187700,64.87699395
187742,66.80689777
187782,64.03981721
187820,61.88263161
187861,64.65618825
187903,63.04247859
187943,64.36478531
187983,64.39016088
188023,63.76848588
188063,65.43038395
188103,65.81889889
188143,63.47735956
188182,59.28057763
188222,58.08586394
188262,57.35037553
188300,57.89273473
188340,63.36970195
188382,56.1742283
188440,61.49341678
188480,64.07343878
188520,64.47403248
188560,61.82331
188600,62.83414339
188640,61.65740949
188680,61.0324918
188720,63.14404662
188760,55.58309618
188800,50.06370309
188840,52.7077132
188880,57.51398819
188920,48.24731607
188960,37.12613159
189000,37.93905506
189040,53.03531427
189080,57.03384407
189122,57.26290341
189162,59.0575265
189202,55.4840871
189242,52.19797793
189282,44.12606468
189320,38.32515969
189362,42.04259343
189402,39.80646967
189442,26.34347359
189482,11.63585284
189542,8.464116755
189581,33.07169875
189620,57.46653323
189660,62.04333614
189700,59.89441407
189740,57.93219258
189779,46.00253755
189819,57.48012505
189860,59.45187914
189900,57.42630685
189940,52.05423614
189981,50.3617652
190022,49.97003068
190062,51.38638234
190102,59.66779414
190142,63.05284727
190182,60.68577913
190222,59.88569216
190262,58.53274968
190302,56.03590628
190342,46.76116766
190382,45.19635732
190422,32.70558228
190462,39.23218481
190502,41.51211497
190542,35.41438964
190582,45.7396745
190622,53.09342178
190680,51.77256447
190719,46.45680593
190759,55.57317578
190799,62.45636894
190840,61.17578465
190880,59.2247589
190920,59.80729468
190961,58.93197135
191001,53.52574666
191042,38.02362792
191080,30.22808189
191120,9.525156901
191161,36.86435609
191200,49.41938923
191242,57.64647236
191282,60.54846422
191322,54.46034885
191362,42.00004236
191400,27.13678946
191442,39.76941917
191483,47.92217544
191522,45.72769025
191562,57.90153648
191602,51.14998479
191642,44.14788674
191682,36.00329002
191720,46.11144567
191782,53.0665928
191820,56.34924073
191860,52.03969933
191902,45.99651321
191921,47.53860094
191962,44.29968433
192002,35.50280712
192042,17.14743152
192082,52.48738925
192122,55.43441816
192161,58.01744068
192203,61.31446906
192243,61.12311454
192283,61.96715668
192343,59.21516282
192382,59.58291092
192423,66.53397678
192463,66.77692345
192500,64.54468084
192542,64.68411419
192582,64.02776014
192622,60.64592349
192662,59.51384746
192702,62.12667023
192742,54.44162202
192782,53.52845347
192822,59.25603757
192862,62.25765789
192901,60.52371471
192941,68.38170899
192981,63.23785092
193023,65.22390303
193063,62.39782307
193101,60.13744086
193141,57.70006792
193180,53.44832693
193220,52.97582367
193260,48.44830398
193300,42.17377546
193340,35.63182479
193380,49.68459828
193440,55.6800467
193479,45.60584174
193519,42.77500456
193560,35.41535298
193600,47.05274422
193640,56.02335897
193680,56.46802247
193720,55.44750287
193760,55.25479518
193800,53.23161767
193839,49.79711825
193879,46.88232446
193920,38.89022674
193960,32.27613148
194000,51.63924515
194040,56.64010428
194080,62.05836357
194120,65.77944802
194160,65.14250485
194200,64.87057415
194240,59.76711879
194280,51.78072667
194320,40.10970356
194360,25.66206588
194400,9.702098506
194440,12.36100134
194480,7.544950874
194520,14.32618589
194580,38.83343949
194619,39.63658703
194659,26.62472184
194699,34.21072631
194739,48.86870192
194779,50.12449939
194819,51.05454798
194859,52.14954559
194899,55.97948481
194940,54.71829083
194979,54.06994088
195019,54.15760346
195062,51.60806341
195102,52.32216623
195140,52.301982
195181,49.17785246
195220,55.75807444
195261,60.19468649
195301,63.28955007
195340,57.02991871
195380,56.99072882
195420,58.20571075
195462,56.8135433
195500,57.56463003
195540,50.73756969
195580,56.75234898
195620,60.410486
195680,59.9623712
195719,67.7276608
195760,67.69412195
195800,67.24403522
195840,61.56098263
195880,62.92422377
195920,64.82061431
195960,58.2015965
196000,56.13969884
196040,56.37367981
196080,61.05902866
196120,57.79816613
196160,57.08098304
196200,58.06148731
196241,60.06099041
196280,60.57614772
196320,55.78986411
196360,63.86890473
196400,63.97600318
196440,64.68781157
196480,62.4736708
196522,63.58933813
196562,62.78445988
196602,63.11357533
196642,61.60045706
196680,60.10064898
196720,59.31034768
196760,57.79812367
196800,59.06697801
196840,55.87164777
196880,52.76623757
196920,44.38087169
196961,51.90383602
197001,56.7507919
197042,63.2687044
197082,62.09216272
197120,57.87949998
197160,54.76063746
197200,59.70558314
197241,55.84127021
197280,55.28945169
197320,56.44164106
197380,57.14983821
197420,61.90533511
197460,61.86428705
197501,59.44712305
197540,53.51986573
197579,52.31644197
197620,54.49098671
197660,51.4315314
197700,56.12638492
197740,54.7800808
197780,43.44132287
197820,36.58307604
197860,41.63035304
197900,56.05000818
197940,60.32614951
197980,63.03196193
198020,60.48371744
198060,49.02576546
198100,53.03626092
198141,53.66727095
198180,51.06156232
198220,52.20631387
198260,53.96629022
198300,54.3619936
198340,51.02047025
198381,39.81014792
198421,37.26611429
198480,58.28202541
198520,56.10621938
198560,53.979055
198600,40.6855228
198640,40.11727153
198680,43.38124167
198720,46.34974268
198760,58.4150054
198800,61.35529596
198840,57.74895805
198880,52.1251588
198920,49.98860079
198960,52.09798489
199000,55.85145298
199040,63.68452409
199080,65.97357607
199120,58.68324565
199160,48.6169537
199201,57.73644627
199240,58.19748167
199280,50.2011179
199320,41.00934301
199360,31.83035852
199401,54.40384616
199441,52.48820248
199481,50.93638774
199520,54.39694875
199561,51.40358359
199619,55.76256916
199660,61.11660935
199700,57.90624368
199740,52.18493528
199780,52.11792117
199819,49.97885065
199859,53.10383218
199899,52.4007776
199939,53.25485545
199979,60.09305472
200019,60.46350383
200059,58.83181963
200099,60.92375019
200139,65.84274317
200179,63.48868281
200219,64.30016191
200259,67.01593034
200299,61.38579668
200339,61.22415715
200379,69.11236003
200419,70.61888619
200459,70.09451322
200499,71.23236048
200539,69.35955374
200579,63.79711173
200619,68.25873022
200659,68.27906088
200700,68.07501498
200739,66.07666347
200780,66.87634586
200819,67.05968073
200860,63.39859695
200900,58.2408319
200940,62.75459185
200980,63.80032125
201019,61.60956456
201059,56.91333575
201099,53.92519085
201139,48.09434053
201179,46.70328923
201219,45.51870057
201279,43.99476223
201319,45.56581412
201359,52.25680181
201399,43.12347465
201439,42.01497392
201479,34.71188208
201519,21.6491687
201559,8.08830168
201599,7.859967834
201639,8.412029961
201679,6.164215895
201719,6.656877593
201759,8.318098068
201799,6.645874167
201840,45.1914978
201880,46.25386488
201920,33.0007335
201960,17.255133
202000,44.99836809
202040,48.00940077
202080,37.89650619
202120,45.5005013
202160,53.66462237
202200,58.05478563
202240,59.132373
202280,54.64024883
202320,52.1459861
202379,48.80437532
202419,52.31146749
202460,61.29517392
202499,56.9753135
202539,52.72625317
202580,53.23088162
202620,53.17063545
202660,56.022061
202700,62.30145825
202739,66.253242
202779,64.77274952
202819,65.6843676
202860,61.89339719
202899,59.10965504
202940,63.40021425
202980,63.43969189
203019,54.39204069
203060,59.07860275
203100,58.85230438
203140,60.74416072